<?xml version="1.0" encoding="UTF-8"?>
<!DOCTYPE hibernate-reverse-engineering SYSTEM "http://hibernate.org/dtd/hibernate-reverse-engineering-3.0.dtd" >
<hibernate-reverse-engineering>

    <!-- schema-selection -->
    <schema-selection match-schema="auth" />

    <!-- Any specific type mappings -->
    <type-mapping>
        <sql-type jdbc-type="INTEGER" hibernate-type="Integer" />
        <sql-type jdbc-type="BIGINT" hibernate-type="Long" />
        <sql-type jdbc-type="CHAR" hibernate-type="String" />
    </type-mapping>

    <!-- Any table exclusions -->
    <table-filter match-name="databasechange.*" exclude="true" />
    <table-filter match-name="validation_rule" exclude="true" />
    <table-filter match-name="eventq.*" exclude="true" />

    <!-- OPTIONAL table filter to specify table rename or auditable flag. -->
    <table-filter match-name="lnk_role_lob_permit" exclude="false"> 
        <meta attribute="isAuditable">false</meta>
        <meta attribute="tableRename">LnkRoleLobPermit:RoleLobPermit</meta>
    </table-filter>
    <table-filter match-name="user_basic" exclude="false">
        <meta attribute="isAuditable">false</meta>
    </table-filter>
    <table-filter match-name="user_login" exclude="false"> 
        <meta attribute="isAuditable">false</meta>
    </table-filter>

    <!-- REQUIRED specify to include rest of the tables -->
    <table-filter match-name=".*" exclude="false" />

    <!-- Table specifications. Need to specify only if you need to override default generation. --> 
    <table name="sec_department">
        <foreign-key constraint-name="sec_department_fk_1"
            foreign-table="com.ssnc.health.mworx.services.auth.model.SecCompany">
            <column-ref local-column="companyId" foreign-column="companyId" />
            <many-to-one property="secCompany" exclude="false" />
            <set property="secDepartments" cascade="all" />
        </foreign-key>
    </table>
    <table name="user_login">
        <foreign-key constraint-name="user_login_fk_1"
            foreign-table="com.ssnc.health.mworx.services.auth.model.UserBasic">
            <column-ref local-column="userId" foreign-column="userId" />
            <many-to-one property="userBasic" exclude="false" />
            <set property="userLogins" cascade="all-delete-orphan" />
        </foreign-key>
    </table>
    <table name="user_contact">
        <foreign-key constraint-name="user_contact_fk_1"
            foreign-table="com.ssnc.health.mworx.services.auth.model.UserBasic">
            <column-ref local-column="userId" foreign-column="userId" />
            <many-to-one property="userBasic" exclude="false" />
            <set property="userContacts" cascade="all-delete-orphan" />
        </foreign-key>
    </table>
    <table name="lnk_role_lob_permit">
        <foreign-key constraint-name="lnk_role_lob_permit_fk_1"
            foreign-table="com.ssnc.health.mworx.services.auth.model.SecRole">
            <column-ref local-column="roleId" foreign-column="roleId" />
            <many-to-one property="secRole" exclude="false" />
            <set property="roleLobPermits" cascade="all" />
        </foreign-key>
    </table>

</hibernate-reverse-engineering>