<?xml version="1.0" encoding="UTF-8"?>
<databaseChangeLog
	xmlns:xsi="http://www.w3.org/2001/XMLSchema-instance"
	xmlns:ext="http://www.liquibase.org/xml/ns/dbchangelog-ext"
	xmlns="http://www.liquibase.org/xml/ns/dbchangelog"
	xsi:schemaLocation="http://www.liquibase.org/xml/ns/dbchangelog http://www.liquibase.org/xml/ns/dbchangelog/dbchangelog-3.1.xsd
        http://www.liquibase.org/xml/ns/dbchangelog-ext http://www.liquibase.org/xml/ns/dbchangelog/dbchangelog-ext.xsd">
	<changeSet id="MX-10028-1" author="dt64106">
		<comment>Sequence for LNK_SEC_PERMIT</comment>
		<createSequence sequenceName="LNK_SEC_PERMIT_SEQ"
			incrementBy="1" minValue="1" startValue="1" />
	</changeSet>
	<changeSet id="MX-10028-2" author="dt64106">
		<comment>create table to link sec permit together</comment>
		<createTable tableName="LNK_SEC_PERMIT">
			<column name="LNKSECPERMIT_ID" type="BIGINT"
				defaultValueSequenceNext="LNK_SEC_PERMIT_SEQ">
				remarks="primary key">
				<constraints primaryKey="true" nullable="false"
					primaryKeyName="PK_LNK_SEC_PERMIT" />
			</column>
			<column name="PERMIT_ID" type="BIGINT">
				<constraints
					foreignKeyName="LNK_SEC_PERMIT_SEC_PERMIT_FK"
					referencedTableName="SEC_PERMIT" referencedColumnNames="PERMIT_ID" />
			</column>
			<column name="IMPLICIT_PERMIT_ID" type="BIGINT">
				<constraints
					foreignKeyName="LNK_SEC_PERMIT_IMPLICIT_SEC_PERMIT_FK"
					referencedTableName="SEC_PERMIT" referencedColumnNames="PERMIT_ID" />
			</column>
			<column name="CREATED" type="TIMESTAMP" />
			<column name="CREATEBY" type="INT" />
			<column name="UPDATED" type="TIMESTAMP" />
			<column name="UPDATEBY" type="INT" />
		</createTable>
	</changeSet>
	<changeSet id="MX-10028-3" author="dt64106">
		<comment>Associate AGE_UPDATE PERMISSIONS</comment>
		<insert tableName="LNK_SEC_PERMIT">

			<column name="PERMIT_ID"
				valueComputed="(select permit_id from sec_permit where permit_primary='AGE' and permit_secondary='UPDATE')" />
			<column name="IMPLICIT_PERMIT_ID"
				valueComputed="(select permit_id from sec_permit where permit_primary='AGE' and permit_secondary='VIEW')" />
			<column name="CREATED" valueDate="CURRENT_DATE" />
			<column name="CREATEBY"
				valueComputed="(SELECT USER_ID FROM USER_BASIC WHERE USERNAME='root')" />
			<column name="UPDATED" valueDate="CURRENT_DATE" />
			<column name="UPDATEBY"
				valueComputed="(SELECT USER_ID FROM USER_BASIC WHERE USERNAME='root')" />
		</insert>
	</changeSet>
	<changeSet id="MX-10028-4" author="dt64106">
		<comment>Associate CORRESPONDENCE_LETTER PERMISSIONS</comment>
		<insert tableName="LNK_SEC_PERMIT">

			<column name="PERMIT_ID"
				valueComputed="(select permit_id from sec_permit where permit_primary='CORRESPONDENCE_LETTER' and permit_secondary='UPDATE')" />
			<column name="IMPLICIT_PERMIT_ID"
				valueComputed="(select permit_id from sec_permit where permit_primary='CORRESPONDENCE_LETTER' and permit_secondary='VIEW')" />
			<column name="CREATED" valueDate="CURRENT_DATE" />
			<column name="CREATEBY"
				valueComputed="(SELECT USER_ID FROM USER_BASIC WHERE USERNAME='root')" />
			<column name="UPDATED" valueDate="CURRENT_DATE" />
			<column name="UPDATEBY"
				valueComputed="(SELECT USER_ID FROM USER_BASIC WHERE USERNAME='root')" />
		</insert>
	</changeSet>
	<changeSet id="MX-10028-5" author="dt64106">
		<comment>Associate DATESPAN PERMISSIONS</comment>
		<insert tableName="LNK_SEC_PERMIT">

			<column name="PERMIT_ID"
				valueComputed="(select permit_id from sec_permit where permit_primary='DATESPAN' and permit_secondary='UPDATE')" />
			<column name="IMPLICIT_PERMIT_ID"
				valueComputed="(select permit_id from sec_permit where permit_primary='DATESPAN' and permit_secondary='VIEW')" />
			<column name="CREATED" valueDate="CURRENT_DATE" />
			<column name="CREATEBY"
				valueComputed="(SELECT USER_ID FROM USER_BASIC WHERE USERNAME='root')" />
			<column name="UPDATED" valueDate="CURRENT_DATE" />
			<column name="UPDATEBY"
				valueComputed="(SELECT USER_ID FROM USER_BASIC WHERE USERNAME='root')" />
		</insert>
	</changeSet>
	<changeSet id="MX-10028-6" author="dt64106">
		<comment>Associate ENROLLMENT PERMISSIONS</comment>
		<insert tableName="LNK_SEC_PERMIT">

			<column name="PERMIT_ID"
				valueComputed="(select permit_id from sec_permit where permit_primary='ENROLLMENT' and permit_secondary='UPDATE')" />
			<column name="IMPLICIT_PERMIT_ID"
				valueComputed="(select permit_id from sec_permit where permit_primary='ENROLLMENT' and permit_secondary='VIEW')" />
			<column name="CREATED" valueDate="CURRENT_DATE" />
			<column name="CREATEBY"
				valueComputed="(SELECT USER_ID FROM USER_BASIC WHERE USERNAME='root')" />
			<column name="UPDATED" valueDate="CURRENT_DATE" />
			<column name="UPDATEBY"
				valueComputed="(SELECT USER_ID FROM USER_BASIC WHERE USERNAME='root')" />
		</insert>
	</changeSet>
	<changeSet id="MX-10028-7" author="dt64106">
		<comment>Associate MEMBERSHIP_FILTER PERMISSIONS</comment>
		<insert tableName="LNK_SEC_PERMIT">

			<column name="PERMIT_ID"
				valueComputed="(select permit_id from sec_permit where permit_primary='MEMBERSHIP_FILTER' and permit_secondary='UPDATE')" />
			<column name="IMPLICIT_PERMIT_ID"
				valueComputed="(select permit_id from sec_permit where permit_primary='MEMBERSHIP_FILTER' and permit_secondary='VIEW')" />
			<column name="CREATED" valueDate="CURRENT_DATE" />
			<column name="CREATEBY"
				valueComputed="(SELECT USER_ID FROM USER_BASIC WHERE USERNAME='root')" />
			<column name="UPDATED" valueDate="CURRENT_DATE" />
			<column name="UPDATEBY"
				valueComputed="(SELECT USER_ID FROM USER_BASIC WHERE USERNAME='root')" />
		</insert>
	</changeSet>

	<changeSet id="MX-10028-8" author="dt64106">
		<comment>Associate MEMBERSHIP_FILTER PERMISSIONS</comment>
		<insert tableName="LNK_SEC_PERMIT">

			<column name="PERMIT_ID"
				valueComputed="(select permit_id from sec_permit where permit_primary='MEMBERSHIP_FILTER' and permit_secondary='UPDATE')" />
			<column name="IMPLICIT_PERMIT_ID"
				valueComputed="(select permit_id from sec_permit where permit_primary='PRODUCT' and permit_secondary='VIEW')" />
			<column name="CREATED" valueDate="CURRENT_DATE" />
			<column name="CREATEBY"
				valueComputed="(SELECT USER_ID FROM USER_BASIC WHERE USERNAME='root')" />
			<column name="UPDATED" valueDate="CURRENT_DATE" />
			<column name="UPDATEBY"
				valueComputed="(SELECT USER_ID FROM USER_BASIC WHERE USERNAME='root')" />
		</insert>

	</changeSet>
	<changeSet id="MX-10028-9" author="dt64106">
		<comment>Associate MEMBERSHIP_FILTER PERMISSIONS</comment>
		<insert tableName="LNK_SEC_PERMIT">

			<column name="PERMIT_ID"
				valueComputed="(select permit_id from sec_permit where permit_primary='MEMBERSHIP_FILTER' and permit_secondary='UPDATE')" />
			<column name="IMPLICIT_PERMIT_ID"
				valueComputed="(select permit_id from sec_permit where permit_primary='META_GROUP' and permit_secondary='VIEW')" />
			<column name="CREATED" valueDate="CURRENT_DATE" />
			<column name="CREATEBY"
				valueComputed="(SELECT USER_ID FROM USER_BASIC WHERE USERNAME='root')" />
			<column name="UPDATED" valueDate="CURRENT_DATE" />
			<column name="UPDATEBY"
				valueComputed="(SELECT USER_ID FROM USER_BASIC WHERE USERNAME='root')" />
		</insert>

	</changeSet>
	<changeSet id="MX-10028-10" author="dt64106">
		<comment>Associate MEMBERSHIP_FILTER PERMISSIONS</comment>
		<insert tableName="LNK_SEC_PERMIT">

			<column name="PERMIT_ID"
				valueComputed="(select permit_id from sec_permit where permit_primary='MEMBERSHIP_FILTER' and permit_secondary='UPDATE')" />
			<column name="IMPLICIT_PERMIT_ID"
				valueComputed="(select permit_id from sec_permit where permit_primary='META_BIZENTITY' and permit_secondary='VIEW')" />
			<column name="CREATED" valueDate="CURRENT_DATE" />
			<column name="CREATEBY"
				valueComputed="(SELECT USER_ID FROM USER_BASIC WHERE USERNAME='root')" />
			<column name="UPDATED" valueDate="CURRENT_DATE" />
			<column name="UPDATEBY"
				valueComputed="(SELECT USER_ID FROM USER_BASIC WHERE USERNAME='root')" />
		</insert>
	</changeSet>
	<changeSet id="MX-10028-11" author="dt64106">
		<comment>Associate MEMBERSHIP_FILTER PERMISSIONS</comment>
		<insert tableName="LNK_SEC_PERMIT">

			<column name="PERMIT_ID"
				valueComputed="(select permit_id from sec_permit where permit_primary='MEMBERSHIP_FILTER' and permit_secondary='VIEW')" />
			<column name="IMPLICIT_PERMIT_ID"
				valueComputed="(select permit_id from sec_permit where permit_primary='PRODUCT' and permit_secondary='VIEW')" />
			<column name="CREATED" valueDate="CURRENT_DATE" />
			<column name="CREATEBY"
				valueComputed="(SELECT USER_ID FROM USER_BASIC WHERE USERNAME='root')" />
			<column name="UPDATED" valueDate="CURRENT_DATE" />
			<column name="UPDATEBY"
				valueComputed="(SELECT USER_ID FROM USER_BASIC WHERE USERNAME='root')" />
		</insert>

	</changeSet>
	<changeSet id="MX-10028-12" author="dt64106">
		<comment>Associate MEMBERSHIP_FILTER PERMISSIONS</comment>
		<insert tableName="LNK_SEC_PERMIT">

			<column name="PERMIT_ID"
				valueComputed="(select permit_id from sec_permit where permit_primary='MEMBERSHIP_FILTER' and permit_secondary='VIEW')" />
			<column name="IMPLICIT_PERMIT_ID"
				valueComputed="(select permit_id from sec_permit where permit_primary='META_GROUP' and permit_secondary='VIEW')" />
			<column name="CREATED" valueDate="CURRENT_DATE" />
			<column name="CREATEBY"
				valueComputed="(SELECT USER_ID FROM USER_BASIC WHERE USERNAME='root')" />
			<column name="UPDATED" valueDate="CURRENT_DATE" />
			<column name="UPDATEBY"
				valueComputed="(SELECT USER_ID FROM USER_BASIC WHERE USERNAME='root')" />
		</insert>

	</changeSet>
	<changeSet id="MX-10028-13" author="dt64106">
		<comment>Associate MEMBERSHIP_FILTER PERMISSIONS</comment>
		<insert tableName="LNK_SEC_PERMIT">

			<column name="PERMIT_ID"
				valueComputed="(select permit_id from sec_permit where permit_primary='MEMBERSHIP_FILTER' and permit_secondary='VIEW')" />
			<column name="IMPLICIT_PERMIT_ID"
				valueComputed="(select permit_id from sec_permit where permit_primary='META_BIZENTITY' and permit_secondary='VIEW')" />
			<column name="CREATED" valueDate="CURRENT_DATE" />
			<column name="CREATEBY"
				valueComputed="(SELECT USER_ID FROM USER_BASIC WHERE USERNAME='root')" />
			<column name="UPDATED" valueDate="CURRENT_DATE" />
			<column name="UPDATEBY"
				valueComputed="(SELECT USER_ID FROM USER_BASIC WHERE USERNAME='root')" />
		</insert>
	</changeSet>
	<changeSet id="MX-10028-14" author="dt64106">
		<comment>Associate 	METADATA_LOB PERMISSIONS</comment>
		<insert tableName="LNK_SEC_PERMIT">

			<column name="PERMIT_ID"
				valueComputed="(select permit_id from sec_permit where permit_primary='METADATA_LOB' and permit_secondary='UPDATE')" />
			<column name="IMPLICIT_PERMIT_ID"
				valueComputed="(select permit_id from sec_permit where permit_primary='METADATA_LOB' and permit_secondary='VIEW')" />
			<column name="CREATED" valueDate="CURRENT_DATE" />
			<column name="CREATEBY"
				valueComputed="(SELECT USER_ID FROM USER_BASIC WHERE USERNAME='root')" />
			<column name="UPDATED" valueDate="CURRENT_DATE" />
			<column name="UPDATEBY"
				valueComputed="(SELECT USER_ID FROM USER_BASIC WHERE USERNAME='root')" />
		</insert>
	</changeSet>
	<changeSet id="MX-10028-16" author="dt64106">
		<comment>Associate META_ACTION PERMISSIONS</comment>
		<insert tableName="LNK_SEC_PERMIT">

			<column name="PERMIT_ID"
				valueComputed="(select permit_id from sec_permit where permit_primary='META_ACTION' and permit_secondary='UPDATE')" />
			<column name="IMPLICIT_PERMIT_ID"
				valueComputed="(select permit_id from sec_permit where permit_primary='META_ACTION' and permit_secondary='VIEW')" />
			<column name="CREATED" valueDate="CURRENT_DATE" />
			<column name="CREATEBY"
				valueComputed="(SELECT USER_ID FROM USER_BASIC WHERE USERNAME='root')" />
			<column name="UPDATED" valueDate="CURRENT_DATE" />
			<column name="UPDATEBY"
				valueComputed="(SELECT USER_ID FROM USER_BASIC WHERE USERNAME='root')" />
		</insert>
	</changeSet>
	<changeSet id="MX-10028-17" author="dt64106">
		<comment>Associate 	META_ATTRIBUTE PERMISSIONS</comment>
		<insert tableName="LNK_SEC_PERMIT">

			<column name="PERMIT_ID"
				valueComputed="(select permit_id from sec_permit where permit_primary='META_ATTRIBUTE' and permit_secondary='UPDATE')" />
			<column name="IMPLICIT_PERMIT_ID"
				valueComputed="(select permit_id from sec_permit where permit_primary='META_ATTRIBUTE' and permit_secondary='VIEW')" />
			<column name="CREATED" valueDate="CURRENT_DATE" />
			<column name="CREATEBY"
				valueComputed="(SELECT USER_ID FROM USER_BASIC WHERE USERNAME='root')" />
			<column name="UPDATED" valueDate="CURRENT_DATE" />
			<column name="UPDATEBY"
				valueComputed="(SELECT USER_ID FROM USER_BASIC WHERE USERNAME='root')" />
		</insert>
	</changeSet>
	<changeSet id="MX-10028-18" author="dt64106">
		<comment>Associate 	META_BANK PERMISSIONS</comment>
		<insert tableName="LNK_SEC_PERMIT">

			<column name="PERMIT_ID"
				valueComputed="(select permit_id from sec_permit where permit_primary='META_BANK' and permit_secondary='UPDATE')" />
			<column name="IMPLICIT_PERMIT_ID"
				valueComputed="(select permit_id from sec_permit where permit_primary='META_BANK' and permit_secondary='VIEW')" />
			<column name="CREATED" valueDate="CURRENT_DATE" />
			<column name="CREATEBY"
				valueComputed="(SELECT USER_ID FROM USER_BASIC WHERE USERNAME='root')" />
			<column name="UPDATED" valueDate="CURRENT_DATE" />
			<column name="UPDATEBY"
				valueComputed="(SELECT USER_ID FROM USER_BASIC WHERE USERNAME='root')" />
		</insert>
	</changeSet>
	<changeSet id="MX-10028-19" author="dt64106">
		<comment>Associate 	META_BIZENTITY PERMISSIONS</comment>
		<insert tableName="LNK_SEC_PERMIT">

			<column name="PERMIT_ID"
				valueComputed="(select permit_id from sec_permit where permit_primary='META_BIZENTITY' and permit_secondary='UPDATE')" />
			<column name="IMPLICIT_PERMIT_ID"
				valueComputed="(select permit_id from sec_permit where permit_primary='META_BIZENTITY' and permit_secondary='VIEW')" />
			<column name="CREATED" valueDate="CURRENT_DATE" />
			<column name="CREATEBY"
				valueComputed="(SELECT USER_ID FROM USER_BASIC WHERE USERNAME='root')" />
			<column name="UPDATED" valueDate="CURRENT_DATE" />
			<column name="UPDATEBY"
				valueComputed="(SELECT USER_ID FROM USER_BASIC WHERE USERNAME='root')" />
		</insert>
	</changeSet>
	<changeSet id="MX-10028-20" author="dt64106">
		<comment>Associate 	META_EVENT PERMISSIONS</comment>
		<insert tableName="LNK_SEC_PERMIT">

			<column name="PERMIT_ID"
				valueComputed="(select permit_id from sec_permit where permit_primary='META_EVENT' and permit_secondary='UPDATE')" />
			<column name="IMPLICIT_PERMIT_ID"
				valueComputed="(select permit_id from sec_permit where permit_primary='META_EVENT' and permit_secondary='VIEW')" />
			<column name="CREATED" valueDate="CURRENT_DATE" />
			<column name="CREATEBY"
				valueComputed="(SELECT USER_ID FROM USER_BASIC WHERE USERNAME='root')" />
			<column name="UPDATED" valueDate="CURRENT_DATE" />
			<column name="UPDATEBY"
				valueComputed="(SELECT USER_ID FROM USER_BASIC WHERE USERNAME='root')" />
		</insert>
	</changeSet>
	<changeSet id="MX-10028-21" author="dt64106">
		<comment>Associate 	META_GROUP PERMISSIONS</comment>
		<insert tableName="LNK_SEC_PERMIT">

			<column name="PERMIT_ID"
				valueComputed="(select permit_id from sec_permit where permit_primary='META_GROUP' and permit_secondary='UPDATE')" />
			<column name="IMPLICIT_PERMIT_ID"
				valueComputed="(select permit_id from sec_permit where permit_primary='META_GROUP' and permit_secondary='VIEW')" />
			<column name="CREATED" valueDate="CURRENT_DATE" />
			<column name="CREATEBY"
				valueComputed="(SELECT USER_ID FROM USER_BASIC WHERE USERNAME='root')" />
			<column name="UPDATED" valueDate="CURRENT_DATE" />
			<column name="UPDATEBY"
				valueComputed="(SELECT USER_ID FROM USER_BASIC WHERE USERNAME='root')" />
		</insert>
	</changeSet>
	<changeSet id="MX-10028-22" author="dt64106">
		<comment>Associate 	META_GROUP PERMISSIONS</comment>
		<insert tableName="LNK_SEC_PERMIT">

			<column name="PERMIT_ID"
				valueComputed="(select permit_id from sec_permit where permit_primary='META_GROUP' and permit_secondary='UPDATE')" />
			<column name="IMPLICIT_PERMIT_ID"
				valueComputed="(select permit_id from sec_permit where permit_primary='META_LIST' and permit_secondary='VIEW')" />
			<column name="CREATED" valueDate="CURRENT_DATE" />
			<column name="CREATEBY"
				valueComputed="(SELECT USER_ID FROM USER_BASIC WHERE USERNAME='root')" />
			<column name="UPDATED" valueDate="CURRENT_DATE" />
			<column name="UPDATEBY"
				valueComputed="(SELECT USER_ID FROM USER_BASIC WHERE USERNAME='root')" />
		</insert>
	</changeSet>
	<changeSet id="MX-10028-23" author="dt64106">
		<comment>Associate 	META_GROUP PERMISSIONS</comment>
		<insert tableName="LNK_SEC_PERMIT">

			<column name="PERMIT_ID"
				valueComputed="(select permit_id from sec_permit where permit_primary='META_GROUP' and permit_secondary='UPDATE')" />
			<column name="IMPLICIT_PERMIT_ID"
				valueComputed="(select permit_id from sec_permit where permit_primary='META_PROVIDER' and permit_secondary='VIEW')" />
			<column name="CREATED" valueDate="CURRENT_DATE" />
			<column name="CREATEBY"
				valueComputed="(SELECT USER_ID FROM USER_BASIC WHERE USERNAME='root')" />
			<column name="UPDATED" valueDate="CURRENT_DATE" />
			<column name="UPDATEBY"
				valueComputed="(SELECT USER_ID FROM USER_BASIC WHERE USERNAME='root')" />
		</insert>
	</changeSet>
	<changeSet id="MX-10028-24" author="dt64106">
		<comment>Associate 	META_GROUP PERMISSIONS</comment>
		<insert tableName="LNK_SEC_PERMIT">

			<column name="PERMIT_ID"
				valueComputed="(select permit_id from sec_permit where permit_primary='META_GROUP' and permit_secondary='UPDATE')" />
			<column name="IMPLICIT_PERMIT_ID"
				valueComputed="(select permit_id from sec_permit where permit_primary='META_BIZENTITY' and permit_secondary='VIEW')" />
			<column name="CREATED" valueDate="CURRENT_DATE" />
			<column name="CREATEBY"
				valueComputed="(SELECT USER_ID FROM USER_BASIC WHERE USERNAME='root')" />
			<column name="UPDATED" valueDate="CURRENT_DATE" />
			<column name="UPDATEBY"
				valueComputed="(SELECT USER_ID FROM USER_BASIC WHERE USERNAME='root')" />
		</insert>
	</changeSet>
	<changeSet id="MX-10028-25" author="dt64106">
		<comment>Associate 	META_GROUP PERMISSIONS</comment>
		<insert tableName="LNK_SEC_PERMIT">

			<column name="PERMIT_ID"
				valueComputed="(select permit_id from sec_permit where permit_primary='META_GROUP' and permit_secondary='UPDATE')" />
			<column name="IMPLICIT_PERMIT_ID"
				valueComputed="(select permit_id from sec_permit where permit_primary='AGE' and permit_secondary='VIEW')" />
			<column name="CREATED" valueDate="CURRENT_DATE" />
			<column name="CREATEBY"
				valueComputed="(SELECT USER_ID FROM USER_BASIC WHERE USERNAME='root')" />
			<column name="UPDATED" valueDate="CURRENT_DATE" />
			<column name="UPDATEBY"
				valueComputed="(SELECT USER_ID FROM USER_BASIC WHERE USERNAME='root')" />
		</insert>
	</changeSet>
	<changeSet id="MX-10028-26" author="dt64106">
		<comment>Associate 	META_GROUP PERMISSIONS</comment>
		<insert tableName="LNK_SEC_PERMIT">

			<column name="PERMIT_ID"
				valueComputed="(select permit_id from sec_permit where permit_primary='META_GROUP' and permit_secondary='UPDATE')" />
			<column name="IMPLICIT_PERMIT_ID"
				valueComputed="(select permit_id from sec_permit where permit_primary='TIER' and permit_secondary='VIEW')" />
			<column name="CREATED" valueDate="CURRENT_DATE" />
			<column name="CREATEBY"
				valueComputed="(SELECT USER_ID FROM USER_BASIC WHERE USERNAME='root')" />
			<column name="UPDATED" valueDate="CURRENT_DATE" />
			<column name="UPDATEBY"
				valueComputed="(SELECT USER_ID FROM USER_BASIC WHERE USERNAME='root')" />
		</insert>
	</changeSet>
	<changeSet id="MX-10028-27" author="dt64106">
		<comment>Associate 	META_GROUP PERMISSIONS</comment>
		<insert tableName="LNK_SEC_PERMIT">

			<column name="PERMIT_ID"
				valueComputed="(select permit_id from sec_permit where permit_primary='META_GROUP' and permit_secondary='UPDATE')" />
			<column name="IMPLICIT_PERMIT_ID"
				valueComputed="(select permit_id from sec_permit where permit_primary='NEWHIRE' and permit_secondary='VIEW')" />
			<column name="CREATED" valueDate="CURRENT_DATE" />
			<column name="CREATEBY"
				valueComputed="(SELECT USER_ID FROM USER_BASIC WHERE USERNAME='root')" />
			<column name="UPDATED" valueDate="CURRENT_DATE" />
			<column name="UPDATEBY"
				valueComputed="(SELECT USER_ID FROM USER_BASIC WHERE USERNAME='root')" />
		</insert>
	</changeSet>
	<changeSet id="MX-10028-28" author="dt64106">
		<comment>Associate 	META_GROUP PERMISSIONS</comment>
		<insert tableName="LNK_SEC_PERMIT">

			<column name="PERMIT_ID"
				valueComputed="(select permit_id from sec_permit where permit_primary='META_GROUP' and permit_secondary='VIEW')" />
			<column name="IMPLICIT_PERMIT_ID"
				valueComputed="(select permit_id from sec_permit where permit_primary='META_LIST' and permit_secondary='VIEW')" />
			<column name="CREATED" valueDate="CURRENT_DATE" />
			<column name="CREATEBY"
				valueComputed="(SELECT USER_ID FROM USER_BASIC WHERE USERNAME='root')" />
			<column name="UPDATED" valueDate="CURRENT_DATE" />
			<column name="UPDATEBY"
				valueComputed="(SELECT USER_ID FROM USER_BASIC WHERE USERNAME='root')" />
		</insert>
	</changeSet>
	<changeSet id="MX-10028-29" author="dt64106">
		<comment>Associate 	META_GROUP PERMISSIONS</comment>
		<insert tableName="LNK_SEC_PERMIT">

			<column name="PERMIT_ID"
				valueComputed="(select permit_id from sec_permit where permit_primary='META_GROUP' and permit_secondary='VIEW')" />
			<column name="IMPLICIT_PERMIT_ID"
				valueComputed="(select permit_id from sec_permit where permit_primary='META_PROVIDER' and permit_secondary='VIEW')" />
			<column name="CREATED" valueDate="CURRENT_DATE" />
			<column name="CREATEBY"
				valueComputed="(SELECT USER_ID FROM USER_BASIC WHERE USERNAME='root')" />
			<column name="UPDATED" valueDate="CURRENT_DATE" />
			<column name="UPDATEBY"
				valueComputed="(SELECT USER_ID FROM USER_BASIC WHERE USERNAME='root')" />
		</insert>
	</changeSet>
	<changeSet id="MX-10028-30" author="dt64106">
		<comment>Associate 	META_GROUP PERMISSIONS</comment>
		<insert tableName="LNK_SEC_PERMIT">

			<column name="PERMIT_ID"
				valueComputed="(select permit_id from sec_permit where permit_primary='META_GROUP' and permit_secondary='VIEW')" />
			<column name="IMPLICIT_PERMIT_ID"
				valueComputed="(select permit_id from sec_permit where permit_primary='META_BIZENTITY' and permit_secondary='VIEW')" />
			<column name="CREATED" valueDate="CURRENT_DATE" />
			<column name="CREATEBY"
				valueComputed="(SELECT USER_ID FROM USER_BASIC WHERE USERNAME='root')" />
			<column name="UPDATED" valueDate="CURRENT_DATE" />
			<column name="UPDATEBY"
				valueComputed="(SELECT USER_ID FROM USER_BASIC WHERE USERNAME='root')" />
		</insert>
	</changeSet>
	<changeSet id="MX-10028-31" author="dt64106">
		<comment>Associate 	META_GROUP PERMISSIONS</comment>
		<insert tableName="LNK_SEC_PERMIT">

			<column name="PERMIT_ID"
				valueComputed="(select permit_id from sec_permit where permit_primary='META_GROUP' and permit_secondary='VIEW')" />
			<column name="IMPLICIT_PERMIT_ID"
				valueComputed="(select permit_id from sec_permit where permit_primary='AGE' and permit_secondary='VIEW')" />
			<column name="CREATED" valueDate="CURRENT_DATE" />
			<column name="CREATEBY"
				valueComputed="(SELECT USER_ID FROM USER_BASIC WHERE USERNAME='root')" />
			<column name="UPDATED" valueDate="CURRENT_DATE" />
			<column name="UPDATEBY"
				valueComputed="(SELECT USER_ID FROM USER_BASIC WHERE USERNAME='root')" />
		</insert>
	</changeSet>
	<changeSet id="MX-10028-32" author="dt64106">
		<comment>Associate 	META_GROUP PERMISSIONS</comment>
		<insert tableName="LNK_SEC_PERMIT">

			<column name="PERMIT_ID"
				valueComputed="(select permit_id from sec_permit where permit_primary='META_GROUP' and permit_secondary='VIEW')" />
			<column name="IMPLICIT_PERMIT_ID"
				valueComputed="(select permit_id from sec_permit where permit_primary='TIER' and permit_secondary='VIEW')" />
			<column name="CREATED" valueDate="CURRENT_DATE" />
			<column name="CREATEBY"
				valueComputed="(SELECT USER_ID FROM USER_BASIC WHERE USERNAME='root')" />
			<column name="UPDATED" valueDate="CURRENT_DATE" />
			<column name="UPDATEBY"
				valueComputed="(SELECT USER_ID FROM USER_BASIC WHERE USERNAME='root')" />
		</insert>
	</changeSet>
	<changeSet id="MX-10028-33" author="dt64106">
		<comment>Associate 	META_GROUP PERMISSIONS</comment>
		<insert tableName="LNK_SEC_PERMIT">

			<column name="PERMIT_ID"
				valueComputed="(select permit_id from sec_permit where permit_primary='META_GROUP' and permit_secondary='VIEW')" />
			<column name="IMPLICIT_PERMIT_ID"
				valueComputed="(select permit_id from sec_permit where permit_primary='NEWHIRE' and permit_secondary='VIEW')" />
			<column name="CREATED" valueDate="CURRENT_DATE" />
			<column name="CREATEBY"
				valueComputed="(SELECT USER_ID FROM USER_BASIC WHERE USERNAME='root')" />
			<column name="UPDATED" valueDate="CURRENT_DATE" />
			<column name="UPDATEBY"
				valueComputed="(SELECT USER_ID FROM USER_BASIC WHERE USERNAME='root')" />
		</insert>
	</changeSet>
	<changeSet id="MX-10028-34" author="dt64106">
		<comment>Associate 	META_IDGENERATOR PERMISSIONS</comment>
		<insert tableName="LNK_SEC_PERMIT">

			<column name="PERMIT_ID"
				valueComputed="(select permit_id from sec_permit where permit_primary='META_IDGENERATOR' and permit_secondary='UPDATE')" />
			<column name="IMPLICIT_PERMIT_ID"
				valueComputed="(select permit_id from sec_permit where permit_primary='META_IDGENERATOR' and permit_secondary='VIEW')" />
			<column name="CREATED" valueDate="CURRENT_DATE" />
			<column name="CREATEBY"
				valueComputed="(SELECT USER_ID FROM USER_BASIC WHERE USERNAME='root')" />
			<column name="UPDATED" valueDate="CURRENT_DATE" />
			<column name="UPDATEBY"
				valueComputed="(SELECT USER_ID FROM USER_BASIC WHERE USERNAME='root')" />
		</insert>
	</changeSet>
	<changeSet id="MX-10028-35" author="dt64106">
		<comment>Associate 	META_LETTER PERMISSIONS</comment>
		<insert tableName="LNK_SEC_PERMIT">

			<column name="PERMIT_ID"
				valueComputed="(select permit_id from sec_permit where permit_primary='META_LETTER' and permit_secondary='UPDATE')" />
			<column name="IMPLICIT_PERMIT_ID"
				valueComputed="(select permit_id from sec_permit where permit_primary='META_LETTER' and permit_secondary='VIEW')" />
			<column name="CREATED" valueDate="CURRENT_DATE" />
			<column name="CREATEBY"
				valueComputed="(SELECT USER_ID FROM USER_BASIC WHERE USERNAME='root')" />
			<column name="UPDATED" valueDate="CURRENT_DATE" />
			<column name="UPDATEBY"
				valueComputed="(SELECT USER_ID FROM USER_BASIC WHERE USERNAME='root')" />
		</insert>
	</changeSet>
	<changeSet id="MX-10028-36" author="dt64106">
		<comment>Associate 	META_LIB_BANK PERMISSIONS</comment>
		<insert tableName="LNK_SEC_PERMIT">

			<column name="PERMIT_ID"
				valueComputed="(select permit_id from sec_permit where permit_primary='META_LIB_BANK' and permit_secondary='UPDATE')" />
			<column name="IMPLICIT_PERMIT_ID"
				valueComputed="(select permit_id from sec_permit where permit_primary='META_LIB_BANK' and permit_secondary='VIEW')" />
			<column name="CREATED" valueDate="CURRENT_DATE" />
			<column name="CREATEBY"
				valueComputed="(SELECT USER_ID FROM USER_BASIC WHERE USERNAME='root')" />
			<column name="UPDATED" valueDate="CURRENT_DATE" />
			<column name="UPDATEBY"
				valueComputed="(SELECT USER_ID FROM USER_BASIC WHERE USERNAME='root')" />
		</insert>
	</changeSet>
	<changeSet id="MX-10028-37" author="dt64106">
		<comment>Associate 	META_LIST PERMISSIONS</comment>
		<insert tableName="LNK_SEC_PERMIT">

			<column name="PERMIT_ID"
				valueComputed="(select permit_id from sec_permit where permit_primary='META_LIST' and permit_secondary='UPDATE')" />
			<column name="IMPLICIT_PERMIT_ID"
				valueComputed="(select permit_id from sec_permit where permit_primary='META_LIST' and permit_secondary='VIEW')" />
			<column name="CREATED" valueDate="CURRENT_DATE" />
			<column name="CREATEBY"
				valueComputed="(SELECT USER_ID FROM USER_BASIC WHERE USERNAME='root')" />
			<column name="UPDATED" valueDate="CURRENT_DATE" />
			<column name="UPDATEBY"
				valueComputed="(SELECT USER_ID FROM USER_BASIC WHERE USERNAME='root')" />
		</insert>
	</changeSet>
	<changeSet id="MX-10028-38" author="dt64106">
		<comment>Associate 	META_LOCATION PERMISSIONS</comment>
		<insert tableName="LNK_SEC_PERMIT">

			<column name="PERMIT_ID"
				valueComputed="(select permit_id from sec_permit where permit_primary='META_LOCATION' and permit_secondary='UPDATE')" />
			<column name="IMPLICIT_PERMIT_ID"
				valueComputed="(select permit_id from sec_permit where permit_primary='META_LOCATION' and permit_secondary='VIEW')" />
			<column name="CREATED" valueDate="CURRENT_DATE" />
			<column name="CREATEBY"
				valueComputed="(SELECT USER_ID FROM USER_BASIC WHERE USERNAME='root')" />
			<column name="UPDATED" valueDate="CURRENT_DATE" />
			<column name="UPDATEBY"
				valueComputed="(SELECT USER_ID FROM USER_BASIC WHERE USERNAME='root')" />
		</insert>
	</changeSet>
	<changeSet id="MX-10028-39" author="dt64106">
		<comment>Associate 	META_LOCATION PERMISSIONS</comment>
		<insert tableName="LNK_SEC_PERMIT">

			<column name="PERMIT_ID"
				valueComputed="(select permit_id from sec_permit where permit_primary='META_LOCATION' and permit_secondary='UPDATE')" />
			<column name="IMPLICIT_PERMIT_ID"
				valueComputed="(select permit_id from sec_permit where permit_primary='META_ZIP' and permit_secondary='VIEW')" />
			<column name="CREATED" valueDate="CURRENT_DATE" />
			<column name="CREATEBY"
				valueComputed="(SELECT USER_ID FROM USER_BASIC WHERE USERNAME='root')" />
			<column name="UPDATED" valueDate="CURRENT_DATE" />
			<column name="UPDATEBY"
				valueComputed="(SELECT USER_ID FROM USER_BASIC WHERE USERNAME='root')" />
		</insert>
	</changeSet>
	<changeSet id="MX-10028-40" author="dt64106">
		<comment>Associate 	META_LOCATION PERMISSIONS</comment>
		<insert tableName="LNK_SEC_PERMIT">

			<column name="PERMIT_ID"
				valueComputed="(select permit_id from sec_permit where permit_primary='META_LOCATION' and permit_secondary='VIEW')" />
			<column name="IMPLICIT_PERMIT_ID"
				valueComputed="(select permit_id from sec_permit where permit_primary='META_ZIP' and permit_secondary='VIEW')" />
			<column name="CREATED" valueDate="CURRENT_DATE" />
			<column name="CREATEBY"
				valueComputed="(SELECT USER_ID FROM USER_BASIC WHERE USERNAME='root')" />
			<column name="UPDATED" valueDate="CURRENT_DATE" />
			<column name="UPDATEBY"
				valueComputed="(SELECT USER_ID FROM USER_BASIC WHERE USERNAME='root')" />
		</insert>
	</changeSet>
	<changeSet id="MX-10028-41" author="dt64106">
		<comment>Associate 	META_PROVIDER PERMISSIONS</comment>
		<insert tableName="LNK_SEC_PERMIT">

			<column name="PERMIT_ID"
				valueComputed="(select permit_id from sec_permit where permit_primary='META_PROVIDER' and permit_secondary='UPDATE')" />
			<column name="IMPLICIT_PERMIT_ID"
				valueComputed="(select permit_id from sec_permit where permit_primary='META_PROVIDER' and permit_secondary='VIEW')" />
			<column name="CREATED" valueDate="CURRENT_DATE" />
			<column name="CREATEBY"
				valueComputed="(SELECT USER_ID FROM USER_BASIC WHERE USERNAME='root')" />
			<column name="UPDATED" valueDate="CURRENT_DATE" />
			<column name="UPDATEBY"
				valueComputed="(SELECT USER_ID FROM USER_BASIC WHERE USERNAME='root')" />
		</insert>
	</changeSet>
	<changeSet id="MX-10028-42" author="dt64106">
		<comment>Associate 	META_PROVIDER PERMISSIONS</comment>
		<insert tableName="LNK_SEC_PERMIT">

			<column name="PERMIT_ID"
				valueComputed="(select permit_id from sec_permit where permit_primary='META_PROVIDER' and permit_secondary='UPDATE')" />
			<column name="IMPLICIT_PERMIT_ID"
				valueComputed="(select permit_id from sec_permit where permit_primary='META_LIST' and permit_secondary='VIEW')" />
			<column name="CREATED" valueDate="CURRENT_DATE" />
			<column name="CREATEBY"
				valueComputed="(SELECT USER_ID FROM USER_BASIC WHERE USERNAME='root')" />
			<column name="UPDATED" valueDate="CURRENT_DATE" />
			<column name="UPDATEBY"
				valueComputed="(SELECT USER_ID FROM USER_BASIC WHERE USERNAME='root')" />
		</insert>
	</changeSet>
	<changeSet id="MX-10028-43" author="dt64106">
		<comment>Associate 	META_PROVIDER PERMISSIONS</comment>
		<insert tableName="LNK_SEC_PERMIT">

			<column name="PERMIT_ID"
				valueComputed="(select permit_id from sec_permit where permit_primary='META_PROVIDER' and permit_secondary='VIEW')" />
			<column name="IMPLICIT_PERMIT_ID"
				valueComputed="(select permit_id from sec_permit where permit_primary='META_LIST' and permit_secondary='VIEW')" />
			<column name="CREATED" valueDate="CURRENT_DATE" />
			<column name="CREATEBY"
				valueComputed="(SELECT USER_ID FROM USER_BASIC WHERE USERNAME='root')" />
			<column name="UPDATED" valueDate="CURRENT_DATE" />
			<column name="UPDATEBY"
				valueComputed="(SELECT USER_ID FROM USER_BASIC WHERE USERNAME='root')" />
		</insert>
	</changeSet>
	<changeSet id="MX-10028-44" author="dt64106">
		<comment>Associate 	META_SETTING PERMISSIONS</comment>
		<insert tableName="LNK_SEC_PERMIT">

			<column name="PERMIT_ID"
				valueComputed="(select permit_id from sec_permit where permit_primary='META_SETTING' and permit_secondary='UPDATE')" />
			<column name="IMPLICIT_PERMIT_ID"
				valueComputed="(select permit_id from sec_permit where permit_primary='META_SETTING' and permit_secondary='VIEW')" />
			<column name="CREATED" valueDate="CURRENT_DATE" />
			<column name="CREATEBY"
				valueComputed="(SELECT USER_ID FROM USER_BASIC WHERE USERNAME='root')" />
			<column name="UPDATED" valueDate="CURRENT_DATE" />
			<column name="UPDATEBY"
				valueComputed="(SELECT USER_ID FROM USER_BASIC WHERE USERNAME='root')" />
		</insert>
	</changeSet>
	<changeSet id="MX-10028-45" author="dt64106">
		<comment>Associate 	META_TP PERMISSIONS</comment>
		<insert tableName="LNK_SEC_PERMIT">

			<column name="PERMIT_ID"
				valueComputed="(select permit_id from sec_permit where permit_primary='META_TP' and permit_secondary='UPDATE')" />
			<column name="IMPLICIT_PERMIT_ID"
				valueComputed="(select permit_id from sec_permit where permit_primary='META_TP' and permit_secondary='VIEW')" />
			<column name="CREATED" valueDate="CURRENT_DATE" />
			<column name="CREATEBY"
				valueComputed="(SELECT USER_ID FROM USER_BASIC WHERE USERNAME='root')" />
			<column name="UPDATED" valueDate="CURRENT_DATE" />
			<column name="UPDATEBY"
				valueComputed="(SELECT USER_ID FROM USER_BASIC WHERE USERNAME='root')" />
		</insert>
	</changeSet>
	<changeSet id="MX-10028-45b" author="dt64106">
		<comment>Associate 	META_TP PERMISSIONS</comment>
		<insert tableName="LNK_SEC_PERMIT">

			<column name="PERMIT_ID"
				valueComputed="(select permit_id from sec_permit where permit_primary='META_TP' and permit_secondary='UPDATE')" />
			<column name="IMPLICIT_PERMIT_ID"
				valueComputed="(select permit_id from sec_permit where permit_primary='MEMBERSHIP_FILTER' and permit_secondary='VIEW')" />
			<column name="CREATED" valueDate="CURRENT_DATE" />
			<column name="CREATEBY"
				valueComputed="(SELECT USER_ID FROM USER_BASIC WHERE USERNAME='root')" />
			<column name="UPDATED" valueDate="CURRENT_DATE" />
			<column name="UPDATEBY"
				valueComputed="(SELECT USER_ID FROM USER_BASIC WHERE USERNAME='root')" />
		</insert>
	</changeSet>
	<changeSet id="MX-10028-46" author="dt64106">
		<comment>Associate 	META_TP PERMISSIONS</comment>
		<insert tableName="LNK_SEC_PERMIT">

			<column name="PERMIT_ID"
				valueComputed="(select permit_id from sec_permit where permit_primary='META_TP' and permit_secondary='VIEW')" />
			<column name="IMPLICIT_PERMIT_ID"
				valueComputed="(select permit_id from sec_permit where permit_primary='MEMBERSHIP_FILTER' and permit_secondary='VIEW')" />
			<column name="CREATED" valueDate="CURRENT_DATE" />
			<column name="CREATEBY"
				valueComputed="(SELECT USER_ID FROM USER_BASIC WHERE USERNAME='root')" />
			<column name="UPDATED" valueDate="CURRENT_DATE" />
			<column name="UPDATEBY"
				valueComputed="(SELECT USER_ID FROM USER_BASIC WHERE USERNAME='root')" />
		</insert>
	</changeSet>
	<changeSet id="MX-10028-47" author="dt64106">
		<comment>Associate 	META_ZIP PERMISSIONS</comment>
		<insert tableName="LNK_SEC_PERMIT">

			<column name="PERMIT_ID"
				valueComputed="(select permit_id from sec_permit where permit_primary='META_ZIP' and permit_secondary='UPDATE')" />
			<column name="IMPLICIT_PERMIT_ID"
				valueComputed="(select permit_id from sec_permit where permit_primary='META_ZIP' and permit_secondary='VIEW')" />
			<column name="CREATED" valueDate="CURRENT_DATE" />
			<column name="CREATEBY"
				valueComputed="(SELECT USER_ID FROM USER_BASIC WHERE USERNAME='root')" />
			<column name="UPDATED" valueDate="CURRENT_DATE" />
			<column name="UPDATEBY"
				valueComputed="(SELECT USER_ID FROM USER_BASIC WHERE USERNAME='root')" />
		</insert>
	</changeSet>
	<changeSet id="MX-10028-48" author="dt64106">
		<comment>Associate 	NEWHIRE PERMISSIONS</comment>
		<insert tableName="LNK_SEC_PERMIT">

			<column name="PERMIT_ID"
				valueComputed="(select permit_id from sec_permit where permit_primary='NEWHIRE' and permit_secondary='UPDATE')" />
			<column name="IMPLICIT_PERMIT_ID"
				valueComputed="(select permit_id from sec_permit where permit_primary='NEWHIRE' and permit_secondary='VIEW')" />
			<column name="CREATED" valueDate="CURRENT_DATE" />
			<column name="CREATEBY"
				valueComputed="(SELECT USER_ID FROM USER_BASIC WHERE USERNAME='root')" />
			<column name="UPDATED" valueDate="CURRENT_DATE" />
			<column name="UPDATEBY"
				valueComputed="(SELECT USER_ID FROM USER_BASIC WHERE USERNAME='root')" />
		</insert>
	</changeSet>
	<changeSet id="MX-10028-49" author="dt64106">
		<comment>Associate 	NEWHIRE PERMISSIONS</comment>
		<insert tableName="LNK_SEC_PERMIT">

			<column name="PERMIT_ID"
				valueComputed="(select permit_id from sec_permit where permit_primary='NEWHIRE' and permit_secondary='UPDATE')" />
			<column name="IMPLICIT_PERMIT_ID"
				valueComputed="(select permit_id from sec_permit where permit_primary='META_LIST' and permit_secondary='VIEW')" />
			<column name="CREATED" valueDate="CURRENT_DATE" />
			<column name="CREATEBY"
				valueComputed="(SELECT USER_ID FROM USER_BASIC WHERE USERNAME='root')" />
			<column name="UPDATED" valueDate="CURRENT_DATE" />
			<column name="UPDATEBY"
				valueComputed="(SELECT USER_ID FROM USER_BASIC WHERE USERNAME='root')" />
		</insert>
	</changeSet>
	<changeSet id="MX-10028-50" author="dt64106">
		<comment>Associate 	NEWHIRE PERMISSIONS</comment>
		<insert tableName="LNK_SEC_PERMIT">

			<column name="PERMIT_ID"
				valueComputed="(select permit_id from sec_permit where permit_primary='NEWHIRE' and permit_secondary='VIEW')" />
			<column name="IMPLICIT_PERMIT_ID"
				valueComputed="(select permit_id from sec_permit where permit_primary='META_LIST' and permit_secondary='VIEW')" />
			<column name="CREATED" valueDate="CURRENT_DATE" />
			<column name="CREATEBY"
				valueComputed="(SELECT USER_ID FROM USER_BASIC WHERE USERNAME='root')" />
			<column name="UPDATED" valueDate="CURRENT_DATE" />
			<column name="UPDATEBY"
				valueComputed="(SELECT USER_ID FROM USER_BASIC WHERE USERNAME='root')" />
		</insert>
	</changeSet>
	<changeSet id="MX-10028-51" author="dt64106">
		<comment>Associate 	PERIODCYCLE PERMISSIONS</comment>
		<insert tableName="LNK_SEC_PERMIT">

			<column name="PERMIT_ID"
				valueComputed="(select permit_id from sec_permit where permit_primary='PERIODCYCLE' and permit_secondary='UPDATE')" />
			<column name="IMPLICIT_PERMIT_ID"
				valueComputed="(select permit_id from sec_permit where permit_primary='PERIODCYCLE' and permit_secondary='VIEW')" />
			<column name="CREATED" valueDate="CURRENT_DATE" />
			<column name="CREATEBY"
				valueComputed="(SELECT USER_ID FROM USER_BASIC WHERE USERNAME='root')" />
			<column name="UPDATED" valueDate="CURRENT_DATE" />
			<column name="UPDATEBY"
				valueComputed="(SELECT USER_ID FROM USER_BASIC WHERE USERNAME='root')" />
		</insert>
	</changeSet>
	<changeSet id="MX-10028-52" author="dt64106">
		<comment>Associate 	PERIODCYCLE PERMISSIONS</comment>
		<insert tableName="LNK_SEC_PERMIT">

			<column name="PERMIT_ID"
				valueComputed="(select permit_id from sec_permit where permit_primary='PERIODCYCLE' and permit_secondary='UPDATE')" />
			<column name="IMPLICIT_PERMIT_ID"
				valueComputed="(select permit_id from sec_permit where permit_primary='META_LIST' and permit_secondary='VIEW')" />
			<column name="CREATED" valueDate="CURRENT_DATE" />
			<column name="CREATEBY"
				valueComputed="(SELECT USER_ID FROM USER_BASIC WHERE USERNAME='root')" />
			<column name="UPDATED" valueDate="CURRENT_DATE" />
			<column name="UPDATEBY"
				valueComputed="(SELECT USER_ID FROM USER_BASIC WHERE USERNAME='root')" />
		</insert>
	</changeSet>
	<changeSet id="MX-10028-53" author="dt64106">
		<comment>Associate 	PERIODCYCLE PERMISSIONS</comment>
		<insert tableName="LNK_SEC_PERMIT">

			<column name="PERMIT_ID"
				valueComputed="(select permit_id from sec_permit where permit_primary='PERIODCYCLE' and permit_secondary='VIEW')" />
			<column name="IMPLICIT_PERMIT_ID"
				valueComputed="(select permit_id from sec_permit where permit_primary='META_LIST' and permit_secondary='VIEW')" />
			<column name="CREATED" valueDate="CURRENT_DATE" />
			<column name="CREATEBY"
				valueComputed="(SELECT USER_ID FROM USER_BASIC WHERE USERNAME='root')" />
			<column name="UPDATED" valueDate="CURRENT_DATE" />
			<column name="UPDATEBY"
				valueComputed="(SELECT USER_ID FROM USER_BASIC WHERE USERNAME='root')" />
		</insert>
	</changeSet>
	<changeSet id="MX-10028-54" author="dt64106">
		<comment>Associate 	PERSON_VIEW PERMISSIONS</comment>
		<insert tableName="LNK_SEC_PERMIT">

			<column name="PERMIT_ID"
				valueComputed="(select permit_id from sec_permit where permit_primary='PERSON' and permit_secondary='UPDATE')" />
			<column name="IMPLICIT_PERMIT_ID"
				valueComputed="(select permit_id from sec_permit where permit_primary='PERSON' and permit_secondary='VIEW')" />
			<column name="CREATED" valueDate="CURRENT_DATE" />
			<column name="CREATEBY"
				valueComputed="(SELECT USER_ID FROM USER_BASIC WHERE USERNAME='root')" />
			<column name="UPDATED" valueDate="CURRENT_DATE" />
			<column name="UPDATEBY"
				valueComputed="(SELECT USER_ID FROM USER_BASIC WHERE USERNAME='root')" />
		</insert>
	</changeSet>
	<changeSet id="MX-10028-55" author="dt64106">
		<comment>Associate 	PERSON_VIEW PERMISSIONS</comment>
		<insert tableName="LNK_SEC_PERMIT">

			<column name="PERMIT_ID"
				valueComputed="(select permit_id from sec_permit where permit_primary='PERSON' and permit_secondary='UPDATE')" />
			<column name="IMPLICIT_PERMIT_ID"
				valueComputed="(select permit_id from sec_permit where permit_primary='META_LIST' and permit_secondary='VIEW')" />
			<column name="CREATED" valueDate="CURRENT_DATE" />
			<column name="CREATEBY"
				valueComputed="(SELECT USER_ID FROM USER_BASIC WHERE USERNAME='root')" />
			<column name="UPDATED" valueDate="CURRENT_DATE" />
			<column name="UPDATEBY"
				valueComputed="(SELECT USER_ID FROM USER_BASIC WHERE USERNAME='root')" />
		</insert>
	</changeSet>
	<changeSet id="MX-10028-56" author="dt64106">
		<comment>Associate 	PERSON_VIEW PERMISSIONS</comment>
		<insert tableName="LNK_SEC_PERMIT">

			<column name="PERMIT_ID"
				valueComputed="(select permit_id from sec_permit where permit_primary='PERSON' and permit_secondary='VIEW')" />
			<column name="IMPLICIT_PERMIT_ID"
				valueComputed="(select permit_id from sec_permit where permit_primary='META_LIST' and permit_secondary='VIEW')" />
			<column name="CREATED" valueDate="CURRENT_DATE" />
			<column name="CREATEBY"
				valueComputed="(SELECT USER_ID FROM USER_BASIC WHERE USERNAME='root')" />
			<column name="UPDATED" valueDate="CURRENT_DATE" />
			<column name="UPDATEBY"
				valueComputed="(SELECT USER_ID FROM USER_BASIC WHERE USERNAME='root')" />
		</insert>
	</changeSet>
	<changeSet id="MX-10028-57" author="dt64106">
		<comment>Associate 	PRODUCT PERMISSIONS</comment>
		<insert tableName="LNK_SEC_PERMIT">

			<column name="PERMIT_ID"
				valueComputed="(select permit_id from sec_permit where permit_primary='PRODUCT' and permit_secondary='UPDATE')" />
			<column name="IMPLICIT_PERMIT_ID"
				valueComputed="(select permit_id from sec_permit where permit_primary='PRODUCT' and permit_secondary='VIEW')" />
			<column name="CREATED" valueDate="CURRENT_DATE" />
			<column name="CREATEBY"
				valueComputed="(SELECT USER_ID FROM USER_BASIC WHERE USERNAME='root')" />
			<column name="UPDATED" valueDate="CURRENT_DATE" />
			<column name="UPDATEBY"
				valueComputed="(SELECT USER_ID FROM USER_BASIC WHERE USERNAME='root')" />
		</insert>
	</changeSet>
	<changeSet id="MX-10028-58" author="dt64106">
		<comment>Associate 	RECON PERMISSIONS</comment>
		<insert tableName="LNK_SEC_PERMIT">

			<column name="PERMIT_ID"
				valueComputed="(select permit_id from sec_permit where permit_primary='RECON' and permit_secondary='UPDATE')" />
			<column name="IMPLICIT_PERMIT_ID"
				valueComputed="(select permit_id from sec_permit where permit_primary='RECON' and permit_secondary='VIEW')" />
			<column name="CREATED" valueDate="CURRENT_DATE" />
			<column name="CREATEBY"
				valueComputed="(SELECT USER_ID FROM USER_BASIC WHERE USERNAME='root')" />
			<column name="UPDATED" valueDate="CURRENT_DATE" />
			<column name="UPDATEBY"
				valueComputed="(SELECT USER_ID FROM USER_BASIC WHERE USERNAME='root')" />
		</insert>
	</changeSet>
	<changeSet id="MX-10028-59" author="dt64106">
		<comment>Associate 	SECURITY PERMISSIONS</comment>
		<insert tableName="LNK_SEC_PERMIT">

			<column name="PERMIT_ID"
				valueComputed="(select permit_id from sec_permit where permit_primary='SECURITY' and permit_secondary='UPDATE')" />
			<column name="IMPLICIT_PERMIT_ID"
				valueComputed="(select permit_id from sec_permit where permit_primary='SECURITY' and permit_secondary='VIEW')" />
			<column name="CREATED" valueDate="CURRENT_DATE" />
			<column name="CREATEBY"
				valueComputed="(SELECT USER_ID FROM USER_BASIC WHERE USERNAME='root')" />
			<column name="UPDATED" valueDate="CURRENT_DATE" />
			<column name="UPDATEBY"
				valueComputed="(SELECT USER_ID FROM USER_BASIC WHERE USERNAME='root')" />
		</insert>
	</changeSet>
	<changeSet id="MX-10028-60" author="dt64106">
		<comment>Associate 	SECURITY PERMISSIONS</comment>
		<insert tableName="LNK_SEC_PERMIT">

			<column name="PERMIT_ID"
				valueComputed="(select permit_id from sec_permit where permit_primary='SECURITY' and permit_secondary='UPDATE')" />
			<column name="IMPLICIT_PERMIT_ID"
				valueComputed="(select permit_id from sec_permit where permit_primary='META_LIST' and permit_secondary='VIEW')" />
			<column name="CREATED" valueDate="CURRENT_DATE" />
			<column name="CREATEBY"
				valueComputed="(SELECT USER_ID FROM USER_BASIC WHERE USERNAME='root')" />
			<column name="UPDATED" valueDate="CURRENT_DATE" />
			<column name="UPDATEBY"
				valueComputed="(SELECT USER_ID FROM USER_BASIC WHERE USERNAME='root')" />
		</insert>
	</changeSet>
	<changeSet id="MX-10028-61" author="dt64106">
		<comment>Associate 	SECURITY PERMISSIONS</comment>
		<insert tableName="LNK_SEC_PERMIT">

			<column name="PERMIT_ID"
				valueComputed="(select permit_id from sec_permit where permit_primary='SECURITY' and permit_secondary='VIEW')" />
			<column name="IMPLICIT_PERMIT_ID"
				valueComputed="(select permit_id from sec_permit where permit_primary='META_LIST' and permit_secondary='VIEW')" />
			<column name="CREATED" valueDate="CURRENT_DATE" />
			<column name="CREATEBY"
				valueComputed="(SELECT USER_ID FROM USER_BASIC WHERE USERNAME='root')" />
			<column name="UPDATED" valueDate="CURRENT_DATE" />
			<column name="UPDATEBY"
				valueComputed="(SELECT USER_ID FROM USER_BASIC WHERE USERNAME='root')" />
		</insert>
	</changeSet>
	<changeSet id="MX-10028-62" author="dt64106">
		<comment>Associate 	SERVICE_AREA PERMISSIONS</comment>
		<insert tableName="LNK_SEC_PERMIT">

			<column name="PERMIT_ID"
				valueComputed="(select permit_id from sec_permit where permit_primary='SERVICE_AREA' and permit_secondary='UPDATE')" />
			<column name="IMPLICIT_PERMIT_ID"
				valueComputed="(select permit_id from sec_permit where permit_primary='SERVICE_AREA' and permit_secondary='VIEW')" />
			<column name="CREATED" valueDate="CURRENT_DATE" />
			<column name="CREATEBY"
				valueComputed="(SELECT USER_ID FROM USER_BASIC WHERE USERNAME='root')" />
			<column name="UPDATED" valueDate="CURRENT_DATE" />
			<column name="UPDATEBY"
				valueComputed="(SELECT USER_ID FROM USER_BASIC WHERE USERNAME='root')" />
		</insert>
	</changeSet>
	<changeSet id="MX-10028-63" author="dt64106">
		<comment>Associate 	STAGING_EXPORT PERMISSIONS</comment>
		<insert tableName="LNK_SEC_PERMIT">

			<column name="PERMIT_ID"
				valueComputed="(select permit_id from sec_permit where permit_primary='STAGING_EXPORT' and permit_secondary='SUBMIT')" />
			<column name="IMPLICIT_PERMIT_ID"
				valueComputed="(select permit_id from sec_permit where permit_primary='STAGING_EXPORT' and permit_secondary='VIEW')" />
			<column name="CREATED" valueDate="CURRENT_DATE" />
			<column name="CREATEBY"
				valueComputed="(SELECT USER_ID FROM USER_BASIC WHERE USERNAME='root')" />
			<column name="UPDATED" valueDate="CURRENT_DATE" />
			<column name="UPDATEBY"
				valueComputed="(SELECT USER_ID FROM USER_BASIC WHERE USERNAME='root')" />
		</insert>
	</changeSet>
	<changeSet id="MX-10028-64" author="dt64106">
		<comment>Associate 	STAGING_IMPORT PERMISSIONS</comment>
		<insert tableName="LNK_SEC_PERMIT">

			<column name="PERMIT_ID"
				valueComputed="(select permit_id from sec_permit where permit_primary='STAGING_IMPORT' and permit_secondary='SUBMIT')" />
			<column name="IMPLICIT_PERMIT_ID"
				valueComputed="(select permit_id from sec_permit where permit_primary='STAGING_IMPORT' and permit_secondary='VIEW')" />
			<column name="CREATED" valueDate="CURRENT_DATE" />
			<column name="CREATEBY"
				valueComputed="(SELECT USER_ID FROM USER_BASIC WHERE USERNAME='root')" />
			<column name="UPDATED" valueDate="CURRENT_DATE" />
			<column name="UPDATEBY"
				valueComputed="(SELECT USER_ID FROM USER_BASIC WHERE USERNAME='root')" />
		</insert>
	</changeSet>
	<changeSet id="MX-10028-65" author="dt64106">
		<comment>Associate 	TIER PERMISSIONS</comment>
		<insert tableName="LNK_SEC_PERMIT">

			<column name="PERMIT_ID"
				valueComputed="(select permit_id from sec_permit where permit_primary='TIER' and permit_secondary='UPDATE')" />
			<column name="IMPLICIT_PERMIT_ID"
				valueComputed="(select permit_id from sec_permit where permit_primary='TIER' and permit_secondary='VIEW')" />
			<column name="CREATED" valueDate="CURRENT_DATE" />
			<column name="CREATEBY"
				valueComputed="(SELECT USER_ID FROM USER_BASIC WHERE USERNAME='root')" />
			<column name="UPDATED" valueDate="CURRENT_DATE" />
			<column name="UPDATEBY"
				valueComputed="(SELECT USER_ID FROM USER_BASIC WHERE USERNAME='root')" />
		</insert>
	</changeSet>
	<changeSet id="MX-10028-66" author="dt64106">
		<comment>Associate 	TIER PERMISSIONS</comment>
		<insert tableName="LNK_SEC_PERMIT">

			<column name="PERMIT_ID"
				valueComputed="(select permit_id from sec_permit where permit_primary='TIER' and permit_secondary='UPDATE')" />
			<column name="IMPLICIT_PERMIT_ID"
				valueComputed="(select permit_id from sec_permit where permit_primary='META_LIST' and permit_secondary='VIEW')" />
			<column name="CREATED" valueDate="CURRENT_DATE" />
			<column name="CREATEBY"
				valueComputed="(SELECT USER_ID FROM USER_BASIC WHERE USERNAME='root')" />
			<column name="UPDATED" valueDate="CURRENT_DATE" />
			<column name="UPDATEBY"
				valueComputed="(SELECT USER_ID FROM USER_BASIC WHERE USERNAME='root')" />
		</insert>
	</changeSet>
	<changeSet id="MX-10028-67" author="dt64106">
		<comment>Associate 	TIER PERMISSIONS</comment>
		<insert tableName="LNK_SEC_PERMIT">

			<column name="PERMIT_ID"
				valueComputed="(select permit_id from sec_permit where permit_primary='TIER' and permit_secondary='UPDATE')" />
			<column name="IMPLICIT_PERMIT_ID"
				valueComputed="(select permit_id from sec_permit where permit_primary='AGE' and permit_secondary='VIEW')" />
			<column name="CREATED" valueDate="CURRENT_DATE" />
			<column name="CREATEBY"
				valueComputed="(SELECT USER_ID FROM USER_BASIC WHERE USERNAME='root')" />
			<column name="UPDATED" valueDate="CURRENT_DATE" />
			<column name="UPDATEBY"
				valueComputed="(SELECT USER_ID FROM USER_BASIC WHERE USERNAME='root')" />
		</insert>
	</changeSet>
	<changeSet id="MX-10028-68" author="dt64106">
		<comment>Associate 	TIER PERMISSIONS</comment>
		<insert tableName="LNK_SEC_PERMIT">

			<column name="PERMIT_ID"
				valueComputed="(select permit_id from sec_permit where permit_primary='TIER' and permit_secondary='VIEW')" />
			<column name="IMPLICIT_PERMIT_ID"
				valueComputed="(select permit_id from sec_permit where permit_primary='META_LIST' and permit_secondary='VIEW')" />
			<column name="CREATED" valueDate="CURRENT_DATE" />
			<column name="CREATEBY"
				valueComputed="(SELECT USER_ID FROM USER_BASIC WHERE USERNAME='root')" />
			<column name="UPDATED" valueDate="CURRENT_DATE" />
			<column name="UPDATEBY"
				valueComputed="(SELECT USER_ID FROM USER_BASIC WHERE USERNAME='root')" />
		</insert>
	</changeSet>
	<changeSet id="MX-10028-69" author="dt64106">
		<comment>Associate 	TIER PERMISSIONS</comment>
		<insert tableName="LNK_SEC_PERMIT">

			<column name="PERMIT_ID"
				valueComputed="(select permit_id from sec_permit where permit_primary='TIER' and permit_secondary='VIEW')" />
			<column name="IMPLICIT_PERMIT_ID"
				valueComputed="(select permit_id from sec_permit where permit_primary='AGE' and permit_secondary='VIEW')" />
			<column name="CREATED" valueDate="CURRENT_DATE" />
			<column name="CREATEBY"
				valueComputed="(SELECT USER_ID FROM USER_BASIC WHERE USERNAME='root')" />
			<column name="UPDATED" valueDate="CURRENT_DATE" />
			<column name="UPDATEBY"
				valueComputed="(SELECT USER_ID FROM USER_BASIC WHERE USERNAME='root')" />
		</insert>
	</changeSet>
	<changeSet id="MX-10028-70" author="dt64106">
		<comment>Associate 	USER PERMISSIONS</comment>
		<insert tableName="LNK_SEC_PERMIT">

			<column name="PERMIT_ID"
				valueComputed="(select permit_id from sec_permit where permit_primary='USER' and permit_secondary='UPDATE')" />
			<column name="IMPLICIT_PERMIT_ID"
				valueComputed="(select permit_id from sec_permit where permit_primary='USER' and permit_secondary='VIEW')" />
			<column name="CREATED" valueDate="CURRENT_DATE" />
			<column name="CREATEBY"
				valueComputed="(SELECT USER_ID FROM USER_BASIC WHERE USERNAME='root')" />
			<column name="UPDATED" valueDate="CURRENT_DATE" />
			<column name="UPDATEBY"
				valueComputed="(SELECT USER_ID FROM USER_BASIC WHERE USERNAME='root')" />
		</insert>
	</changeSet>
	<changeSet id="MX-10028-71" author="dt64106">
		<comment>Associate 	USER PERMISSIONS</comment>
		<insert tableName="LNK_SEC_PERMIT">

			<column name="PERMIT_ID"
				valueComputed="(select permit_id from sec_permit where permit_primary='USER' and permit_secondary='UPDATE')" />
			<column name="IMPLICIT_PERMIT_ID"
				valueComputed="(select permit_id from sec_permit where permit_primary='META_LIST' and permit_secondary='VIEW')" />
			<column name="CREATED" valueDate="CURRENT_DATE" />
			<column name="CREATEBY"
				valueComputed="(SELECT USER_ID FROM USER_BASIC WHERE USERNAME='root')" />
			<column name="UPDATED" valueDate="CURRENT_DATE" />
			<column name="UPDATEBY"
				valueComputed="(SELECT USER_ID FROM USER_BASIC WHERE USERNAME='root')" />
		</insert>
	</changeSet>
	<changeSet id="MX-10028-72" author="dt64106">
		<comment>Associate 	USER PERMISSIONS</comment>
		<insert tableName="LNK_SEC_PERMIT">

			<column name="PERMIT_ID"
				valueComputed="(select permit_id from sec_permit where permit_primary='USER' and permit_secondary='VIEW')" />
			<column name="IMPLICIT_PERMIT_ID"
				valueComputed="(select permit_id from sec_permit where permit_primary='META_LIST' and permit_secondary='VIEW')" />
			<column name="CREATED" valueDate="CURRENT_DATE" />
			<column name="CREATEBY"
				valueComputed="(SELECT USER_ID FROM USER_BASIC WHERE USERNAME='root')" />
			<column name="UPDATED" valueDate="CURRENT_DATE" />
			<column name="UPDATEBY"
				valueComputed="(SELECT USER_ID FROM USER_BASIC WHERE USERNAME='root')" />
		</insert>
	</changeSet>
	<changeSet id="MX-10028-73" author="dt64106">
		<comment>Associate 	WORK PERMISSIONS</comment>
		<insert tableName="LNK_SEC_PERMIT">

			<column name="PERMIT_ID"
				valueComputed="(select permit_id from sec_permit where permit_primary='WORK' and permit_secondary='UPDATE')" />
			<column name="IMPLICIT_PERMIT_ID"
				valueComputed="(select permit_id from sec_permit where permit_primary='WORK' and permit_secondary='VIEW')" />
			<column name="CREATED" valueDate="CURRENT_DATE" />
			<column name="CREATEBY"
				valueComputed="(SELECT USER_ID FROM USER_BASIC WHERE USERNAME='root')" />
			<column name="UPDATED" valueDate="CURRENT_DATE" />
			<column name="UPDATEBY"
				valueComputed="(SELECT USER_ID FROM USER_BASIC WHERE USERNAME='root')" />
		</insert>
	</changeSet>
	<changeSet id="MX-10028-74" author="dt64106">
		<comment>Associate 	WORK PERMISSIONS</comment>
		<insert tableName="LNK_SEC_PERMIT">

			<column name="PERMIT_ID"
				valueComputed="(select permit_id from sec_permit where permit_primary='WORK' and permit_secondary='UPDATE')" />
			<column name="IMPLICIT_PERMIT_ID"
				valueComputed="(select permit_id from sec_permit where permit_primary='META_LIST' and permit_secondary='VIEW')" />
			<column name="CREATED" valueDate="CURRENT_DATE" />
			<column name="CREATEBY"
				valueComputed="(SELECT USER_ID FROM USER_BASIC WHERE USERNAME='root')" />
			<column name="UPDATED" valueDate="CURRENT_DATE" />
			<column name="UPDATEBY"
				valueComputed="(SELECT USER_ID FROM USER_BASIC WHERE USERNAME='root')" />
		</insert>
	</changeSet>
	<changeSet id="MX-10028-75" author="dt64106">
		<comment>Associate 	WORK PERMISSIONS</comment>
		<insert tableName="LNK_SEC_PERMIT">

			<column name="PERMIT_ID"
				valueComputed="(select permit_id from sec_permit where permit_primary='WORK' and permit_secondary='UPDATE')" />
			<column name="IMPLICIT_PERMIT_ID"
				valueComputed="(select permit_id from sec_permit where permit_primary='USER' and permit_secondary='VIEW')" />
			<column name="CREATED" valueDate="CURRENT_DATE" />
			<column name="CREATEBY"
				valueComputed="(SELECT USER_ID FROM USER_BASIC WHERE USERNAME='root')" />
			<column name="UPDATED" valueDate="CURRENT_DATE" />
			<column name="UPDATEBY"
				valueComputed="(SELECT USER_ID FROM USER_BASIC WHERE USERNAME='root')" />
		</insert>
	</changeSet>
	<changeSet id="MX-10028-76" author="dt64106">
		<comment>Associate 	WORK PERMISSIONS</comment>
		<insert tableName="LNK_SEC_PERMIT">

			<column name="PERMIT_ID"
				valueComputed="(select permit_id from sec_permit where permit_primary='WORK' and permit_secondary='UPDATE')" />
			<column name="IMPLICIT_PERMIT_ID"
				valueComputed="(select permit_id from sec_permit where permit_primary='STAGING_IMPORT' and permit_secondary='SUBMIT')" />
			<column name="CREATED" valueDate="CURRENT_DATE" />
			<column name="CREATEBY"
				valueComputed="(SELECT USER_ID FROM USER_BASIC WHERE USERNAME='root')" />
			<column name="UPDATED" valueDate="CURRENT_DATE" />
			<column name="UPDATEBY"
				valueComputed="(SELECT USER_ID FROM USER_BASIC WHERE USERNAME='root')" />
		</insert>
	</changeSet>
	<changeSet id="MX-10028-77" author="dt64106">
		<comment>Associate 	WORK PERMISSIONS</comment>
		<insert tableName="LNK_SEC_PERMIT">

			<column name="PERMIT_ID"
				valueComputed="(select permit_id from sec_permit where permit_primary='WORK' and permit_secondary='UPDATE')" />
			<column name="IMPLICIT_PERMIT_ID"
				valueComputed="(select permit_id from sec_permit where permit_primary='STAGING_IMPORT' and permit_secondary='VIEW')" />
			<column name="CREATED" valueDate="CURRENT_DATE" />
			<column name="CREATEBY"
				valueComputed="(SELECT USER_ID FROM USER_BASIC WHERE USERNAME='root')" />
			<column name="UPDATED" valueDate="CURRENT_DATE" />
			<column name="UPDATEBY"
				valueComputed="(SELECT USER_ID FROM USER_BASIC WHERE USERNAME='root')" />
		</insert>
	</changeSet>
	<changeSet id="MX-10028-78" author="dt64106">
		<comment>Associate 	WORK PERMISSIONS</comment>
		<insert tableName="LNK_SEC_PERMIT">

			<column name="PERMIT_ID"
				valueComputed="(select permit_id from sec_permit where permit_primary='WORK' and permit_secondary='VIEW')" />
			<column name="IMPLICIT_PERMIT_ID"
				valueComputed="(select permit_id from sec_permit where permit_primary='META_LIST' and permit_secondary='VIEW')" />
			<column name="CREATED" valueDate="CURRENT_DATE" />
			<column name="CREATEBY"
				valueComputed="(SELECT USER_ID FROM USER_BASIC WHERE USERNAME='root')" />
			<column name="UPDATED" valueDate="CURRENT_DATE" />
			<column name="UPDATEBY"
				valueComputed="(SELECT USER_ID FROM USER_BASIC WHERE USERNAME='root')" />
		</insert>
	</changeSet>
	<changeSet id="MX-10028-79" author="dt64106">
		<comment>Associate 	WORK PERMISSIONS</comment>
		<insert tableName="LNK_SEC_PERMIT">

			<column name="PERMIT_ID"
				valueComputed="(select permit_id from sec_permit where permit_primary='WORK' and permit_secondary='VIEW')" />
			<column name="IMPLICIT_PERMIT_ID"
				valueComputed="(select permit_id from sec_permit where permit_primary='USER' and permit_secondary='VIEW')" />
			<column name="CREATED" valueDate="CURRENT_DATE" />
			<column name="CREATEBY"
				valueComputed="(SELECT USER_ID FROM USER_BASIC WHERE USERNAME='root')" />
			<column name="UPDATED" valueDate="CURRENT_DATE" />
			<column name="UPDATEBY"
				valueComputed="(SELECT USER_ID FROM USER_BASIC WHERE USERNAME='root')" />
		</insert>
	</changeSet>
	<changeSet id="MX-10028-80" author="dt64106">
		<comment>Associate 	WORK PERMISSIONS</comment>
		<insert tableName="LNK_SEC_PERMIT">

			<column name="PERMIT_ID"
				valueComputed="(select permit_id from sec_permit where permit_primary='WORK' and permit_secondary='VIEW')" />
			<column name="IMPLICIT_PERMIT_ID"
				valueComputed="(select permit_id from sec_permit where permit_primary='STAGING_IMPORT' and permit_secondary='SUBMIT')" />
			<column name="CREATED" valueDate="CURRENT_DATE" />
			<column name="CREATEBY"
				valueComputed="(SELECT USER_ID FROM USER_BASIC WHERE USERNAME='root')" />
			<column name="UPDATED" valueDate="CURRENT_DATE" />
			<column name="UPDATEBY"
				valueComputed="(SELECT USER_ID FROM USER_BASIC WHERE USERNAME='root')" />
		</insert>
	</changeSet>
	<changeSet id="MX-10028-81" author="dt64106">
		<comment>Associate 	WORK PERMISSIONS</comment>
		<insert tableName="LNK_SEC_PERMIT">

			<column name="PERMIT_ID"
				valueComputed="(select permit_id from sec_permit where permit_primary='WORK' and permit_secondary='VIEW')" />
			<column name="IMPLICIT_PERMIT_ID"
				valueComputed="(select permit_id from sec_permit where permit_primary='STAGING_IMPORT' and permit_secondary='VIEW')" />
			<column name="CREATED" valueDate="CURRENT_DATE" />
			<column name="CREATEBY"
				valueComputed="(SELECT USER_ID FROM USER_BASIC WHERE USERNAME='root')" />
			<column name="UPDATED" valueDate="CURRENT_DATE" />
			<column name="UPDATEBY"
				valueComputed="(SELECT USER_ID FROM USER_BASIC WHERE USERNAME='root')" />
		</insert>
	</changeSet>
	<changeSet id="MX-10028-82" author="dt64106">
		<comment>Associate 	METADATA_PLAN PERMISSIONS</comment>
		<insert tableName="LNK_SEC_PERMIT">

			<column name="PERMIT_ID"
				valueComputed="(select permit_id from sec_permit where permit_primary='METADATA_PLAN' and permit_secondary='UPDATE')" />
			<column name="IMPLICIT_PERMIT_ID"
				valueComputed="(select permit_id from sec_permit where permit_primary='METADATA_PLAN' and permit_secondary='VIEW')" />
			<column name="CREATED" valueDate="CURRENT_DATE" />
			<column name="CREATEBY"
				valueComputed="(SELECT USER_ID FROM USER_BASIC WHERE USERNAME='root')" />
			<column name="UPDATED" valueDate="CURRENT_DATE" />
			<column name="UPDATEBY"
				valueComputed="(SELECT USER_ID FROM USER_BASIC WHERE USERNAME='root')" />
		</insert>
	</changeSet>
</databaseChangeLog>