<?xml version="1.0" encoding="UTF-8"?>
<databaseChangeLog
	xmlns:xsi="http://www.w3.org/2001/XMLSchema-instance"
	xmlns:ext="http://www.liquibase.org/xml/ns/dbchangelog-ext"
	xmlns="http://www.liquibase.org/xml/ns/dbchangelog"
	xsi:schemaLocation="http://www.liquibase.org/xml/ns/dbchangelog http://www.liquibase.org/xml/ns/dbchangelog/dbchangelog-3.1.xsd
        http://www.liquibase.org/xml/ns/dbchangelog-ext http://www.liquibase.org/xml/ns/dbchangelog/dbchangelog-ext.xsd">

	<changeSet id="LNK_SEC_PERMIT-HIM_PREMIUM-1"
		author="dt204819">
		<comment>Associate HIM_PREMIUM PERMISSIONS</comment>
		<insert tableName="LNK_SEC_PERMIT">
			<column name="PERMIT_ID"
				valueComputed="(select permit_id from sec_permit where permit_primary='HIM_PREMIUM' and permit_secondary='UPDATE')" />
			<column name="IMPLICIT_PERMIT_ID"
				valueComputed="(select permit_id from sec_permit where permit_primary='HIM_PREMIUM' and permit_secondary='VIEW')" />
			<column name="CREATED" valueDate="CURRENT_DATE" />
			<column name="CREATEBY"
				valueComputed="(SELECT USER_ID FROM USER_BASIC WHERE USERNAME='root')" />
			<column name="UPDATED" valueDate="CURRENT_DATE" />
			<column name="UPDATEBY"
				valueComputed="(SELECT USER_ID FROM USER_BASIC WHERE USERNAME='root')" />
		</insert>
	</changeSet>
</databaseChangeLog>