<?xml version="1.0" encoding="UTF-8"?>
<databaseChangeLog
	xmlns:xsi="http://www.w3.org/2001/XMLSchema-instance"
	xmlns:ext="http://www.liquibase.org/xml/ns/dbchangelog-ext"
	xmlns="http://www.liquibase.org/xml/ns/dbchangelog"
	xsi:schemaLocation="http://www.liquibase.org/xml/ns/dbchangelog http://www.liquibase.org/xml/ns/dbchangelog/dbchangelog-3.1.xsd
        http://www.liquibase.org/xml/ns/dbchangelog-ext http://www.liquibase.org/xml/ns/dbchangelog/dbchangelog-ext.xsd">

	<changeSet id="LNK_SEC_PERMIT-CORRESPONDENCE_LETTER-1" author="DT225717">
		<comment>Associate CORRESPONDENCE_LETTER PERMISSIONS</comment>
		<insert tableName="LNK_SEC_PERMIT">
			<column name="PERMIT_ID"
				valueComputed="(select permit_id from sec_permit where permit_primary='CORRESPONDENCE_LETTER' and permit_secondary='UPDATE')" />
			<column name="IMPLICIT_PERMIT_ID"
				valueComputed="(select permit_id from sec_permit where permit_primary='META_PROVIDER' and permit_secondary='VIEW')" />
			<column name="CREATED" valueDate="CURRENT_DATE" />
			<column name="CREATEBY"
				valueComputed="(SELECT USER_ID FROM USER_BASIC WHERE USERNAME='root')" />
			<column name="UPDATED" valueDate="CURRENT_DATE" />
			<column name="UPDATEBY"
				valueComputed="(SELECT USER_ID FROM USER_BASIC WHERE USERNAME='root')" />
		</insert>
	</changeSet>
	<changeSet id="LNK_SEC_PERMIT-CORRESPONDENCE_LETTER-2" author="DT225717">
		<comment>Associate CORRESPONDENCE_LETTER PERMISSIONS</comment>
		<insert tableName="LNK_SEC_PERMIT">
			<column name="PERMIT_ID"
				valueComputed="(select permit_id from sec_permit where permit_primary='CORRESPONDENCE_LETTER' and permit_secondary='UPDATE')" />
			<column name="IMPLICIT_PERMIT_ID"
				valueComputed="(select permit_id from sec_permit where permit_primary='META_GROUP' and permit_secondary='VIEW')" />
			<column name="CREATED" valueDate="CURRENT_DATE" />
			<column name="CREATEBY"
				valueComputed="(SELECT USER_ID FROM USER_BASIC WHERE USERNAME='root')" />
			<column name="UPDATED" valueDate="CURRENT_DATE" />
			<column name="UPDATEBY"
				valueComputed="(SELECT USER_ID FROM USER_BASIC WHERE USERNAME='root')" />
		</insert>
	</changeSet>
	<changeSet id="LNK_SEC_PERMIT-CORRESPONDENCE_LETTER-3" author="DT225717">
		<comment>Associate CORRESPONDENCE_LETTER PERMISSIONS</comment>
		<insert tableName="LNK_SEC_PERMIT">
			<column name="PERMIT_ID"
				valueComputed="(select permit_id from sec_permit where permit_primary='CORRESPONDENCE_LETTER' and permit_secondary='UPDATE')" />
			<column name="IMPLICIT_PERMIT_ID"
				valueComputed="(select permit_id from sec_permit where permit_primary='PRODUCT' and permit_secondary='VIEW')" />
			<column name="CREATED" valueDate="CURRENT_DATE" />
			<column name="CREATEBY"
				valueComputed="(SELECT USER_ID FROM USER_BASIC WHERE USERNAME='root')" />
			<column name="UPDATED" valueDate="CURRENT_DATE" />
			<column name="UPDATEBY"
				valueComputed="(SELECT USER_ID FROM USER_BASIC WHERE USERNAME='root')" />
		</insert>
	</changeSet>
	<changeSet id="LNK_SEC_PERMIT-CORRESPONDENCE_LETTER-4" author="DT225717">
		<comment>Associate CORRESPONDENCE_LETTER PERMISSIONS</comment>
		<insert tableName="LNK_SEC_PERMIT">
			<column name="PERMIT_ID"
				valueComputed="(select permit_id from sec_permit where permit_primary='CORRESPONDENCE_LETTER' and permit_secondary='UPDATE')" />
			<column name="IMPLICIT_PERMIT_ID"
				valueComputed="(select permit_id from sec_permit where permit_primary='PERSON' and permit_secondary='VIEW')" />
			<column name="CREATED" valueDate="CURRENT_DATE" />
			<column name="CREATEBY"
				valueComputed="(SELECT USER_ID FROM USER_BASIC WHERE USERNAME='root')" />
			<column name="UPDATED" valueDate="CURRENT_DATE" />
			<column name="UPDATEBY"
				valueComputed="(SELECT USER_ID FROM USER_BASIC WHERE USERNAME='root')" />
		</insert>
	</changeSet>
	<changeSet id="LNK_SEC_PERMIT-CORRESPONDENCE_LETTER-5" author="DT225717">
		<comment>Associate CORRESPONDENCE_LETTER PERMISSIONS</comment>
		<insert tableName="LNK_SEC_PERMIT">
			<column name="PERMIT_ID"
				valueComputed="(select permit_id from sec_permit where permit_primary='CORRESPONDENCE_LETTER' and permit_secondary='UPDATE')" />
			<column name="IMPLICIT_PERMIT_ID"
				valueComputed="(select permit_id from sec_permit where permit_primary='ENROLLMENT' and permit_secondary='VIEW')" />
			<column name="CREATED" valueDate="CURRENT_DATE" />
			<column name="CREATEBY"
				valueComputed="(SELECT USER_ID FROM USER_BASIC WHERE USERNAME='root')" />
			<column name="UPDATED" valueDate="CURRENT_DATE" />
			<column name="UPDATEBY"
				valueComputed="(SELECT USER_ID FROM USER_BASIC WHERE USERNAME='root')" />
		</insert>
	</changeSet>
	
	<changeSet id="LNK_SEC_PERMIT-CORRESPONDENCE_LETTER-6" author="DT225717">
		<comment>Associate CORRESPONDENCE_LETTER PERMISSIONS</comment>
		<insert tableName="LNK_SEC_PERMIT">
			<column name="PERMIT_ID"
				valueComputed="(select permit_id from sec_permit where permit_primary='CORRESPONDENCE_LETTER' and permit_secondary='UPDATE')" />
			<column name="IMPLICIT_PERMIT_ID"
				valueComputed="(select permit_id from sec_permit where permit_primary='META_ATTRIBUTE' and permit_secondary='VIEW')" />
			<column name="CREATED" valueDate="CURRENT_DATE" />
			<column name="CREATEBY"
				valueComputed="(SELECT USER_ID FROM USER_BASIC WHERE USERNAME='root')" />
			<column name="UPDATED" valueDate="CURRENT_DATE" />
			<column name="UPDATEBY"
				valueComputed="(SELECT USER_ID FROM USER_BASIC WHERE USERNAME='root')" />
		</insert>
	</changeSet>
	
	<changeSet id="LNK_SEC_PERMIT-CORRESPONDENCE_LETTER-7" author="DT225717">
		<comment>Associate CORRESPONDENCE_LETTER PERMISSIONS</comment>
		<insert tableName="LNK_SEC_PERMIT">
			<column name="PERMIT_ID"
				valueComputed="(select permit_id from sec_permit where permit_primary='CORRESPONDENCE_LETTER' and permit_secondary='VIEW')" />
			<column name="IMPLICIT_PERMIT_ID"
				valueComputed="(select permit_id from sec_permit where permit_primary='META_ATTRIBUTE' and permit_secondary='VIEW')" />
			<column name="CREATED" valueDate="CURRENT_DATE" />
			<column name="CREATEBY"
				valueComputed="(SELECT USER_ID FROM USER_BASIC WHERE USERNAME='root')" />
			<column name="UPDATED" valueDate="CURRENT_DATE" />
			<column name="UPDATEBY"
				valueComputed="(SELECT USER_ID FROM USER_BASIC WHERE USERNAME='root')" />
		</insert>
	</changeSet>
	
</databaseChangeLog>