<?xml version="1.0" encoding="UTF-8"?>
<databaseChangeLog
	xmlns:xsi="http://www.w3.org/2001/XMLSchema-instance"
	xmlns:ext="http://www.liquibase.org/xml/ns/dbchangelog-ext"
	xmlns="http://www.liquibase.org/xml/ns/dbchangelog"
	xsi:schemaLocation="http://www.liquibase.org/xml/ns/dbchangelog http://www.liquibase.org/xml/ns/dbchangelog/dbchangelog-3.1.xsd
        http://www.liquibase.org/xml/ns/dbchangelog-ext http://www.liquibase.org/xml/ns/dbchangelog/dbchangelog-ext.xsd">

	<changeSet id="LNK_ROLE_LOB_PERMITT_MX_10147_1"
		author="dt204819">
		<comment>Associate SERVICE_AREA VIEW permit to System Admin Role</comment>
		<insert tableName="LNK_ROLE_LOB_PERMIT">
			<column name="LINK_ID"
				valueSequenceNext="LNK_ROLE_LOB_PERMIT_SEQ" />
			<column name="PERMIT_ID"
				valueComputed="(select permit_id from sec_permit where permit_primary='SERVICE_AREA' and permit_secondary='VIEW')" />
			<column name="ROLE_ID"
				valueComputed="(select role_id from sec_role where role_type='System Admin' and role_name='Security')" />
			<column name="ACTIVE" value="Y" />
			<column name="LOB_ID" value="${systemLOBID}" />
		</insert>
	</changeSet>

	<changeSet id="LNK_ROLE_LOB_PERMITT_MX_10147_2"
		author="dt204819">
		<comment>Associate SERVICE_AREA UPDATE permit to System Admin Role</comment>
		<insert tableName="LNK_ROLE_LOB_PERMIT">
			<column name="LINK_ID"
				valueSequenceNext="LNK_ROLE_LOB_PERMIT_SEQ" />
			<column name="PERMIT_ID"
				valueComputed="(select permit_id from sec_permit where permit_primary='SERVICE_AREA' and permit_secondary='UPDATE')" />
			<column name="ROLE_ID"
				valueComputed="(select role_id from sec_role where role_type='System Admin' and role_name='Security')" />
			<column name="ACTIVE" value="Y" />
			<column name="LOB_ID" value="${systemLOBID}" />
		</insert>
	</changeSet>

	<changeSet id="LNK_ROLE_LOB_PERMITT_MX_10147_3"
		author="dt204819">
		<comment>Associate ENROLLMENT VIEW permit to System Admin Role</comment>
		<insert tableName="LNK_ROLE_LOB_PERMIT">
			<column name="LINK_ID"
				valueSequenceNext="LNK_ROLE_LOB_PERMIT_SEQ" />
			<column name="PERMIT_ID"
				valueComputed="(select permit_id from sec_permit where permit_primary='ENROLLMENT' and permit_secondary='VIEW')" />
			<column name="ROLE_ID"
				valueComputed="(select role_id from sec_role where role_type='System Admin' and role_name='Security')" />
			<column name="ACTIVE" value="Y" />
			<column name="LOB_ID" value="${systemLOBID}" />
		</insert>
	</changeSet>

	<changeSet id="LNK_ROLE_LOB_PERMITT_MX_10147_4"
		author="dt204819">
		<comment>Associate ENROLLMENT UPDATE permit to System Admin Role</comment>
		<insert tableName="LNK_ROLE_LOB_PERMIT">
			<column name="LINK_ID"
				valueSequenceNext="LNK_ROLE_LOB_PERMIT_SEQ" />
			<column name="PERMIT_ID"
				valueComputed="(select permit_id from sec_permit where permit_primary='ENROLLMENT' and permit_secondary='UPDATE')" />
			<column name="ROLE_ID"
				valueComputed="(select role_id from sec_role where role_type='System Admin' and role_name='Security')" />
			<column name="ACTIVE" value="Y" />
			<column name="LOB_ID" value="${systemLOBID}" />
		</insert>
	</changeSet>
</databaseChangeLog>