<?xml version="1.0" encoding="UTF-8"?>
<databaseChangeLog
	xmlns:xsi="http://www.w3.org/2001/XMLSchema-instance"
	xmlns:ext="http://www.liquibase.org/xml/ns/dbchangelog-ext"
	xmlns="http://www.liquibase.org/xml/ns/dbchangelog"
	xsi:schemaLocation="http://www.liquibase.org/xml/ns/dbchangelog http://www.liquibase.org/xml/ns/dbchangelog/dbchangelog-3.1.xsd
        http://www.liquibase.org/xml/ns/dbchangelog-ext http://www.liquibase.org/xml/ns/dbchangelog/dbchangelog-ext.xsd">


	<changeSet id="MX-10779-1" author="dt64106">
		<comment>Associate More Membmership filter PERMISSIONS</comment>
		<insert tableName="LNK_SEC_PERMIT">

			<column name="PERMIT_ID"
				valueComputed="(select permit_id from sec_permit where permit_primary='MEMBERSHIP_FILTER' and permit_secondary='UPDATE')" />
			<column name="IMPLICIT_PERMIT_ID"
				valueComputed="(select permit_id from sec_permit where permit_primary='META_LIST' and permit_secondary='VIEW')" />
			<column name="CREATED" valueDate="CURRENT_DATE" />
			<column name="CREATEBY"
				valueComputed="(SELECT USER_ID FROM USER_BASIC WHERE USERNAME='root')" />
			<column name="UPDATED" valueDate="CURRENT_DATE" />
			<column name="UPDATEBY"
				valueComputed="(SELECT USER_ID FROM USER_BASIC WHERE USERNAME='root')" />
		</insert>
	</changeSet>
	<changeSet id="MX-10779-2" author="dt64106">
		<comment>Associate More Membmership filter PERMISSIONS</comment>
		<insert tableName="LNK_SEC_PERMIT">

			<column name="PERMIT_ID"
				valueComputed="(select permit_id from sec_permit where permit_primary='MEMBERSHIP_FILTER' and permit_secondary='UPDATE')" />
			<column name="IMPLICIT_PERMIT_ID"
				valueComputed="(select permit_id from sec_permit where permit_primary='METADATA_LOB' and permit_secondary='VIEW')" />
			<column name="CREATED" valueDate="CURRENT_DATE" />
			<column name="CREATEBY"
				valueComputed="(SELECT USER_ID FROM USER_BASIC WHERE USERNAME='root')" />
			<column name="UPDATED" valueDate="CURRENT_DATE" />
			<column name="UPDATEBY"
				valueComputed="(SELECT USER_ID FROM USER_BASIC WHERE USERNAME='root')" />
		</insert>
	</changeSet>
	<changeSet id="MX-10779-3" author="dt64106">
		<comment>Associate More Membmership filter PERMISSIONS</comment>
		<insert tableName="LNK_SEC_PERMIT">

			<column name="PERMIT_ID"
				valueComputed="(select permit_id from sec_permit where permit_primary='MEMBERSHIP_FILTER' and permit_secondary='VIEW')" />
			<column name="IMPLICIT_PERMIT_ID"
				valueComputed="(select permit_id from sec_permit where permit_primary='META_LIST' and permit_secondary='VIEW')" />
			<column name="CREATED" valueDate="CURRENT_DATE" />
			<column name="CREATEBY"
				valueComputed="(SELECT USER_ID FROM USER_BASIC WHERE USERNAME='root')" />
			<column name="UPDATED" valueDate="CURRENT_DATE" />
			<column name="UPDATEBY"
				valueComputed="(SELECT USER_ID FROM USER_BASIC WHERE USERNAME='root')" />
		</insert>
	</changeSet>
	<changeSet id="MX-10779-4" author="dt64106">
		<comment>Associate More Membmership filter PERMISSIONS</comment>
		<insert tableName="LNK_SEC_PERMIT">

			<column name="PERMIT_ID"
				valueComputed="(select permit_id from sec_permit where permit_primary='MEMBERSHIP_FILTER' and permit_secondary='VIEW')" />
			<column name="IMPLICIT_PERMIT_ID"
				valueComputed="(select permit_id from sec_permit where permit_primary='METADATA_LOB' and permit_secondary='VIEW')" />
			<column name="CREATED" valueDate="CURRENT_DATE" />
			<column name="CREATEBY"
				valueComputed="(SELECT USER_ID FROM USER_BASIC WHERE USERNAME='root')" />
			<column name="UPDATED" valueDate="CURRENT_DATE" />
			<column name="UPDATEBY"
				valueComputed="(SELECT USER_ID FROM USER_BASIC WHERE USERNAME='root')" />
		</insert>
	</changeSet>

	<changeSet id="MX-10779-5" author="dt64106">
		<comment>Associate webhook PERMISSIONS</comment>
		<insert tableName="LNK_SEC_PERMIT">

			<column name="PERMIT_ID"
				valueComputed="(select permit_id from sec_permit where permit_primary='WEBHOOK' and permit_secondary='UPDATE')" />
			<column name="IMPLICIT_PERMIT_ID"
				valueComputed="(select permit_id from sec_permit where permit_primary='WEBHOOK' and permit_secondary='VIEW')" />
			<column name="CREATED" valueDate="CURRENT_DATE" />
			<column name="CREATEBY"
				valueComputed="(SELECT USER_ID FROM USER_BASIC WHERE USERNAME='root')" />
			<column name="UPDATED" valueDate="CURRENT_DATE" />
			<column name="UPDATEBY"
				valueComputed="(SELECT USER_ID FROM USER_BASIC WHERE USERNAME='root')" />
		</insert>
	</changeSet>
	<changeSet id="MX-10779-6" author="dt64106">
		<comment>Associate webhook PERMISSIONS</comment>
		<insert tableName="LNK_SEC_PERMIT">

			<column name="PERMIT_ID"
				valueComputed="(select permit_id from sec_permit where permit_primary='WEBHOOK' and permit_secondary='UPDATE')" />
			<column name="IMPLICIT_PERMIT_ID"
				valueComputed="(select permit_id from sec_permit where permit_primary='META_EVENT' and permit_secondary='VIEW')" />
			<column name="CREATED" valueDate="CURRENT_DATE" />
			<column name="CREATEBY"
				valueComputed="(SELECT USER_ID FROM USER_BASIC WHERE USERNAME='root')" />
			<column name="UPDATED" valueDate="CURRENT_DATE" />
			<column name="UPDATEBY"
				valueComputed="(SELECT USER_ID FROM USER_BASIC WHERE USERNAME='root')" />
		</insert>
	</changeSet>
		<changeSet id="MX-10779-7" author="dt64106">
		<comment>Associate webhook PERMISSIONS</comment>
		<insert tableName="LNK_SEC_PERMIT">

			<column name="PERMIT_ID"
				valueComputed="(select permit_id from sec_permit where permit_primary='WEBHOOK' and permit_secondary='VIEW')" />
			<column name="IMPLICIT_PERMIT_ID"
				valueComputed="(select permit_id from sec_permit where permit_primary='META_EVENT' and permit_secondary='VIEW')" />
			<column name="CREATED" valueDate="CURRENT_DATE" />
			<column name="CREATEBY"
				valueComputed="(SELECT USER_ID FROM USER_BASIC WHERE USERNAME='root')" />
			<column name="UPDATED" valueDate="CURRENT_DATE" />
			<column name="UPDATEBY"
				valueComputed="(SELECT USER_ID FROM USER_BASIC WHERE USERNAME='root')" />
		</insert>
	</changeSet>
</databaseChangeLog>