<?xml version="1.0" encoding="UTF-8"?>
<databaseChangeLog
	xmlns:xsi="http://www.w3.org/2001/XMLSchema-instance"
	xmlns:ext="http://www.liquibase.org/xml/ns/dbchangelog-ext"
	xmlns="http://www.liquibase.org/xml/ns/dbchangelog"
	xsi:schemaLocation="http://www.liquibase.org/xml/ns/dbchangelog http://www.liquibase.org/xml/ns/dbchangelog/dbchangelog-3.1.xsd
        http://www.liquibase.org/xml/ns/dbchangelog-ext http://www.liquibase.org/xml/ns/dbchangelog/dbchangelog-ext.xsd">

	<changeSet id="MX-14141-3" author="dt209421">
		<comment>Associate PREMIUM_RATE VIEW permit to System Admin Role
		</comment>
		<insert tableName="LNK_ROLE_LOB_PERMIT">
			<column name="LINK_ID"
				valueSequenceNext="LNK_ROLE_LOB_PERMIT_SEQ" />
			<column name="PERMIT_ID"
				valueComputed="(select permit_id from sec_permit where permit_primary='PREMIUM_RATE' and permit_secondary='VIEW')" />
			<column name="ROLE_ID"
				valueComputed="(select role_id from sec_role where role_type='System Admin' and role_name='Security')" />
			<column name="ACTIVE" value="Y" />
			<column name="LOB_ID" value="${systemLOBID}" />
		</insert>
	</changeSet>

	<changeSet id="MX-14141-4" author="dt209421">
		<comment>Associate PREMIUM_RATE UPDATE permit to System Admin Role
		</comment>
		<insert tableName="LNK_ROLE_LOB_PERMIT">
			<column name="LINK_ID"
				valueSequenceNext="LNK_ROLE_LOB_PERMIT_SEQ" />
			<column name="PERMIT_ID"
				valueComputed="(select permit_id from sec_permit where permit_primary='PREMIUM_RATE' and permit_secondary='UPDATE')" />
			<column name="ROLE_ID"
				valueComputed="(select role_id from sec_role where role_type='System Admin' and role_name='Security')" />
			<column name="ACTIVE" value="Y" />
			<column name="LOB_ID" value="${systemLOBID}" />
		</insert>
	</changeSet>
</databaseChangeLog>