<?xml version="1.0" encoding="UTF-8"?>

<!--
  ~ FILE : master.xml
  ~
  ~ COPYRIGHT:
  ~
  ~ The computer systems, procedures, data bases and programs
  ~ created and maintained by SS&C Health, are proprietary
  ~ in nature and as such are confidential. Any unauthorized
  ~ use or disclosure of such information may result in civil
  ~ liabilities.
  ~
  ~ Copyright (C) 2020 - by SS&C Health.
  ~ All Rights Reserved.
  ~
  -->

<databaseChangeLog
  xmlns:xsi="http://www.w3.org/2001/XMLSchema-instance"
  xmlns:ext="http://www.liquibase.org/xml/ns/dbchangelog-ext"
  xmlns="http://www.liquibase.org/xml/ns/dbchangelog"
  xsi:schemaLocation="http://www.liquibase.org/xml/ns/dbchangelog http://www.liquibase.org/xml/ns/dbchangelog/dbchangelog-3.1.xsd
        http://www.liquibase.org/xml/ns/dbchangelog-ext http://www.liquibase.org/xml/ns/dbchangelog/dbchangelog-ext.xsd">

  <include file="/db/changelog/changes/1.0/MX-126.xml"/>
  <include file="/db/changelog/changes/1.0/MX-2254.xml"/>
  <include file="/db/changelog/changes/1.0/ValidationRules.xml"/>
  <include file="/db/changelog/changes/1.0/MX-2254-1.xml"/>
  <include file="/db/changelog/changes/1.0/MX-2445.xml"/>
  <include file="/db/changelog/changes/1.0/MX-127-ValidationRules-Insert.xml"/>
  <include file="db/changelog/changes/1.0/MX-126-ValidationRules-Insert.xml" />
  <include file="/db/changelog/changes/1.0/MX-2507.xml"/>
  <include file="/db/changelog/changes/1.0/MX-2566.xml"/>
  <include file="db/changelog/changes/1.0/MX-132-ValidationRules-Insert.xml" />
  <include file="/db/changelog/changes/1.0/MX-122.xml"/>
  <include file="/db/changelog/changes/1.0/MX-2602.xml"/>
  <include file="/db/changelog/changes/1.0/MX-2774.xml"/>
  <include file="/db/changelog/changes/1.0/MX-2673.xml"/>
  <include file="/db/changelog/changes/1.0/MX-2903-ValidationRules-Update.xml"/>
  <include file="/db/changelog/changes/1.0/MX-2702.xml"/>
  <include file="db/changelog/changes/1.0/MX-122-ValidationRules-Insert.xml" />
  <include file="/db/changelog/changes/1.0/MX-2696.xml"/>
  <include file="/db/changelog/changes/1.0/MX-2919-User-length-validations.xml"/>
  <include file="/db/changelog/changes/1.0/MX-2927-ValidationRules-Insert.xml" />
  <include file="/db/changelog/changes/1.0/MX-2295.xml"/>
  <include file="/db/changelog/changes/1.0/MX-3394.xml"/>
  <include file="/db/changelog/changes/1.0/MX-3601.xml"/>
  <include file="/db/changelog/changes/1.0/MX-3782-add-staging-user.xml" />
  <include file="/db/changelog/changes/1.0/MX-3902.xml"/>
  <include file="/db/changelog/changes/1.0/MX-3931.xml"/>
  <include file="/db/changelog/changes/1.0/MX-5113-add-user-validation.xml"/>
  <include file="/db/changelog/changes/1.0/MX-4130-ValidationRules-Update.xml"/>
  <include file="/db/changelog/changes/1.0/MX-4927.xml"/>
  <include file="/db/changelog/changes/1.0/MX-4308.xml"/>
  <include file="/db/changelog/changes/1.0/MX-4441-Validation.xml"/>
  <include file="/db/changelog/changes/1.0/MX-4391.xml"/>
  <include file="/db/changelog/changes/1.0/MX-5118-shorten-messages.xml"/>
  <include file="/db/changelog/changes/1.0/MX-5180-shorten-messages.xml"/>
  <include file="/db/changelog/changes/1.0/MX-5671.xml"/>
  <include file="/db/changelog/changes/1.0/MX-5195-gender-changes.xml"/>
  <include file="db/changelog/changes/1.0/MX-3529-ValidationRules-Insert.xml" />
  <include file="/db/changelog/changes/1.0/MX-4979.xml"/>
  <include file="/db/changelog/changes/1.0/MX-5012.xml"/>
  <include file="/db/changelog/changes/1.0/MX-6286-QA-validation-issue.xml"/>
  <include file="/db/changelog/changes/1.0/MX-6617.xml"/>
  <include file="/db/changelog/changes/1.0/MX-6930.xml"/>
  <include file="/db/changelog/changes/1.0/MX-7006.xml"/>
  <include file="/db/changelog/changes/1.0/MX-6967-validation-change.xml"/>
  <include file="/db/changelog/changes/1.0/MX-7081.xml"/>
  <include file="/db/changelog/changes/1.0/MX-7062-ValidationRules.xml"/>
  <include file="/db/changelog/changes/1.0/MX-7062-ValidationRulesAddPermit.xml"/>
  <include file="/db/changelog/changes/1.0/MX-7226.xml"/>
  <include file="/db/changelog/changes/1.0/MX-7152-ValidationRules.xml"/>
  <include file="/db/changelog/changes/1.0/MX-7526.xml"/>
  <include file="/db/changelog/changes/1.0/MX-8016.xml"/>
  <include file="/db/changelog/changes/1.0/MX-7846-RemoveLOBValidationRules.xml"/>
  <include file="/db/changelog/changes/1.0/MX-9197.xml"/>
  <include file="/db/changelog/changes/1.0/ValidationRules_MX-9470.xml"/>
  <include file="/db/changelog/changes/1.0/ lnk_sec_permit_MX-10028.xml"/>
  <include file="/db/changelog/changes/1.0/ValidationRules_MX-10028.xml"/>
  <include file="/db/changelog/changes/1.0/User_validations_MX-10145.xml"/>
  <include file="/db/changelog/changes/1.0/WEBHOOK_PERMITS_MX-10636.xml"/>
  <include file="/db/changelog/changes/1.0/SEC_PERMIT_MX_10147.xml"/>
  <include file="/db/changelog/changes/1.0/LNK_ROLE_LOB_PERMIT_MX_10147.xml"/>
  <include file="/db/changelog/changes/1.0/ValidationRules_MX-10144.xml"/>
  <include file="/db/changelog/changes/1.0/lnk_sec_permit_MX-10779.xml"/>
  <include file="/db/changelog/changes/1.0/SEC_PERMIT_MX_10917.xml"/>
  <include file="/db/changelog/changes/1.0/LNK_SEC_PERMIT_MX_10917.xml"/>
  <include file="/db/changelog/changes/1.0/validation_rule_11632.xml"/>  
  <include file="/db/changelog/changes/1.0/SEC_PERMIT_MX_11986.xml"/>
  <include file="/db/changelog/changes/1.0/LNK_SEC_PERMIT_MX_11986.xml"/>
  <include file="/db/changelog/changes/1.0/SEC_PERMIT_MX_13068.xml"/>
  <include file="/db/changelog/changes/1.0/LNK_SEC_PERMIT_MX_13068.xml"/>
  <include file="/db/changelog/changes/1.0/LNK_SEC_PERMIT_MX_13785.xml"/>
  <include file="/db/changelog/changes/1.0/LNK_ROLE_LOB_PERMIT_MX_13785.xml"/>
  <include file="/db/changelog/changes/1.0/SEC_PERMIT_MX_13785.xml"/>
  <include file="/db/changelog/changes/1.0/SEC_PERMIT_STATUS_MX_13783.xml"/>
  <include file="/db/changelog/changes/1.0/SEC_PERMIT_PAYMENT_AUTHORIZATION_MX_13783.xml"/>
  <include file="/db/changelog/changes/1.0/SEC_PERMIT_PREMIUM_MX_13783.xml"/>
  <include file="/db/changelog/changes/1.0/SEC_PERMIT_INVOICE_MX_13783.xml"/>
  <include file="/db/changelog/changes/1.0/SEC_PERMIT_PERSON_MEMBER_MX_13783.xml"/>
  <include file="/db/changelog/changes/1.0/LNK_SEC_PERMIT_MX_13783-STATUS.xml"/>
  <include file="/db/changelog/changes/1.0/LNK_SEC_PERMIT_MX_13783-PAYMENT_AUTHORIZATION.xml"/>
  <include file="/db/changelog/changes/1.0/LNK_SEC_PERMIT_MX_13783-PREMIUM.xml"/>
  <include file="/db/changelog/changes/1.0/LNK_SEC_PERMIT_MX_13783-INVOICE.xml"/>
  <include file="/db/changelog/changes/1.0/LNK_SEC_PERMIT_MX_13783-PERSON.xml"/>
  <include file="/db/changelog/changes/1.0/SEC_PERMIT_MX_14141.xml"/>
  <include file="/db/changelog/changes/1.0/LNK_ROLE_LOB_PERMIT_MX_14141.xml"/>
  <include file="/db/changelog/changes/1.0/LNK_SEC_PERMIT_MX_14141.xml"/>
  <include file="/db/changelog/changes/1.0/VALIDATION_RULE_MX-14464.xml"/>  
  <include file="/db/changelog/changes/1.0/SEC_PERMIT_HIM_PREMIUM_MX_14648.xml"/>
  <include file="/db/changelog/changes/1.0/SEC_PERMIT_RATE_FACTOR_MX_14648.xml"/>
  <include file="/db/changelog/changes/1.0/LNK_SEC_PERMIT_HIM_PREMIUM_MX_14648.xml"/>
  <include file="/db/changelog/changes/1.0/LNK_SEC_PERMIT_RATE_FACTOR_MX_14648.xml"/>
  <include file="/db/changelog/changes/1.0/MX-14521-user-validations.xml"/>
  <include file="/db/changelog/changes/1.0/Validation_Rules_MX_12499.xml"/>
  <include file="/db/changelog/changes/1.0/VALIDATION_RULE_MX-15358.xml"/>
  <include file="/db/changelog/changes/1.0/SEC_ROLE_VALIDATION_RULES_MX_14532.xml"/>
  <include file="/db/changelog/changes/1.0/MX-16950-add-service-user.xml"/>
  <include file="/db/changelog/changes/1.0/SEC_PERMIT_FEE_MX_17660.xml"/>
  <include file="/db/changelog/changes/1.0/LNK_SEC_PERMIT_FEE_MX_17660.xml"/>
  <include file="/db/changelog/changes/1.0/SERVICE_ROLE_PERMITS-16950-1.xml"/>
  <include file="/db/changelog/changes/1.0/SERVICE_ROLE_PERMITS-16950-2.xml"/>
  <include file="/db/changelog/changes/1.0/SERVICE_ROLE_PERMITS-16950-3.xml"/>
  <include file="/db/changelog/changes/1.0/SERVICE_ROLE_PERMITS-16950-4.xml"/>
  <include file="/db/changelog/changes/1.0/SERVICE_ROLE_PERMITS-16950-5.xml"/>
  <include file="/db/changelog/changes/1.0/SERVICE_ROLE_PERMITS-16950-6.xml"/>
  <include file="/db/changelog/changes/1.0/SERVICE_ROLE_PERMITS-16950-7.xml"/>
  <include file="/db/changelog/changes/1.0/SERVICE_ROLE_PERMITS-16950-8.xml"/>
  <include file="/db/changelog/changes/1.0/SERVICE_ROLE_PERMITS-16950-9.xml"/>
  <include file="/db/changelog/changes/1.0/SERVICE_ROLE_PERMITS-16950-10.xml"/>
  <include file="/db/changelog/changes/1.0/SEC_PERMIT_RESULT_MX_18926.xml"/>
  <include file="/db/changelog/changes/1.0/LNK_SEC_PERMIT_RESULT_MX_18926.xml"/>
  <include file="/db/changelog/changes/1.0/SEC_PERMIT_CONSTANT_MX_19478.xml"/>
  <include file="/db/changelog/changes/1.0/LNK_SEC_PERMIT_CONSTANT_MX_19478.xml"/>
  <include file="/db/changelog/changes/1.0/SEC_PERMIT_RECEIVABLES_MX-20877.xml" />
  <include file="/db/changelog/changes/1.0/LNK_SEC_PERMIT_RECEIVABLES_MX-20877.xml"/>
  <include file="/db/changelog/changes/1.0/LNK_SEC_PERMIT_MX-20802.xml"/>
  <include file="/db/changelog/changes/1.0/SEC_PERMIT_KIT_MX-21266.xml"/>
  <include file="/db/changelog/changes/1.0/LNK_SEC_PERMIT_KIT_MX-21266.xml"/>
  <include file="/db/changelog/changes/1.0/SEC_PERMIT_ADJUSTMENT_MX-21656.xml"/>
  <include file="/db/changelog/changes/1.0/LNK_SEC_PERMIT_ADJUSTMENT_MX-21656.xml"/> 
  <include file="/db/changelog/changes/1.0/SEC_PERMIT_INVOICE_JOURNAL_MX_22809.xml"/>
  <include file="/db/changelog/changes/1.0/LNK_SEC_PERMIT_INVOICE_JOURNAL_MX_22809.xml"/> 
</databaseChangeLog>