<?xml version="1.0" encoding="UTF-8"?>
<databaseChangeLog
	xmlns:xsi="http://www.w3.org/2001/XMLSchema-instance"
	xmlns:ext="http://www.liquibase.org/xml/ns/dbchangelog-ext"
	xmlns="http://www.liquibase.org/xml/ns/dbchangelog"
	xsi:schemaLocation="http://www.liquibase.org/xml/ns/dbchangelog http://www.liquibase.org/xml/ns/dbchangelog/dbchangelog-3.1.xsd
        http://www.liquibase.org/xml/ns/dbchangelog-ext http://www.liquibase.org/xml/ns/dbchangelog/dbchangelog-ext.xsd">
	
	<changeSet author="dt213321"
		id="MX-132-Validation-RuleInsert-1">
		<comment>load new rules to changePassword</comment>
		<insert tableName="VALIDATION_RULE">
			<column name="RULESET" value="addUser" />
			<column name="FIELD_NAME" value="password" />
			<column name="RULE_TYPE" value="PATTERN_VALIDATION" />
			<column name="RULE" value="^(?=.*[a-z])(?=.*[A-Z])(?=.*\d)(?=.*[#$^+=!*()@%&amp;]).{8,30}$" />
			<column name="MESSAGE" value="Password requirements. Min 8 char, min 1 uppercase, min 1 number, min 1 special char." />
			<column name="RULE_ORDER" value="1" />
		</insert>
	</changeSet>
		
	<changeSet author="dt213321"
		id="MX-132-Validation-RuleInsert-2">
		<comment>load new rules to changePassword</comment>
		<insert tableName="VALIDATION_RULE">
			<column name="RULESET" value="changePassword" />
			<column name="FIELD_NAME" value="password" />
			<column name="RULE_TYPE" value="PATTERN_VALIDATION" />
			<column name="RULE" value="^(?=.*[a-z])(?=.*[A-Z])(?=.*\d)(?=.*[#$^+=!*()@%&amp;]).{8,30}$" />
			<column name="MESSAGE" value="Password requirements. Min 8 char, min 1 uppercase, min 1 number, min 1 special char." />
			<column name="RULE_ORDER" value="2" />
		</insert>
	</changeSet>

	

</databaseChangeLog>
