<?xml version="1.0" encoding="UTF-8"?>
<databaseChangeLog
	xmlns="http://www.liquibase.org/xml/ns/dbchangelog"
	xmlns:xsi="http://www.w3.org/2001/XMLSchema-instance"
	xmlns:ext="http://www.liquibase.org/xml/ns/dbchangelog-ext"
	xsi:schemaLocation="http://www.liquibase.org/xml/ns/dbchangelog http://www.liquibase.org/xml/ns/dbchangelog/dbchangelog-3.8.xsd
        http://www.liquibase.org/xml/ns/dbchangelog-ext http://www.liquibase.org/xml/ns/dbchangelog/dbchangelog-ext.xsd">

	<changeSet author="dt75758" id="MX-14521-UpdateUser">
		<insert tableName="VALIDATION_RULE">
			<column name="RULESET" value="updateUser" />
			<column name="FIELD_NAME" value="userName, locked" />
			<column name="RULE_TYPE" value="SpELAssert" />
			<column name="RULE"
				value="value=&quot;@userServiceImpl.isValidLockUnLockUserOperation(#this.userName, #this.locked)&quot;, applyIf=&quot;UserName!=null &amp;&amp; locked!=null&quot;" />
			<column name="MESSAGE"
				value="User can not lock or unlock own account" />
			<column name="RULE_ORDER" value="28" />
		</insert>
	</changeSet>
</databaseChangeLog>