<?xml version="1.0" encoding="UTF-8"?>
<databaseChangeLog
	xmlns:xsi="http://www.w3.org/2001/XMLSchema-instance"
	xmlns:ext="http://www.liquibase.org/xml/ns/dbchangelog-ext"
	xmlns="http://www.liquibase.org/xml/ns/dbchangelog"
	xsi:schemaLocation="http://www.liquibase.org/xml/ns/dbchangelog http://www.liquibase.org/xml/ns/dbchangelog/dbchangelog-3.1.xsd
        http://www.liquibase.org/xml/ns/dbchangelog-ext http://www.liquibase.org/xml/ns/dbchangelog/dbchangelog-ext.xsd">
	<changeSet author="dt224621"
		id="MX-126-Validation-RuleInsert-1">
		<comment>load new rules to addRole</comment>
		<insert tableName="VALIDATION_RULE">
			<column name="RULESET" value="addRole" />
			<column name="FIELD_NAME" value="roleType" />
			<column name="RULE_TYPE" value="NOTNULL_VALIDATION" />
			<column name="RULE" value="true" />
			<column name="MESSAGE" value="Role Type can not be null" />
			<column name="RULE_ORDER" value="1" />
		</insert>
	</changeSet>

	<changeSet author="dt224621"
		id="MX-126-Validation-RuleInsert-2">
		<comment>load new rules to addRole</comment>
		<insert tableName="VALIDATION_RULE">
			<column name="RULESET" value="addRole" />
			<column name="FIELD_NAME" value="roleName" />
			<column name="RULE_TYPE" value="NOTNULL_VALIDATION" />
			<column name="RULE" value="true" />
			<column name="MESSAGE" value="Role Name can not be null" />
			<column name="RULE_ORDER" value="1" />
		</insert>
	</changeSet>

	<changeSet author="dt224621"
		id="MX-126-Validation-RuleInsert-3">
		<comment>load new rules to addRole</comment>
		<insert tableName="VALIDATION_RULE">
			<column name="RULESET" value="addRole" />
			<column name="FIELD_NAME" value="effectiveDate" />
			<column name="RULE_TYPE" value="NOTNULL_VALIDATION" />
			<column name="RULE" value="true" />
			<column name="MESSAGE" value="Effective date can not be null" />
			<column name="RULE_ORDER" value="1" />
		</insert>
	</changeSet>

	<changeSet author="dt224621"
		id="MX-126-Validation-RuleInsert-4">
		<comment>load new rules to addRole</comment>
		<insert tableName="VALIDATION_RULE">
			<column name="RULESET" value="addRole" />
			<column name="FIELD_NAME" value="termDate" />
			<column name="RULE_TYPE" value="CUSTOM_VALIDATION" />
			<column name="RULE"
				value="com.ssnc.health.mworx.services.auth.validator.RoleTerminateDateValidator" />
			<column name="MESSAGE"
				value="Term date should be greater than Effective date" />
			<column name="RULE_ORDER" value="1" />
		</insert>
	</changeSet>
	<changeSet author="dt224621"
		id="MX-126-Validation-RuleInsert-5">
		<comment>load new rules to addRole</comment>
		<insert tableName="VALIDATION_RULE">
			<column name="RULESET" value="addRole" />
			<column name="FIELD_NAME" value="roleName" />
			<column name="RULE_TYPE" value="CUSTOM_VALIDATION" />
			<column name="RULE"
				value="com.ssnc.health.mworx.services.auth.validator.NewRoleValidator" />
			<column name="MESSAGE"
				value="Role already exists with same role type and role name" />
			<column name="RULE_ORDER" value="2" />
		</insert>
	</changeSet>
	<changeSet author="dt224621"
		id="MX-126-Validation-RuleInsert-6">
		<comment>load new rules to updateRole</comment>
		<insert tableName="VALIDATION_RULE">
			<column name="RULESET" value="updateRole" />
			<column name="FIELD_NAME" value="roleType" />
			<column name="RULE_TYPE" value="NOTNULL_VALIDATION" />
			<column name="RULE" value="true" />
			<column name="MESSAGE" value="Role Type can not be null" />
			<column name="RULE_ORDER" value="1" />
		</insert>
	</changeSet>

	<changeSet author="dt224621"
		id="MX-126-Validation-RuleInsert-7">
		<comment>load new rules to updateRole</comment>
		<insert tableName="VALIDATION_RULE">
			<column name="RULESET" value="updateRole" />
			<column name="FIELD_NAME" value="roleName" />
			<column name="RULE_TYPE" value="NOTNULL_VALIDATION" />
			<column name="RULE" value="true" />
			<column name="MESSAGE" value="Role Name can not be null" />
			<column name="RULE_ORDER" value="1" />
		</insert>
	</changeSet>

	<changeSet author="dt224621"
		id="MX-126-Validation-RuleInsert-8">
		<comment>load new rules to updateRole</comment>
		<insert tableName="VALIDATION_RULE">
			<column name="RULESET" value="updateRole" />
			<column name="FIELD_NAME" value="effectiveDate" />
			<column name="RULE_TYPE" value="NOTNULL_VALIDATION" />
			<column name="RULE" value="true" />
			<column name="MESSAGE" value="Effective date can not be null" />
			<column name="RULE_ORDER" value="1" />
		</insert>
	</changeSet>

	<changeSet author="dt224621"
		id="MX-126-Validation-RuleInsert-9">
		<comment>load new rules to updateRole</comment>
		<insert tableName="VALIDATION_RULE">
			<column name="RULESET" value="updateRole" />
			<column name="FIELD_NAME" value="termDate" />
			<column name="RULE_TYPE" value="CUSTOM_VALIDATION" />
			<column name="RULE"
				value="com.ssnc.health.mworx.services.auth.validator.RoleTerminateDateValidator" />
			<column name="MESSAGE"
				value="Term date should be greater than Effective date" />
			<column name="RULE_ORDER" value="1" />
		</insert>
	</changeSet>
	
	<changeSet author="dt224621"
	id="MX-126-Validation-RuleInsert-10">
	<comment>load new rules to updateRole</comment>
	<insert tableName="VALIDATION_RULE">
		<column name="RULESET" value="updateRole" />
		<column name="FIELD_NAME" value="roleName" />
		<column name="RULE_TYPE" value="CUSTOM_VALIDATION" />
		<column name="RULE"
			value="com.ssnc.health.mworx.services.auth.validator.UpdateRoleValidator" />
		<column name="MESSAGE"
			value="Role does not exist with given role type and role name" />
		<column name="RULE_ORDER" value="2" />
	</insert>
</changeSet>

<changeSet author="dt224621"
	id="MX-126-Validation-RuleInsert-11">
	<comment>load new rules to updateRole</comment>
	<insert tableName="VALIDATION_RULE">
		<column name="RULESET" value="updateRole" />
		<column name="FIELD_NAME" value="roleName" />
		<column name="RULE_TYPE" value="PATTERN_VALIDATION" />
		<column name="RULE" value="^.{1,50}$" />
		<column name="MESSAGE"
			value="Role Name length should be more than 1 char and less than 50 chars " />
		<column name="RULE_ORDER" value="3" />
	</insert>
</changeSet>

	<changeSet author="dt224621"
		id="MX-126-Validation-RuleInsert-12">
		<comment>load new rules to updateRole</comment>
		<insert tableName="VALIDATION_RULE">
			<column name="RULESET" value="updateRole" />
			<column name="FIELD_NAME" value="roleType" />
			<column name="RULE_TYPE" value="PATTERN_VALIDATION" />
			<column name="RULE" value="^.{1,50}$" />
			<column name="MESSAGE"
				value="Role Type length should be more than 1 char and less than 50 chars " />
			<column name="RULE_ORDER" value="2" />
		</insert>
	</changeSet>

	<changeSet author="dt224621"
		id="MX-126-Validation-RuleInsert-13">
		<comment>load new rules to addRole</comment>
		<insert tableName="VALIDATION_RULE">
			<column name="RULESET" value="addRole" />
			<column name="FIELD_NAME" value="roleName" />
			<column name="RULE_TYPE" value="PATTERN_VALIDATION" />
			<column name="RULE" value="^.{1,50}$" />
			<column name="MESSAGE"
				value="Role Name length should be more than 1 char and less than 50 chars " />
			<column name="RULE_ORDER" value="3" />
		</insert>
	</changeSet>

	<changeSet author="dt224621"
		id="MX-126-Validation-RuleInsert-14">
		<comment>load new rules to addRole</comment>
		<insert tableName="VALIDATION_RULE">
			<column name="RULESET" value="addRole" />
			<column name="FIELD_NAME" value="roleType" />
			<column name="RULE_TYPE" value="PATTERN_VALIDATION" />
			<column name="RULE" value="^.{1,50}$" />
			<column name="MESSAGE"
				value="Role Type length should be more than 1 char and less than 50 chars " />
			<column name="RULE_ORDER" value="2" />
		</insert>
	</changeSet>

</databaseChangeLog>