<?xml version="1.0" encoding="UTF-8"?>
<databaseChangeLog
	xmlns:xsi="http://www.w3.org/2001/XMLSchema-instance"
	xmlns:ext="http://www.liquibase.org/xml/ns/dbchangelog-ext"
	xmlns="http://www.liquibase.org/xml/ns/dbchangelog"
	xsi:schemaLocation="http://www.liquibase.org/xml/ns/dbchangelog http://www.liquibase.org/xml/ns/dbchangelog/dbchangelog-3.1.xsd
        http://www.liquibase.org/xml/ns/dbchangelog-ext http://www.liquibase.org/xml/ns/dbchangelog/dbchangelog-ext.xsd">
	<changeSet author="dt226510"
		id="MX-127-Validation-RuleInsert-1">
		<comment>load new rules to changePassword</comment>
		<insert tableName="VALIDATION_RULE">
			<column name="RULESET" value="changePassword" />
			<column name="FIELD_NAME" value="password" />
			<column name="RULE_TYPE" value="NOTNULL_VALIDATION" />
			<column name="RULE" value="true" />
			<column name="MESSAGE" value="Password can not be null" />
			<column name="RULE_ORDER" value="1" />
		</insert>
	</changeSet>
	
	<changeSet author="dt226510"
		id="MX-127-Validation-RuleInsert-2">
		<comment>load new rules to changePassword</comment>
		<insert tableName="VALIDATION_RULE">
			<column name="RULESET" value="changePassword" />
			<column name="FIELD_NAME" value="userName" />
			<column name="RULE_TYPE" value="NOTNULL_VALIDATION" />
			<column name="RULE" value="true" />
			<column name="MESSAGE" value="User Name can not be null" />
			<column name="RULE_ORDER" value="1" />
		</insert>
	</changeSet>

	

</databaseChangeLog>
