<?xml version="1.0" encoding="UTF-8"?>
<databaseChangeLog
	xmlns:xsi="http://www.w3.org/2001/XMLSchema-instance"
	xmlns:ext="http://www.liquibase.org/xml/ns/dbchangelog-ext"
	xmlns="http://www.liquibase.org/xml/ns/dbchangelog"
	xsi:schemaLocation="http://www.liquibase.org/xml/ns/dbchangelog http://www.liquibase.org/xml/ns/dbchangelog/dbchangelog-3.1.xsd
        http://www.liquibase.org/xml/ns/dbchangelog-ext http://www.liquibase.org/xml/ns/dbchangelog/dbchangelog-ext.xsd">

	<changeSet author="dt213321"
		id="MX-122-Validation-RuleInsert-1">
		<comment>load new rules to middle name for add user</comment>
		<insert tableName="VALIDATION_RULE">
			<column name="RULESET" value="addUser" />
			<column name="FIELD_NAME" value="middleName" />
			<column name="RULE_TYPE" value="PATTERN_VALIDATION" />
			<column name="RULE" value="^\S{0,30}$" />
			<column name="MESSAGE"
				value="Middle name length should not be longer than 30 characters." />
			<column name="RULE_ORDER" value="1" />
		</insert>
	</changeSet>

	<changeSet author="dt213321"
		id="MX-122-Validation-RuleInsert-2">
		<comment>load new rules to middle name for update user</comment>
		<insert tableName="VALIDATION_RULE">
			<column name="RULESET" value="updateUser" />
			<column name="FIELD_NAME" value="middleName" />
			<column name="RULE_TYPE" value="PATTERN_VALIDATION" />
			<column name="RULE" value="^\S{0,30}$" />
			<column name="MESSAGE"
				value="Middle name length should not be longer than 30 characters." />
			<column name="RULE_ORDER" value="1" />
		</insert>
	</changeSet>

	<changeSet author="dt213321"
		id="MX-122-Validation-RuleInsert-3">
		<comment>load new rules to birth date for update user</comment>
		<insert tableName="VALIDATION_RULE">
			<column name="RULESET" value="updateUser" />
			<column name="FIELD_NAME" value="birthDate" />
			<column name="RULE_TYPE" value="CUSTOM_VALIDATION" />
			<column name="RULE"
				value="com.ssnc.health.mworx.services.auth.validator.UserBirthDateValidator" />
			<column name="MESSAGE"
				value="Birthdate cannot be in the future." />
			<column name="RULE_ORDER" value="1" />
		</insert>
	</changeSet>

	<changeSet author="dt213321"
		id="MX-122-Validation-RuleInsert-4">
		<comment>load new rules termination date for add user</comment>
		<insert tableName="VALIDATION_RULE">
			<column name="RULESET" value="addUser" />
			<column name="FIELD_NAME" value="termDate" />
			<column name="RULE_TYPE" value="CUSTOM_VALIDATION" />
			<column name="RULE"
				value="com.ssnc.health.mworx.services.auth.validator.UserTerminateDateValidator" />
			<column name="MESSAGE"
				value="Termination date must be after the effective date." />
			<column name="RULE_ORDER" value="1" />
		</insert>
	</changeSet>

	<changeSet author="dt213321"
		id="MX-122-Validation-RuleInsert-5">
		<comment>load new rules to termination date for update user</comment>
		<insert tableName="VALIDATION_RULE">
			<column name="RULESET" value="updateUser" />
			<column name="FIELD_NAME" value="termDate" />
			<column name="RULE_TYPE" value="CUSTOM_VALIDATION" />
			<column name="RULE"
				value="com.ssnc.health.mworx.services.auth.validator.UserTerminateDateValidator" />
			<column name="MESSAGE"
				value="Termination date must be after the effective date." />
			<column name="RULE_ORDER" value="1" />
		</insert>
	</changeSet>

	<changeSet author="dt213321"
		id="MX-122-Validation-RuleInsert-6">
		<comment>load new rules to birth date for add user</comment>
		<insert tableName="VALIDATION_RULE">
			<column name="RULESET" value="addUser" />
			<column name="FIELD_NAME" value="birthDate" />
			<column name="RULE_TYPE" value="CUSTOM_VALIDATION" />
			<column name="RULE"
				value="com.ssnc.health.mworx.services.auth.validator.UserBirthDateValidator" />
			<column name="MESSAGE"
				value="Birthdate cannot be in the future." />
			<column name="RULE_ORDER" value="1" />
		</insert>
	</changeSet>


</databaseChangeLog>
