<?xml version="1.0" encoding="UTF-8"?>
<databaseChangeLog
	xmlns="http://www.liquibase.org/xml/ns/dbchangelog"
	xmlns:xsi="http://www.w3.org/2001/XMLSchema-instance"
	xmlns:ext="http://www.liquibase.org/xml/ns/dbchangelog-ext"
	xsi:schemaLocation="http://www.liquibase.org/xml/ns/dbchangelog http://www.liquibase.org/xml/ns/dbchangelog/dbchangelog-3.8.xsd
        http://www.liquibase.org/xml/ns/dbchangelog-ext http://www.liquibase.org/xml/ns/dbchangelog/dbchangelog-ext.xsd">

	<changeSet id="MX-2239-Audit-1" author="dt71277">
		<createSequence 
			incrementBy="1"  minValue="1" 
			sequenceName="SEC_COMPANY_SEQ" startValue="1" />
	</changeSet>
    <changeSet id="MM-363-1" author="dt203397">
        <createTable tableName="SEC_COMPANY">
            <column name="COMPANY_ID" type="BIGINT" defaultValueSequenceNext="SEC_COMPANY_SEQ" remarks="primary key">
                <constraints primaryKey="true" nullable="false" primaryKeyName="SEC_COMPANY_PK"/>
            </column>
            <column name="COMPANY" type="VARCHAR(50)">
                <constraints nullable="false"/>
            </column>
            <column name="ADDRESS1" type="VARCHAR(50)"/>
            <column name="ADDRESS2" type="VARCHAR(50)"/>
            <column name="CITY" type="VARCHAR(50)"/>
            <column name="STATE" type="CHAR(2)"/>
            <column name="ZIP" type="CHAR(9)"/>
            <column name="COUNTRY" type="VARCHAR(30)"/>
            <column name="PHONE" type="VARCHAR(30)"/>
            <column name="WEBSITE" type="VARCHAR(100)"/>
            <column name="DESCRIPTION" type="VARCHAR(255)"/>
            <column name="CONTACT_PERSON" type="VARCHAR(60)"/>
            <column name="ACTIVE" type="CHAR(1)"/>
            <column name="ADDITIONAL_DATA" type="VARCHAR(255)"/>
            <column name="LEGACY_SYSTEM_ID" type="VARCHAR(30)"/>
            <column name="CREATED" type="TIMESTAMP WITH TIME ZONE"/>
            <column name="CREATEBY" type="BIGINT"/>
            <column name="UPDATED" type="TIMESTAMP WITH TIME ZONE"/>
            <column name="UPDATEBY" type="BIGINT"/>
        </createTable>
    </changeSet>
	
	<changeSet id="MX-10293-1" author="dt209421">
		<createSequence 
			incrementBy="1"  minValue="1" sequenceName="SEC_DEPT_SEQ" startValue="1" />
	</changeSet>
    <changeSet id="MM-363-2" author="dt203397">
        <createTable tableName="SEC_DEPARTMENT">
            <column name="DEPT_ID" type="BIGINT" defaultValueSequenceNext="SEC_DEPT_SEQ" remarks="primary key">
                <constraints primaryKey="true" nullable="false" primaryKeyName="SEC_DEPARTMENT_PK"/>
            </column>
            <column name="COMPANY_ID" type="BIGINT">
                <constraints foreignKeyName="SEC_DEPARTMENT_FK_1" referencedTableName="SEC_COMPANY"
                             referencedColumnNames="COMPANY_ID"/>
            </column>
            <column name="DEPARTMENT" type="VARCHAR(50)">
                <constraints nullable="false"/>
            </column>
            <column name="INTERNAL_ID" type="VARCHAR(30)"/>
            <column name="DESCRIPTION" type="VARCHAR(255)"/>
            <column name="ACTIVE" type="CHAR(1)"/>
            <column name="ADDRESS1" type="VARCHAR(50)"/>
            <column name="ADDRESS2" type="VARCHAR(50)"/>
            <column name="CITY" type="VARCHAR(50)"/>
            <column name="STATE" type="CHAR(2)"/>
            <column name="ZIP" type="CHAR(9)"/>
            <column name="COUNTY" type="VARCHAR(30)"/>
            <column name="COUNTRY" type="VARCHAR(30)"/>
            <column name="PHONE" type="VARCHAR(30)"/>
            <column name="FAX" type="VARCHAR(30)"/>
            <column name="ADDITIONAL_DATA" type="VARCHAR(255)"/>
            <column name="LEGACY_SYSTEM_ID" type="VARCHAR(30)"/>
            <column name="CREATED" type="TIMESTAMP WITH TIME ZONE"/>
            <column name="CREATEBY" type="BIGINT"/>
            <column name="UPDATED" type="TIMESTAMP WITH TIME ZONE"/>
            <column name="UPDATEBY" type="BIGINT"/>
        </createTable>
    </changeSet>	
    <changeSet id="MM-363-3" author="dt203397">
        <createIndex tableName="SEC_DEPARTMENT" indexName="SEC_DEPARTMENT_IX_1">
            <column name="COMPANY_ID"></column>
        </createIndex>
    </changeSet>
	
	<changeSet id="MX-126-10" author="dt75546">
		<comment>Create sequence for SEC_ROLE table</comment>
		<createSequence incrementBy="1" minValue="1" sequenceName="SEC_ROLE_SEQ" startValue="1" />
	</changeSet>
	<changeSet id="MX-126-7" author="dt75546">
		<comment>Create SEC_ROLE table</comment>
		<createTable tableName="SEC_ROLE">
			<column name="ROLE_ID" type="BIGINT" defaultValueSequenceNext="SEC_ROLE_SEQ" remarks="primary key">
				<constraints primaryKey="true" nullable="false"
					primaryKeyName="SEC_ROLE_PK" />
			</column>
			<column name="ROLE_TYPE" type="VARCHAR(50)">
				<constraints nullable="false" />
			</column>
			<column name="ROLE_NAME" type="VARCHAR(50)">
				<constraints nullable="false" />
			</column>
			<column name="DESCRIPTION" type="VARCHAR(255)" />
			<column name="ACTIVE" type="CHAR(1)" />
			<column name="EFF_DATE" type="DATE">
				<constraints nullable="false" />
			</column>
			<column name="TERM_DATE" type="DATE" />
			<column name="DB_ROLE" type="VARCHAR(30)" />
			<column name="ADDITIONAL_DATA" type="VARCHAR(255)" />
			<column name="LEGACY_SYSTEM_ID" type="VARCHAR(30)" />
			<column name="CREATED" type="TIMESTAMP WITH TIME ZONE" />
			<column name="CREATEBY" type="BIGINT" />
			<column name="UPDATED" type="TIMESTAMP WITH TIME ZONE" />
			<column name="UPDATEBY" type="BIGINT" />
		</createTable>
	</changeSet>

	<changeSet id="MX-126-8" author="dt75546">
		<comment>Create index on SEC_ROLE(ROLE_ID)</comment>
		<createIndex tableName="SEC_ROLE"
			indexName="SEC_ROLE_IX_1">
			<column name="ROLE_ID"></column>
		</createIndex>
	</changeSet>

	<changeSet id="MX-126-9" author="dt75546">
		<comment>Create unique constraint for columns ROLE_TYPE and ROLE_NAME in SEC_ROLE table
    </comment>
		<addUniqueConstraint tableName="SEC_ROLE"
			columnNames="ROLE_TYPE, ROLE_NAME" constraintName="SEC_ROLE_UNIQUE" />
	</changeSet>


	<changeSet id="MX-126-14" author="dt75546">
		<comment>Create sequence for SEC_PERMIT table</comment>
		<createSequence incrementBy="1" minValue="1" sequenceName="SEC_PERMIT_SEQ" startValue="1" />
	</changeSet>
	<changeSet id="MX-126-11" author="dt75546">
		<comment>Create SEC_PERMIT table</comment>
		<createTable tableName="SEC_PERMIT">
			<column name="PERMIT_ID" type="BIGINT" defaultValueSequenceNext="SEC_PERMIT_SEQ" remarks="primary key">
				<constraints primaryKey="true" nullable="false"
					primaryKeyName="SEC_PERMIT_PK" />
			</column>
			<column name="PERMIT_PRIMARY" type="VARCHAR(50)">
				<constraints nullable="false" />
			</column>
			<column name="PERMIT_SECONDARY" type="VARCHAR(50)">
				<constraints nullable="false" />
			</column>
			<column name="PERMIT_ADDITIONAL" type="VARCHAR(50)" />
			<column name="DESCRIPTION" type="VARCHAR(255)" />
			<column name="ACTIVE" type="CHAR(1)" />
			<column name="READ_ONLY" type="CHAR(1)" />
			<column name="LEGACY_SYSTEM_ID" type="VARCHAR(30)" />
			<column name="CREATED" type="TIMESTAMP WITH TIME ZONE" />
			<column name="CREATEBY" type="BIGINT" />
			<column name="UPDATED" type="TIMESTAMP WITH TIME ZONE" />
			<column name="UPDATEBY" type="BIGINT" />
		</createTable>
	</changeSet>

	<changeSet id="MX-126-12" author="dt75546">
		<comment>Create index on SEC_PERMIT(PERMIT_ID)</comment>
		<createIndex tableName="SEC_PERMIT"
			indexName="SEC_PERMIT_IX_1">
			<column name="PERMIT_ID"></column>
		</createIndex>
	</changeSet>

	<changeSet id="MX-126-13" author="dt75546">
		<comment>Create unique constraint for columns PERMIT_PRIMARY and PERMIT_SECONDARY in SEC_ROLE
      table
    </comment>
		<addUniqueConstraint tableName="SEC_PERMIT"
			columnNames="PERMIT_PRIMARY, PERMIT_SECONDARY"
			constraintName="SEC_PERMIT_UNIQUE" />
	</changeSet>
	
	<changeSet id="MX-126-19" author="dt75546">
		<comment>Create sequence for LNK_ROLE_LOB_PERMIT table</comment>
		<createSequence incrementBy="1" minValue="1" sequenceName="LNK_ROLE_LOB_PERMIT_SEQ" startValue="1" />
	</changeSet>
	<changeSet id="MX-126-15" author="dt75546">
		<comment>Create LNK_ROLE_LOB_PERMIT table</comment>
		<createTable tableName="LNK_ROLE_LOB_PERMIT">
			<column name="LINK_ID" type="BIGINT" defaultValueSequenceNext="LNK_ROLE_LOB_PERMIT_SEQ" remarks="primary key">
				<constraints primaryKey="true" nullable="false"
					primaryKeyName="LNK_ROLE_LOB_PERMIT_PK" />
			</column>
			<column name="ROLE_ID" type="BIGINT">
				<constraints foreignKeyName="LNK_ROLE_LOB_PERMIT_FK_1"
					referencedTableName="SEC_ROLE" referencedColumnNames="ROLE_ID" />
			</column>
			<column name="LOB_ID" type="BIGINT" />
			<column name="PERMIT_ID" type="BIGINT">
				<constraints foreignKeyName="LNK_ROLE_LOB_PERMIT_FK_2"
					referencedTableName="SEC_PERMIT" referencedColumnNames="PERMIT_ID" />
			</column>
			<column name="ACTIVE" type="CHAR(1)" />
		</createTable>
	</changeSet>

	<changeSet id="MX-126-16" author="dt75546">
		<comment>Create index on LNK_ROLE_LOB_PERMIT(PERMIT_ID)</comment>
		<createIndex tableName="LNK_ROLE_LOB_PERMIT"
			indexName="LNK_ROLE_LOB_PERMIT_IX_1">
			<column name="PERMIT_ID"></column>
		</createIndex>
	</changeSet>

	<changeSet id="MX-126-17" author="dt75546">
		<comment>Create index on LNK_ROLE_LOB_PERMIT(ROLE_ID)</comment>
		<createIndex tableName="LNK_ROLE_LOB_PERMIT"
			indexName="LNK_ROLE_LOB_PERMIT_IX_2">
			<column name="ROLE_ID"></column>
		</createIndex>
	</changeSet>

	<changeSet id="MX-126-18" author="dt75546">
		<comment>Create index on LNK_ROLE_LOB_PERMIT(LOB_ID")</comment>
		<createIndex tableName="LNK_ROLE_LOB_PERMIT"
			indexName="LNK_ROLE_LOB_PERMIT_IX_3">
			<column name="LOB_ID"></column>
		</createIndex>
	</changeSet>

	<changeSet id="MX-126-24" author="dt75546">
		<comment>Create sequence for USER_BASIC table</comment>
		<createSequence incrementBy="1" minValue="1" sequenceName="USER_BASIC_SEQ" startValue="1" />
	</changeSet>
	<changeSet id="MX-126-20" author="dt75546">
		<comment>Create USER_BASIC table</comment>
		<createTable tableName="USER_BASIC">
			<column name="USER_ID" type="BIGINT" defaultValueSequenceNext="USER_BASIC_SEQ" remarks="Primary Key">
				<constraints nullable="false" primaryKey="true"
					primaryKeyName="USER_BASIC_PK" />
			</column>
			<column name="DEPT_ID" type="INT">
				<constraints foreignKeyName="USER_BASIC_FK_1"
					referencedTableName="SEC_DEPARTMENT"
					referencedColumnNames="DEPT_ID" />
			</column>
			<column name="ROLE_ID" type="BIGINT">
				<constraints foreignKeyName="USER_BASIC_FK_2"
					referencedTableName="SEC_ROLE" referencedColumnNames="ROLE_ID" />
			</column>
			<column name="USERNAME" type="VARCHAR(60)"
				remarks="Email of the staff">
				<constraints nullable="false" unique="true" />
			</column>
			<column name="INTERNAL_ID" type="VARCHAR(30)" />
			<column name="FIRST_NAME" type="VARCHAR(40)">
				<constraints nullable="false" />
			</column>
			<column name="MIDDLE_NAME" type="VARCHAR(30)" />
			<column name="LAST_NAME" type="VARCHAR(40)">
				<constraints nullable="false" />
			</column>
			<column name="PREFIX" type="VARCHAR(30)" />
			<column name="SUFFIX" type="VARCHAR(30)" />
			<column name="GENDER" type="CHAR(1)" />
			<column name="BIRTH_DATE" type="DATE" />
			<column name="TITLE" type="VARCHAR(40)" />
			<column name="MODEL_from" type="INT" />
			<column name="LOCKED" type="CHAR(1)" />
			<column name="ACTIVE" type="CHAR(1)" />
			<column name="EFF_DATE" type="DATE" />
			<column name="TERM_DATE" type="DATE" />
			<column name="MANAGER_ID" type="INT" />
			<column name="LEGACY_SYSTEM_ID" type="VARCHAR(30)" />
			<column name="DESCRIPTION" type="VARCHAR(255)" />
			<column name="ADDITIONAL_DATA" type="VARCHAR(255)" />
			<column name="CREATED" type="TIMESTAMP WITH TIME ZONE" />
			<column name="CREATEBY" type="BIGINT" />
			<column name="UPDATED" type="TIMESTAMP WITH TIME ZONE" />
			<column name="UPDATEBY" type="BIGINT" />
		</createTable>
	</changeSet>

	<changeSet id="MX-126-21" author="dt75546">
		<comment>Create index on USER_BASIC(USER_ID)</comment>
		<createIndex tableName="USER_BASIC"
			indexName="USER_BASIC_IX_1">
			<column name="USER_ID"></column>
		</createIndex>
	</changeSet>

	<changeSet id="MX-126-22" author="dt75546">
		<comment>Create index on USER_BASIC(DEPT_ID)</comment>
		<createIndex tableName="USER_BASIC"
			indexName="USER_BASIC_IX_2">
			<column name="DEPT_ID"></column>
		</createIndex>
	</changeSet>

	<changeSet id="MX-126-23" author="dt75546">
		<comment>Create index on USER_BASIC(ROLE_ID)</comment>
		<createIndex tableName="USER_BASIC"
			indexName="USER_BASIC_IX_3">
			<column name="ROLE_ID"></column>
		</createIndex>
	</changeSet>

	<changeSet id="MX-126-28" author="dt75546">
		<comment>Create sequence for USER_LOGIN table</comment>
		<createSequence incrementBy="1" minValue="1" sequenceName="USER_LOGIN_SEQ" startValue="1" />
	</changeSet>

	<changeSet id="MX-126-25" author="dt75546">
		<comment>Create USER_LOGIN table</comment>
		<createTable tableName="USER_LOGIN">
			<column name="USERLOGIN_ID" type="BIGINT" defaultValueSequenceNext="USER_LOGIN_SEQ" remarks="Primary Key">
				<constraints nullable="false" primaryKey="true"
					primaryKeyName="USER_LOGIN_PK" />
			</column>
			<column name="USER_ID" type="BIGINT">
				<constraints foreignKeyName="USER_LOGIN_FK_1"
					referencedTableName="USER_BASIC" referencedColumnNames="USER_ID" />
			</column>
			<column name="PASSWORD" type="VARCHAR(150)" />
			<column name="ENCRYPT_KEY" type="VARCHAR(100)" />
			<column name="FAILURE_ATTEMPTS" type="INT" />
			<column name="LAST_LOGIN" type="TIMESTAMP WITH TIME ZONE" />
			<column name="LAST_LOGOUT" type="TIMESTAMP WITH TIME ZONE" />
			<column name="CREATED" type="TIMESTAMP WITH TIME ZONE" />
			<column name="UPDATED" type="TIMESTAMP WITH TIME ZONE" />
			<column name="CREATEBY" type="BIGINT" />
			<column name="UPDATEBY" type="BIGINT" />
		</createTable>
	</changeSet>

	<changeSet id="MX-126-26" author="dt75546">
		<comment>Create index on USER_LOGIN(USERLOGIN_ID)</comment>
		<createIndex tableName="USER_LOGIN"
			indexName="USER_LOGIN_IX_1">
			<column name="USERLOGIN_ID"></column>
		</createIndex>
	</changeSet>

	<changeSet id="MX-126-27" author="dt75546">
		<comment>Create index on USER_LOGIN(USERLOGIN_ID)</comment>
		<createIndex tableName="USER_LOGIN"
			indexName="USER_LOGIN_IX_2">
			<column name="USER_ID"></column>
		</createIndex>
	</changeSet>

	<changeSet id="MX-126-32" author="dt75546">
		<comment>Create sequence for USER_CONTACT table</comment>
		<createSequence incrementBy="1" minValue="1" sequenceName="USER_CONTACT_SEQ" startValue="1" />
	</changeSet>
	<changeSet id="MX-126-29" author="dt75546">
		<comment>Create USER_CONTACT table</comment>
		<createTable tableName="USER_CONTACT">
			<column name="CONTACT_ID" type="BIGINT">
				<constraints nullable="false" primaryKey="true"
					primaryKeyName="USER_CONTACT_PK" />
			</column>
			<column name="USER_ID" type="BIGINT">
				<constraints foreignKeyName="USER_CONTACT_FK_1"
					referencedTableName="USER_BASIC" referencedColumnNames="USER_ID" />
			</column>
			<column name="PREFER" type="CHAR(1)" />
			<column name="CONTACT_TYPE" type="VARCHAR(30)" />
			<column name="CONTACT_INFO" type="VARCHAR(50)" />
			<column name="ADDITIONAL_DATA" type="VARCHAR(255)" />
			<column name="CREATED" type="TIMESTAMP WITH TIME ZONE" />
			<column name="UPDATED" type="TIMESTAMP WITH TIME ZONE" />
			<column name="CREATEBY" type="BIGINT" />
			<column name="UPDATEBY" type="BIGINT" />
		</createTable>
	</changeSet>

	<changeSet id="MX-126-30" author="dt75546">
		<comment>Create index on USER_CONTACT(CONTACT_ID)</comment>
		<createIndex tableName="USER_CONTACT"
			indexName="USER_CONTACT_IX_1">
			<column name="CONTACT_ID"></column>
		</createIndex>
	</changeSet>

	<changeSet id="MX-126-31" author="dt75546">
		<comment>Create index on USER_CONTACT(USER_ID)</comment>
		<createIndex tableName="USER_CONTACT"
			indexName="USER_CONTACT_IX_2">
			<column name="USER_ID"></column>
		</createIndex>
	</changeSet>

	<changeSet id="MX-126-33" author="dt224621">
		<comment>Create permit SECURITY VIEW</comment>
		<insert tableName="SEC_PERMIT">
			<column name="PERMIT_ID" valueSequenceNext="SEC_PERMIT_SEQ" />
			<column name="ACTIVE" value="Y" />
			<column name="CREATED" valueDate="CURRENT_DATE" />
			<column name="DESCRIPTION" value="Security View" />
			<column name="PERMIT_PRIMARY" value="SECURITY" />
			<column name="PERMIT_SECONDARY" value="VIEW" />
		</insert>
	</changeSet>

	<changeSet id="MX-126-34" author="dt224621">
		<comment>Create permit SECURITY UPDATE</comment>
		<insert tableName="SEC_PERMIT">
			<column name="PERMIT_ID" valueSequenceNext="SEC_PERMIT_SEQ" />
			<column name="ACTIVE" value="Y" />
			<column name="CREATED" valueDate="CURRENT_DATE" />
			<column name="DESCRIPTION" value="Security View" />
			<column name="PERMIT_PRIMARY" value="SECURITY" />
			<column name="PERMIT_SECONDARY" value="UPDATE" />
		</insert>
	</changeSet>

	<changeSet id="MX-126-35" author="dt224621">
		<comment>Create Role Security</comment>
		<insert tableName="SEC_ROLE">
			<column name="ROLE_ID" valueSequenceNext="SEC_ROLE_SEQ" />
			<column name="ROLE_TYPE" value="System Admin" />
			<column name="ROLE_NAME" value="Security" />
			<column name="EFF_DATE" valueDate="CURRENT_DATE" />
			<column name="DESCRIPTION" value="System Admin" />
			<column name="ACTIVE" value="Y" />
			<column name="CREATED" valueDate="CURRENT_DATE" />
		</insert>
	</changeSet>

	<changeSet id="MX-126-36" author="dt224621">
		<comment>Associate permits to role</comment>
		<insert tableName="LNK_ROLE_LOB_PERMIT">
			<column name="LINK_ID"
				valueSequenceNext="LNK_ROLE_LOB_PERMIT_SEQ" />
			<column name="PERMIT_ID"
				valueComputed="(select permit_id from sec_permit where permit_primary='SECURITY' and permit_secondary='VIEW')" />
			<column name="ROLE_ID"
				valueComputed="(select role_id from sec_role where role_type='System Admin' and role_name='Security')" />
		</insert>
	</changeSet>

	<changeSet id="MX-126-37" author="dt224621">
		<comment>Associate permits to role</comment>
		<insert tableName="LNK_ROLE_LOB_PERMIT">
			<column name="LINK_ID"
				valueSequenceNext="LNK_ROLE_LOB_PERMIT_SEQ" />
			<column name="PERMIT_ID"
				valueComputed="(select permit_id from sec_permit where permit_primary='SECURITY' and permit_secondary='UPDATE')" />
			<column name="ROLE_ID"
				valueComputed="(select role_id from sec_role where role_type='System Admin' and role_name='Security')" />
		</insert>
	</changeSet>

	<changeSet id="MX-126-38" author="dt224621">
		<comment>Create default user</comment>
		<insert tableName="user_basic">
			<column name="USER_ID" valueSequenceNext="USER_BASIC_SEQ" />
			<column name="FIRST_NAME" value="root" />
			<column name="LAST_NAME" value="root" />
			<column name="USERNAME" value="root" />
			<column name="ACTIVE" value="Y" />
			<column name="LOCKED" value="N" />
			<column name="EFF_DATE" valueDate="CURRENT_DATE" />
			<column name="CREATED" valueDate="CURRENT_DATE" />
			<column name="ROLE_ID"
				valueComputed="(select role_id from sec_role where role_type='System Admin' and role_name='Security')" />
		</insert>
	</changeSet>

	<changeSet id="MX-126-39" author="dt224621">
		<comment>Create default user login</comment>
		<insert tableName="USER_LOGIN">
			<column name="USERLOGIN_ID" valueSequenceNext="USER_LOGIN_SEQ" />
			<column name="PASSWORD" value="{noop}password1" />
			<column name="USER_ID"
				valueComputed="(select user_id from user_basic where username='root')" />
			<column name="CREATED" valueDate="CURRENT_DATE" />
			<column name="UPDATED" valueDate="CURRENT_DATE" />
		</insert>
	</changeSet>

	<changeSet id="MX-126-40" author="dt224621">
		<comment>Set the active flag of existing roles and permits to Y in LNK_ROLE_LOB_PERMIT</comment>
		<update tableName="LNK_ROLE_LOB_PERMIT">
			<column name="active" value="Y"></column>
			<where>active IS NULL</where>
		</update>
	</changeSet>
	
	<changeSet id="MX-126-rename-Model-From" author="dt75758">
		<comment>Rename the MODEL_From to model_from</comment>
		<renameColumn columnDataType="INT" oldColumnName="MODEL_from" newColumnName="model_from" tableName="user_basic" />
	</changeSet>

</databaseChangeLog>