<?xml version="1.0" encoding="UTF-8"?>
<databaseChangeLog
	xmlns:xsi="http://www.w3.org/2001/XMLSchema-instance"
	xmlns:ext="http://www.liquibase.org/xml/ns/dbchangelog-ext"
	xmlns="http://www.liquibase.org/xml/ns/dbchangelog"
	xsi:schemaLocation="http://www.liquibase.org/xml/ns/dbchangelog http://www.liquibase.org/xml/ns/dbchangelog/dbchangelog-3.1.xsd
        http://www.liquibase.org/xml/ns/dbchangelog-ext http://www.liquibase.org/xml/ns/dbchangelog/dbchangelog-ext.xsd">

	<changeSet id="MX-122-1" author="dt75758">
		<comment>Add NOT NULL constraint for EFF_DATE column
		</comment>
		<dropNotNullConstraint tableName="USER_BASIC"
			columnName="EFF_DATE" />
	</changeSet>

	<changeSet id="MX-122-user-update-permit" author="dt75758">
		<comment>Permit for user update.</comment>
		<insert tableName="SEC_PERMIT">
			<column name="PERMIT_ID" valueSequenceNext="SEC_PERMIT_SEQ" />
			<column name="ACTIVE" value="Y" />
			<column name="CREATED" value="now()" />
			<column name="DESCRIPTION" value="USER UPDATE PERMIT" />
			<column name="PERMIT_PRIMARY" value="USER" />
			<column name="PERMIT_SECONDARY" value="UPDATE" />
			<column name="CREATEBY"
				valueComputed="(select user_id from user_basic where username='root')" />
			<column name="UPDATED" value="now()" />
			<column name="UPDATEBY"
				valueComputed="(select user_id from user_basic where username='root')" />
		</insert>
	</changeSet>

	<changeSet id="MX-122-user-permit-role" author="dt75758">
		<comment>Associate user UPDATE permit to System Admin Role</comment>
		<insert tableName="LNK_ROLE_LOB_PERMIT">
			<column name="LINK_ID"
				valueSequenceNext="LNK_ROLE_LOB_PERMIT_SEQ" />
			<column name="PERMIT_ID"
				valueComputed="(select permit_id from sec_permit where permit_primary='USER' and permit_secondary='UPDATE')" />
			<column name="ROLE_ID"
				valueComputed="(select role_id from sec_role where role_type='System Admin' and role_name='Security')" />
		</insert>
	</changeSet>

	<changeSet id="MX-122-delete-rules" author="dt75758">
		<delete tableName="VALIDATION_RULE">
			<where>ruleset='newUser'</where>
		</delete>
	</changeSet>

	<changeSet id="MX-122-userAdd-required-field-validations"
		author="dt75758">
		<comment>Rules for user name, first name, last name, gender, effective
			date, role type, role name, contact type and contact info.
		</comment>
		<insert tableName="VALIDATION_RULE">
			<column name="RULESET" value="addUser" />
			<column name="FIELD_NAME" value="userName" />
			<column name="RULE_TYPE" value="NOTNULL_VALIDATION" />
			<column name="RULE" value="true" />
			<column name="MESSAGE" value="User name is required." />
			<column name="RULE_ORDER" value="1" />
		</insert>
		<insert tableName="VALIDATION_RULE">
			<column name="RULESET" value="addUser" />
			<column name="FIELD_NAME" value="firstName" />
			<column name="RULE_TYPE" value="NOTNULL_VALIDATION" />
			<column name="RULE" value="true" />
			<column name="MESSAGE" value="First name is required." />
			<column name="RULE_ORDER" value="2" />
		</insert>

		<insert tableName="VALIDATION_RULE">
			<column name="RULESET" value="addUser" />
			<column name="FIELD_NAME" value="lastName" />
			<column name="RULE_TYPE" value="NOTNULL_VALIDATION" />
			<column name="RULE" value="true" />
			<column name="MESSAGE" value="Last name is required." />
			<column name="RULE_ORDER" value="3" />
		</insert>
		<insert tableName="VALIDATION_RULE">
			<column name="RULESET" value="addUser" />
			<column name="FIELD_NAME" value="gender" />
			<column name="RULE_TYPE" value="NOTNULL_VALIDATION" />
			<column name="RULE" value="true" />
			<column name="MESSAGE" value="Gender is required." />
			<column name="RULE_ORDER" value="4" />
		</insert>

		<insert tableName="VALIDATION_RULE">
			<column name="RULESET" value="addUser" />
			<column name="FIELD_NAME" value="effDate" />
			<column name="RULE_TYPE" value="NOTNULL_VALIDATION" />
			<column name="RULE" value="true" />
			<column name="MESSAGE" value="Effective date is required." />
			<column name="RULE_ORDER" value="5" />
		</insert>
	</changeSet>
	<changeSet id="MX-122-user-secRole-validations"
		author="dt75758">
		<comment>Rules for role type, role name, contact type and contact
			info.
		</comment>
		<insert tableName="VALIDATION_RULE">
			<column name="RULESET" value="addUser" />
			<column name="FIELD_NAME" value="secRole" />
			<column name="RULE_TYPE" value="CUSTOM_VALIDATION" />
			<column name="RULE"
				value="com.ssnc.health.mworx.services.auth.validator.UserSecRoleValidator" />
			<column name="MESSAGE"
				value="User secure role name and role type are required." />
			<column name="RULE_ORDER" value="6" />
		</insert>
		<insert tableName="VALIDATION_RULE">
			<column name="RULESET" value="addUser" />
			<column name="FIELD_NAME" value="secRole" />
			<column name="RULE_TYPE" value="CUSTOM_VALIDATION" />
			<column name="RULE"
				value="com.ssnc.health.mworx.services.auth.validator.UserUpdateWithSecRoleValidator" />
			<column name="MESSAGE"
				value="User secure role is not configured." />
			<column name="RULE_ORDER" value="7" />
		</insert>
	</changeSet>
	<changeSet id="MX-122-user-contact-validations"
		author="dt75758">
		<comment>Rules for contact type and contact info.</comment>
		<insert tableName="VALIDATION_RULE">
			<column name="RULESET" value="addUser" />
			<column name="FIELD_NAME" value="userContacts" />
			<column name="RULE_TYPE" value="CUSTOM_VALIDATION" />
			<column name="RULE"
				value="com.ssnc.health.mworx.services.auth.validator.UserContactInfoValidator" />
			<column name="MESSAGE"
				value="User contact info and contact type are required." />
			<column name="RULE_ORDER" value="8" />
		</insert>
	</changeSet>

	<changeSet id="MX-122-pattern-validations" author="dt75758">
		<insert tableName="VALIDATION_RULE">
			<column name="RULESET" value="addUser" />
			<column name="FIELD_NAME" value="firstName" />
			<column name="RULE_TYPE" value="PATTERN_VALIDATION" />
			<column name="RULE" value="^.{2,40}$" />
			<column name="MESSAGE"
				value="First name length should be more than 2 char and less than 40 chars." />
			<column name="RULE_ORDER" value="9" />
		</insert>
		<insert tableName="VALIDATION_RULE">
			<column name="RULESET" value="addUser" />
			<column name="FIELD_NAME" value="userName" />
			<column name="RULE_TYPE" value="PATTERN_VALIDATION" />
			<column name="RULE" value="^.{4,60}$" />
			<column name="MESSAGE"
				value="User name length should be more than 4 char and less than 60 chars." />
			<column name="RULE_ORDER" value="10" />
		</insert>
		<insert tableName="VALIDATION_RULE">
			<column name="RULESET" value="addUser" />
			<column name="FIELD_NAME" value="lastName" />
			<column name="RULE_TYPE" value="PATTERN_VALIDATION" />
			<column name="RULE" value="^.{2,40}$" />
			<column name="MESSAGE"
				value="Last name length should be more than 2 char and less than 40 chars." />
			<column name="RULE_ORDER" value="11" />
		</insert>
	</changeSet>

	<changeSet id="MX-122-user-already-exists" author="dt75758">
		<comment>User already exists with the same userName.</comment>
		<insert tableName="VALIDATION_RULE">
			<column name="RULESET" value="addUser" />
			<column name="FIELD_NAME" value="userContacts" />
			<column name="RULE_TYPE" value="CUSTOM_VALIDATION" />
			<column name="RULE"
				value="com.ssnc.health.mworx.services.auth.validator.UserNameValidator" />
			<column name="MESSAGE"
				value="User already exists with the same user name." />
			<column name="RULE_ORDER" value="12" />
		</insert>
	</changeSet>

	<!-- Update user rules -->

	<changeSet id="MX-122-updateUser-required-field-validations"
		author="dt75758">
		<comment>Update user rules for user name, first name, last name,
			gender, effective date.
		</comment>
		<insert tableName="VALIDATION_RULE">
			<column name="RULESET" value="updateUser" />
			<column name="FIELD_NAME" value="userName" />
			<column name="RULE_TYPE" value="NOTNULL_VALIDATION" />
			<column name="RULE" value="true" />
			<column name="MESSAGE" value="User name is required." />
			<column name="RULE_ORDER" value="1" />
		</insert>
		<insert tableName="VALIDATION_RULE">
			<column name="RULESET" value="updateUser" />
			<column name="FIELD_NAME" value="firstName" />
			<column name="RULE_TYPE" value="NOTNULL_VALIDATION" />
			<column name="RULE" value="true" />
			<column name="MESSAGE" value="First name is required." />
			<column name="RULE_ORDER" value="2" />
		</insert>

		<insert tableName="VALIDATION_RULE">
			<column name="RULESET" value="updateUser" />
			<column name="FIELD_NAME" value="lastName" />
			<column name="RULE_TYPE" value="NOTNULL_VALIDATION" />
			<column name="RULE" value="true" />
			<column name="MESSAGE" value="Last name is required." />
			<column name="RULE_ORDER" value="3" />
		</insert>
		<insert tableName="VALIDATION_RULE">
			<column name="RULESET" value="updateUser" />
			<column name="FIELD_NAME" value="gender" />
			<column name="RULE_TYPE" value="NOTNULL_VALIDATION" />
			<column name="RULE" value="true" />
			<column name="MESSAGE" value="Gender is required." />
			<column name="RULE_ORDER" value="4" />
		</insert>

		<insert tableName="VALIDATION_RULE">
			<column name="RULESET" value="updateUser" />
			<column name="FIELD_NAME" value="effDate" />
			<column name="RULE_TYPE" value="NOTNULL_VALIDATION" />
			<column name="RULE" value="true" />
			<column name="MESSAGE" value="Effective date is required." />
			<column name="RULE_ORDER" value="5" />
		</insert>
	</changeSet>
	<changeSet id="MX-122-updateUser-secRole-validations"
		author="dt75758">
		<comment>Rules for user secure role type, role name.
		</comment>
		<insert tableName="VALIDATION_RULE">
			<column name="RULESET" value="updateUser" />
			<column name="FIELD_NAME" value="secRole" />
			<column name="RULE_TYPE" value="CUSTOM_VALIDATION" />
			<column name="RULE"
				value="com.ssnc.health.mworx.services.auth.validator.UserSecRoleValidator" />
			<column name="MESSAGE"
				value="User secure role name and role type are required." />
			<column name="RULE_ORDER" value="6" />
		</insert>
		<insert tableName="VALIDATION_RULE">
			<column name="RULESET" value="updateUser" />
			<column name="FIELD_NAME" value="secRole" />
			<column name="RULE_TYPE" value="CUSTOM_VALIDATION" />
			<column name="RULE"
				value="com.ssnc.health.mworx.services.auth.validator.UserUpdateWithSecRoleValidator" />
			<column name="MESSAGE"
				value="User secure role is not configured." />
			<column name="RULE_ORDER" value="7" />
		</insert>
	</changeSet>
	<changeSet id="MX-122-updateUser-contact-validations"
		author="dt75758">
		<comment>Rules for contact type and contact info.</comment>
		<insert tableName="VALIDATION_RULE">
			<column name="RULESET" value="updateUser" />
			<column name="FIELD_NAME" value="userContacts" />
			<column name="RULE_TYPE" value="CUSTOM_VALIDATION" />
			<column name="RULE"
				value="com.ssnc.health.mworx.services.auth.validator.UserContactInfoValidator" />
			<column name="MESSAGE"
				value="User contact info and contact type are required." />
			<column name="RULE_ORDER" value="8" />
		</insert>
	</changeSet>

	<changeSet id="MX-122-updateUser-pattern-validations"
		author="dt75758">
		<insert tableName="VALIDATION_RULE">
			<column name="RULESET" value="updateUser" />
			<column name="FIELD_NAME" value="firstName" />
			<column name="RULE_TYPE" value="PATTERN_VALIDATION" />
			<column name="RULE" value="^.{2,40}$" />
			<column name="MESSAGE"
				value="First name length should be more than 2 char and less than 40 chars." />
			<column name="RULE_ORDER" value="9" />
		</insert>
		<insert tableName="VALIDATION_RULE">
			<column name="RULESET" value="updateUser" />
			<column name="FIELD_NAME" value="userName" />
			<column name="RULE_TYPE" value="PATTERN_VALIDATION" />
			<column name="RULE" value="^.{4,60}$" />
			<column name="MESSAGE"
				value="User name length should be more than 4 char and less than 60 chars." />
			<column name="RULE_ORDER" value="10" />
		</insert>
		<insert tableName="VALIDATION_RULE">
			<column name="RULESET" value="updateUser" />
			<column name="FIELD_NAME" value="lastName" />
			<column name="RULE_TYPE" value="PATTERN_VALIDATION" />
			<column name="RULE" value="^.{2,40}$" />
			<column name="MESSAGE"
				value="Last name length should be more than 2 char and less than 40 chars." />
			<column name="RULE_ORDER" value="11" />
		</insert>
	</changeSet>

	<changeSet id="MX-122-updateUser-already-exists"
		author="dt75758">
		<comment>Allow the update action only if user configured in the system.
		</comment>
		<insert tableName="VALIDATION_RULE">
			<column name="RULESET" value="updateUser" />
			<column name="FIELD_NAME" value="userContacts" />
			<column name="RULE_TYPE" value="CUSTOM_VALIDATION" />
			<column name="RULE"
				value="com.ssnc.health.mworx.services.auth.validator.UpdateUserValidator" />
			<column name="MESSAGE" value="User not configured in the system." />
			<column name="RULE_ORDER" value="12" />
		</insert>
	</changeSet>
	
	<changeSet id="MX-122-secRole-asspciation-validations" author="dt75758">
		<update tableName="VALIDATION_RULE">
			<column name="RULE"
				value="com.ssnc.health.mworx.services.auth.validator.UserSecRoleAssociationValidator" />
			<where>RULE_TYPE='CUSTOM_VALIDATION' and FIELD_NAME='secRole' and 
			RULE='com.ssnc.health.mworx.services.auth.validator.UserUpdateWithSecRoleValidator'</where>
		</update>
	</changeSet>
	
	<changeSet id="122-delete-update-username-validations"
		author="dt75758">
		<delete tableName="VALIDATION_RULE">
			<where>RULESET='updateUser' and FIELD_NAME='userName' and RULE_ORDER='10'</where>
		</delete>
	</changeSet>
	
	<changeSet id="122-username-length-validations" author="dt75758">
		<update tableName="VALIDATION_RULE">
			<column name="RULE" value="^.{7,60}$"/>
			<column name="MESSAGE"
				value="User name length should be more than 7 char and less than 60 chars." />
			<where>RULESET='addUser' and FIELD_NAME='userName' and RULE_ORDER='10'</where>
		</update>
	</changeSet>
	
	<changeSet id="122-username-email-pattern-validations"
		author="dt75758">
		<comment>User name email validation.
		</comment>
		<insert tableName="VALIDATION_RULE">
			<column name="RULESET" value="addUser" />
			<column name="FIELD_NAME" value="userName" />
			<column name="RULE_TYPE" value="EMAIL_VALIDATION" />
			<column name="RULE"
				value="org.hibernate.validator.internal.constraintvalidators.bv.EmailValidator" />
			<column name="MESSAGE" value="Please provide a valid user name, it should be an email format." />
			<column name="RULE_ORDER" value="13" />
		</insert>
	</changeSet>

</databaseChangeLog>