<?xml version="1.0" encoding="UTF-8"?>
<databaseChangeLog
	xmlns="http://www.liquibase.org/xml/ns/dbchangelog"
	xmlns:xsi="http://www.w3.org/2001/XMLSchema-instance"
	xmlns:ext="http://www.liquibase.org/xml/ns/dbchangelog-ext"
	xsi:schemaLocation="http://www.liquibase.org/xml/ns/dbchangelog http://www.liquibase.org/xml/ns/dbchangelog/dbchangelog-3.8.xsd
        http://www.liquibase.org/xml/ns/dbchangelog-ext http://www.liquibase.org/xml/ns/dbchangelog/dbchangelog-ext.xsd">

	<changeSet author="dt204819"
		id="MX-16950-add-new-serviceuser-role">
		<comment>Create Role SERVICE_ROLE.  Primarily for the system serviceuser username</comment>
		<insert tableName="SEC_ROLE">
			<column name="ROLE_ID" valueSequenceNext="SEC_ROLE_SEQ" />
			<column name="ROLE_TYPE" value="SERVICE_ROLE" />
			<column name="ROLE_NAME" value="SERVICE_ROLE" />
			<column name="EFF_DATE" valueDate="CURRENT_DATE" />
			<column name="DESCRIPTION" value="SERVICE_ROLE" />
			<column name="ACTIVE" value="Y" />
			<column name="CREATED" valueDate="CURRENT_DATE" />
		</insert>
	</changeSet>
	<changeSet author="dt204819"
		id="MX-16950-add-serviceuser-UserBasic">
		<comment>Add User name serviceuser .</comment>
		<insert tableName="user_basic">
			<column name="user_id" valueSequenceNext="SEC_PERMIT_SEQ" />
			<column name="username" value="serviceuser" />
			<column name="first_name" value="serviceuser" />
			<column name="last_name" value="serviceuser" />
			<column name="active" value="Y" />
			<column name="locked" value="N" />
			<column name="eff_date" valueDate="CURRENT_DATE" />
			<column name="CREATED" valueDate="CURRENT_DATE" />
			<column name="role_id"
				valueComputed="(select role_id from sec_role where role_type='SERVICE_ROLE' and role_name='SERVICE_ROLE')" />
		</insert>
	</changeSet>
	<changeSet author="dt204819"
		id="MX-16950-add-serviceuser-UserLogin">
		<comment>Add serviceuser password.</comment>
		<insert tableName="user_login">
			<column name="userlogin_id" valueSequenceNext="USER_LOGIN_SEQ" />
			<column name="user_id"
				valueComputed="(SELECT USER_ID FROM USER_BASIC WHERE USERNAME='serviceuser')" />
			<column name="password" value="{noop}password1" />
			<column name="CREATED" valueDate="CURRENT_DATE" />
			<column name="CREATEBY"
				valueComputed="(SELECT USER_ID FROM USER_BASIC WHERE USERNAME='serviceuser')" />
			<column name="UPDATED" valueDate="CURRENT_DATE" />
			<column name="UPDATEBY"
				valueComputed="(SELECT USER_ID FROM USER_BASIC WHERE USERNAME='serviceuser')" />
		</insert>
	</changeSet>
</databaseChangeLog>