<?xml version="1.0" encoding="UTF-8"?>
<databaseChangeLog
	xmlns="http://www.liquibase.org/xml/ns/dbchangelog"
	xmlns:xsi="http://www.w3.org/2001/XMLSchema-instance"
	xmlns:ext="http://www.liquibase.org/xml/ns/dbchangelog-ext"
	xsi:schemaLocation="http://www.liquibase.org/xml/ns/dbchangelog http://www.liquibase.org/xml/ns/dbchangelog/dbchangelog-3.8.xsd
        http://www.liquibase.org/xml/ns/dbchangelog-ext http://www.liquibase.org/xml/ns/dbchangelog/dbchangelog-ext.xsd">
        
        
<changeSet author="dt75758" id="MX-122-ddUser-length-validations">
		<comment>Length validations on gender, active, description, internalId, legacySystemId,
			prefix, suffix, title.</comment>
		<insert tableName="VALIDATION_RULE">
			<column name="RULESET" value="addUser" />
			<column name="FIELD_NAME" value="gender" />
			<column name="RULE_TYPE" value="PATTERN_VALIDATION" />
			<column name="RULE" value="^.{0,1}$" />
			<column name="MESSAGE"
				value="Gender length should not be more than 1 character(M/F)." />
			<column name="RULE_ORDER" value="14" />
		</insert>
		<insert tableName="VALIDATION_RULE">
			<column name="RULESET" value="addUser" />
			<column name="FIELD_NAME" value="active" />
			<column name="RULE_TYPE" value="PATTERN_VALIDATION" />
			<column name="RULE" value="^.{0,1}$" />
			<column name="MESSAGE"
				value="Active flag length should not be more than 1 character." />
			<column name="RULE_ORDER" value="15" />
		</insert>
		<insert tableName="VALIDATION_RULE">
			<column name="RULESET" value="addUser" />
			<column name="FIELD_NAME" value="description" />
			<column name="RULE_TYPE" value="PATTERN_VALIDATION" />
			<column name="RULE" value="^.{0,255}$" />
			<column name="MESSAGE"
				value="Description length should not be longer than 255 characters." />
			<column name="RULE_ORDER" value="16" />
		</insert>
		<insert tableName="VALIDATION_RULE">
			<column name="RULESET" value="addUser" />
			<column name="FIELD_NAME" value="internalId" />
			<column name="RULE_TYPE" value="PATTERN_VALIDATION" />
			<column name="RULE" value="^.{0,30}$" />
			<column name="MESSAGE"
				value="Internal id length should not be longer than 30 characters." />
			<column name="RULE_ORDER" value="17" />
		</insert>
		<insert tableName="VALIDATION_RULE">
			<column name="RULESET" value="addUser" />
			<column name="FIELD_NAME" value="legacySystemId" />
			<column name="RULE_TYPE" value="PATTERN_VALIDATION" />
			<column name="RULE" value="^.{0,30}$" />
			<column name="MESSAGE"
				value="legacy System Id length should not be longer than 30 characters." />
			<column name="RULE_ORDER" value="18" />
		</insert>
		<insert tableName="VALIDATION_RULE">
			<column name="RULESET" value="addUser" />
			<column name="FIELD_NAME" value="prefix" />
			<column name="RULE_TYPE" value="PATTERN_VALIDATION" />
			<column name="RULE" value="^.{0,30}$" />
			<column name="MESSAGE"
				value="Prefix length should not be longer than 30 characters." />
			<column name="RULE_ORDER" value="19" />
		</insert>
		<insert tableName="VALIDATION_RULE">
			<column name="RULESET" value="addUser" />
			<column name="FIELD_NAME" value="suffix" />
			<column name="RULE_TYPE" value="PATTERN_VALIDATION" />
			<column name="RULE" value="^.{0,30}$" />
			<column name="MESSAGE"
				value="Suffix length should not be longer than 30 characters." />
			<column name="RULE_ORDER" value="20" />
		</insert>
		<insert tableName="VALIDATION_RULE">
			<column name="RULESET" value="addUser" />
			<column name="FIELD_NAME" value="title" />
			<column name="RULE_TYPE" value="PATTERN_VALIDATION" />
			<column name="RULE" value="^.{0,40}$" />
			<column name="MESSAGE"
				value="Title length should not be longer than 40 characters." />
			<column name="RULE_ORDER" value="21" />
		</insert>
		<insert tableName="VALIDATION_RULE">
			<column name="RULESET" value="addUser" />
			<column name="FIELD_NAME" value="userContacts[].contactInfo" />
			<column name="RULE_TYPE" value="PATTERN_VALIDATION" />
			<column name="RULE" value="^.{0,50}$" />
			<column name="MESSAGE"
				value="Contact info length should not be longer than 50 characters." />
			<column name="RULE_ORDER" value="22" />
		</insert>
		<insert tableName="VALIDATION_RULE">
			<column name="RULESET" value="addUser" />
			<column name="FIELD_NAME" value="userContacts[].contactType" />
			<column name="RULE_TYPE" value="PATTERN_VALIDATION" />
			<column name="RULE" value="^.{0,30}$" />
			<column name="MESSAGE"
				value="Contact type length should not be longer than 30 characters." />
			<column name="RULE_ORDER" value="23" />
		</insert>
		<insert tableName="VALIDATION_RULE">
			<column name="RULESET" value="addUser" />
			<column name="FIELD_NAME" value="userContacts[].prefer" />
			<column name="RULE_TYPE" value="PATTERN_VALIDATION" />
			<column name="RULE" value="^.{0,1}$" />
			<column name="MESSAGE"
				value="Contact prefer length should not be longer than 1 character." />
			<column name="RULE_ORDER" value="24" />
		</insert>
	</changeSet>
	<changeSet author="dt75758" id="MX-122-updateUser-length-validations">
		<comment>Length validations on gender, active, description, internalId, legacySystemId,
			prefix, suffix, title.</comment>
		<insert tableName="VALIDATION_RULE">
			<column name="RULESET" value="updateUser" />
			<column name="FIELD_NAME" value="gender" />
			<column name="RULE_TYPE" value="PATTERN_VALIDATION" />
			<column name="RULE" value="^.{0,1}$" />
			<column name="MESSAGE"
				value="Gender length should not be more than 1 character(M/F)." />
			<column name="RULE_ORDER" value="14" />
		</insert>
		<insert tableName="VALIDATION_RULE">
			<column name="RULESET" value="updateUser" />
			<column name="FIELD_NAME" value="active" />
			<column name="RULE_TYPE" value="PATTERN_VALIDATION" />
			<column name="RULE" value="^.{0,1}$" />
			<column name="MESSAGE"
				value="Active flag length should not be more than 1 character." />
			<column name="RULE_ORDER" value="15" />
		</insert>
		<insert tableName="VALIDATION_RULE">
			<column name="RULESET" value="updateUser" />
			<column name="FIELD_NAME" value="description" />
			<column name="RULE_TYPE" value="PATTERN_VALIDATION" />
			<column name="RULE" value="^.{0,255}$" />
			<column name="MESSAGE"
				value="Description length should not be longer than 255 characters." />
			<column name="RULE_ORDER" value="16" />
		</insert>
		<insert tableName="VALIDATION_RULE">
			<column name="RULESET" value="updateUser" />
			<column name="FIELD_NAME" value="internalId" />
			<column name="RULE_TYPE" value="PATTERN_VALIDATION" />
			<column name="RULE" value="^.{0,30}$" />
			<column name="MESSAGE"
				value="Internal id length should not be longer than 30 characters." />
			<column name="RULE_ORDER" value="17" />
		</insert>
		<insert tableName="VALIDATION_RULE">
			<column name="RULESET" value="updateUser" />
			<column name="FIELD_NAME" value="legacySystemId" />
			<column name="RULE_TYPE" value="PATTERN_VALIDATION" />
			<column name="RULE" value="^.{0,30}$" />
			<column name="MESSAGE"
				value="legacy System Id length should not be longer than 30 characters." />
			<column name="RULE_ORDER" value="18" />
		</insert>
		<insert tableName="VALIDATION_RULE">
			<column name="RULESET" value="updateUser" />
			<column name="FIELD_NAME" value="prefix" />
			<column name="RULE_TYPE" value="PATTERN_VALIDATION" />
			<column name="RULE" value="^.{0,30}$" />
			<column name="MESSAGE"
				value="Prefix length should not be longer than 30 characters." />
			<column name="RULE_ORDER" value="19" />
		</insert>
		<insert tableName="VALIDATION_RULE">
			<column name="RULESET" value="updateUser" />
			<column name="FIELD_NAME" value="suffix" />
			<column name="RULE_TYPE" value="PATTERN_VALIDATION" />
			<column name="RULE" value="^.{0,30}$" />
			<column name="MESSAGE"
				value="Suffix length should not be longer than 30 characters." />
			<column name="RULE_ORDER" value="20" />
		</insert>
		<insert tableName="VALIDATION_RULE">
			<column name="RULESET" value="updateUser" />
			<column name="FIELD_NAME" value="title" />
			<column name="RULE_TYPE" value="PATTERN_VALIDATION" />
			<column name="RULE" value="^.{0,40}$" />
			<column name="MESSAGE"
				value="Title length should not be longer than 40 characters." />
			<column name="RULE_ORDER" value="21" />
		</insert>
		<insert tableName="VALIDATION_RULE">
			<column name="RULESET" value="updateUser" />
			<column name="FIELD_NAME" value="userContacts[].contactInfo" />
			<column name="RULE_TYPE" value="PATTERN_VALIDATION" />
			<column name="RULE" value="^.{0,50}$" />
			<column name="MESSAGE"
				value="Contact info length should not be longer than 50 characters." />
			<column name="RULE_ORDER" value="22" />
		</insert>
		<insert tableName="VALIDATION_RULE">
			<column name="RULESET" value="updateUser" />
			<column name="FIELD_NAME" value="userContacts[].contactType" />
			<column name="RULE_TYPE" value="PATTERN_VALIDATION" />
			<column name="RULE" value="^.{0,30}$" />
			<column name="MESSAGE"
				value="Contact type length should not be longer than 30 characters." />
			<column name="RULE_ORDER" value="23" />
		</insert>
		<insert tableName="VALIDATION_RULE">
			<column name="RULESET" value="updateUser" />
			<column name="FIELD_NAME" value="userContacts[].prefer" />
			<column name="RULE_TYPE" value="PATTERN_VALIDATION" />
			<column name="RULE" value="^.{0,1}$" />
			<column name="MESSAGE"
				value="Contact prefer length should not be longer than 1 character." />
			<column name="RULE_ORDER" value="24" />
		</insert>
	</changeSet>
</databaseChangeLog>