<?xml version="1.0" encoding="UTF-8"?>
<databaseChangeLog
  xmlns:xsi="http://www.w3.org/2001/XMLSchema-instance"
  xmlns:ext="http://www.liquibase.org/xml/ns/dbchangelog-ext"
  xmlns="http://www.liquibase.org/xml/ns/dbchangelog"
  xsi:schemaLocation="http://www.liquibase.org/xml/ns/dbchangelog http://www.liquibase.org/xml/ns/dbchangelog/dbchangelog-3.1.xsd
        http://www.liquibase.org/xml/ns/dbchangelog-ext http://www.liquibase.org/xml/ns/dbchangelog/dbchangelog-ext.xsd">

  <changeSet id="MX-2254-1" author="dt223584">
    <comment>Create permit RECON VIEW for RECONCILIATION</comment>
    <insert tableName="SEC_PERMIT">
      <column name="PERMIT_ID" valueSequenceNext="SEC_PERMIT_SEQ"/>
      <column name="ACTIVE" value="Y"/>
      <column name="CREATED" valueDate="CURRENT_DATE"/>
      <column name="DESCRIPTION" value="RECON VIEW"/>
      <column name="PERMIT_PRIMARY" value="RECON"/>
      <column name="PERMIT_SECONDARY" value="VIEW"/>
    </insert>
  </changeSet>

  <changeSet id="MX-2254-2" author="dt223584">
    <comment>Create permit RECON UPDATE for RECONCILIATION</comment>
    <insert tableName="SEC_PERMIT">
      <column name="PERMIT_ID" valueSequenceNext="SEC_PERMIT_SEQ"/>
      <column name="ACTIVE" value="Y"/>
      <column name="CREATED" valueDate="CURRENT_DATE"/>
      <column name="DESCRIPTION" value="RECON UPDATE"/>
      <column name="PERMIT_PRIMARY" value="RECON"/>
      <column name="PERMIT_SECONDARY" value="UPDATE"/>
    </insert>
  </changeSet>

  <changeSet id="MX-2254-3" author="dt223584">
    <comment>Create Role RECON</comment>
    <insert tableName="SEC_ROLE">
      <column name="ROLE_ID" valueSequenceNext="SEC_ROLE_SEQ"/>
      <column name="ROLE_TYPE" value="RECON"/>
      <column name="ROLE_NAME" value="RECON"/>
      <column name="EFF_DATE" valueDate="CURRENT_DATE"/>
      <column name="DESCRIPTION" value="RECON"/>
      <column name="ACTIVE" value="Y"/>
      <column name="CREATED" valueDate="CURRENT_DATE"/>
    </insert>
  </changeSet>

  <changeSet id="MX-2254-4" author="dt223584">
    <comment>Associate permits to role</comment>
    <insert tableName="LNK_ROLE_LOB_PERMIT">
      <column name="LINK_ID" valueSequenceNext="LNK_ROLE_LOB_PERMIT_SEQ"/>
      <column name="PERMIT_ID"
        valueComputed="(select permit_id from sec_permit where permit_primary='RECON' and permit_secondary='VIEW')"/>
      <column name="ROLE_ID"
        valueComputed="(select role_id from sec_role where role_type='RECON' and role_name='RECON')"/>
    </insert>
  </changeSet>

  <changeSet id="MX-2254-5" author="dt223584">
    <comment>Associate permits to role</comment>
    <insert tableName="LNK_ROLE_LOB_PERMIT">
      <column name="LINK_ID" valueSequenceNext="LNK_ROLE_LOB_PERMIT_SEQ"/>
      <column name="PERMIT_ID"
        valueComputed="(select permit_id from sec_permit where permit_primary='RECON' and permit_secondary='UPDATE')"/>
      <column name="ROLE_ID"
        valueComputed="(select role_id from sec_role where role_type='RECON' and role_name='RECON')"/>
    </insert>
  </changeSet>

</databaseChangeLog>