<?xml version="1.0" encoding="UTF-8"?>
<databaseChangeLog
	xmlns:xsi="http://www.w3.org/2001/XMLSchema-instance"
	xmlns:ext="http://www.liquibase.org/xml/ns/dbchangelog-ext"
	xmlns="http://www.liquibase.org/xml/ns/dbchangelog"
	xsi:schemaLocation="http://www.liquibase.org/xml/ns/dbchangelog http://www.liquibase.org/xml/ns/dbchangelog/dbchangelog-3.1.xsd
        http://www.liquibase.org/xml/ns/dbchangelog-ext http://www.liquibase.org/xml/ns/dbchangelog/dbchangelog-ext.xsd">

	<changeSet id="MX-2774-1" author="dt213321">
		<comment>Create Permit STAGING_IMPORT VIEW</comment>
		<insert tableName="SEC_PERMIT">
			<column name="PERMIT_ID" valueSequenceNext="SEC_PERMIT_SEQ"/>
			<column name="ACTIVE" value="Y"/>
			<column name="CREATED" valueDate="CURRENT_DATE"/>
			<column name="DESCRIPTION" value="Permit STAGING_IMPORT_VIEW"/>
			<column name="PERMIT_PRIMARY" value="STAGING_IMPORT"/>
			<column name="PERMIT_SECONDARY" value="VIEW"/>
			<column name="CREATEBY"
				valueComputed="(SELECT USER_ID FROM USER_BASIC WHERE USERNAME='root')"/>
			<column name="UPDATED" valueDate="CURRENT_DATE"/>
			<column name="UPDATEBY"
				valueComputed="(SELECT USER_ID FROM USER_BASIC WHERE USERNAME='root')"/>
		</insert>
	</changeSet>
	
	<changeSet id="MX-2774-2" author="dt213321">
		<comment>Create Permit STAGING_IMPORT SUBMIT</comment>
		<insert tableName="SEC_PERMIT">
			<column name="PERMIT_ID" valueSequenceNext="SEC_PERMIT_SEQ"/>
			<column name="ACTIVE" value="Y"/>
			<column name="CREATED" valueDate="CURRENT_DATE"/>
			<column name="DESCRIPTION" value="Permit STAGING_IMPORT_SUBMIT"/>
			<column name="PERMIT_PRIMARY" value="STAGING_IMPORT"/>
			<column name="PERMIT_SECONDARY" value="SUBMIT"/>
			<column name="CREATEBY"
				valueComputed="(SELECT USER_ID FROM USER_BASIC WHERE USERNAME='root')"/>
			<column name="UPDATED" valueDate="CURRENT_DATE"/>
			<column name="UPDATEBY"
				valueComputed="(SELECT USER_ID FROM USER_BASIC WHERE USERNAME='root')"/>				
		</insert>
	</changeSet>
	
	<changeSet id="MX-2774-3" author="dt213321">
		<comment>Create Permit STAGING_EXPORT_VIEW</comment>
		<insert tableName="SEC_PERMIT">
			<column name="PERMIT_ID" valueSequenceNext="SEC_PERMIT_SEQ"/>
			<column name="ACTIVE" value="Y"/>
			<column name="CREATED" valueDate="CURRENT_DATE"/>
			<column name="DESCRIPTION" value="Permit STAGING_EXPORT_VIEW"/>
			<column name="PERMIT_PRIMARY" value="STAGING_EXPORT"/>
			<column name="PERMIT_SECONDARY" value="VIEW"/>
			<column name="CREATEBY"
				valueComputed="(SELECT USER_ID FROM USER_BASIC WHERE USERNAME='root')"/>
			<column name="UPDATED" valueDate="CURRENT_DATE"/>
			<column name="UPDATEBY"
				valueComputed="(SELECT USER_ID FROM USER_BASIC WHERE USERNAME='root')"/>
		</insert>
	</changeSet>
	
	<changeSet id="MX-2774-4" author="dt213321">
		<comment>Create Permit STAGING_EXPORT SUBMIT</comment>
		<insert tableName="SEC_PERMIT">
			<column name="PERMIT_ID" valueSequenceNext="SEC_PERMIT_SEQ"/>
			<column name="ACTIVE" value="Y"/>
			<column name="CREATED" valueDate="CURRENT_DATE"/>
			<column name="DESCRIPTION" value="Permit STAGING_EXPORT_SUBMIT"/>
			<column name="PERMIT_PRIMARY" value="STAGING_EXPORT"/>
			<column name="PERMIT_SECONDARY" value="SUBMIT"/>
			<column name="CREATEBY"
				valueComputed="(SELECT USER_ID FROM USER_BASIC WHERE USERNAME='root')"/>
			<column name="UPDATED" valueDate="CURRENT_DATE"/>
			<column name="UPDATEBY"
				valueComputed="(SELECT USER_ID FROM USER_BASIC WHERE USERNAME='root')"/>				
		</insert>
	</changeSet>
</databaseChangeLog>