<?xml version="1.0" encoding="UTF-8"?>
<databaseChangeLog
	xmlns:xsi="http://www.w3.org/2001/XMLSchema-instance"
	xmlns:ext="http://www.liquibase.org/xml/ns/dbchangelog-ext"
	xmlns="http://www.liquibase.org/xml/ns/dbchangelog"
	xsi:schemaLocation="http://www.liquibase.org/xml/ns/dbchangelog http://www.liquibase.org/xml/ns/dbchangelog/dbchangelog-3.1.xsd
        http://www.liquibase.org/xml/ns/dbchangelog-ext http://www.liquibase.org/xml/ns/dbchangelog/dbchangelog-ext.xsd">

	<changeSet author="dt213321"
		id="MX-132-Validation-RuleInsert-1">
		<comment>load updated rule to add user password</comment>
		<update tableName="VALIDATION_RULE">
			<column name="RULE"
				value="^(?=.*[a-z])(?=.*[A-Z])(?=.*\d)(?=.*[#$^+=!*()@%&amp;])[A-Za-z\d#$^+=!*()@%&amp;]{8,30}" />
			<where>RULESET='addUser' AND FIELD_NAME='password' AND RULE_ORDER='1'
			</where>
		</update>
	</changeSet>

	<changeSet author="dt213321"
		id="MX-132-Validation-RuleInsert-2">
		<comment>load updated rule to change user password</comment>
		<update tableName="VALIDATION_RULE">
			<column name="RULE"
				value="^(?=.*[a-z])(?=.*[A-Z])(?=.*\d)(?=.*[#$^+=!*()@%&amp;])[A-Za-z\d#$^+=!*()@%&amp;]{8,30}" />
			<where>RULESET='changePassword' AND FIELD_NAME='password' AND RULE_ORDER='2'
			</where>
		</update>
	</changeSet>

</databaseChangeLog>
