<?xml version="1.0" encoding="UTF-8"?>
<databaseChangeLog
	xmlns:xsi="http://www.w3.org/2001/XMLSchema-instance"
	xmlns:ext="http://www.liquibase.org/xml/ns/dbchangelog-ext"
	xmlns="http://www.liquibase.org/xml/ns/dbchangelog"
	xsi:schemaLocation="http://www.liquibase.org/xml/ns/dbchangelog http://www.liquibase.org/xml/ns/dbchangelog/dbchangelog-3.1.xsd
        http://www.liquibase.org/xml/ns/dbchangelog-ext http://www.liquibase.org/xml/ns/dbchangelog/dbchangelog-ext.xsd">

	<changeSet author="dt213321"
		id="MX-2927-ValidationRules-Insert-1">
		<comment>load new rule for custom validation to now allow duplicate contact Type on an addUser</comment>
		<insert tableName="VALIDATION_RULE">
			<column name="RULESET" value="addUser" />
			<column name="FIELD_NAME" value="userContacts" />
			<column name="RULE_TYPE" value="CUSTOM_VALIDATION" />
			<column name="RULE" value="com.ssnc.health.mworx.services.auth.validator.SameUserContactTypeValidator" />
			<column name="MESSAGE"
				value="Cannot create User Contacts with the same Contact Type." />
			<column name="RULE_ORDER" value="14" />
		</insert>
	</changeSet>
	<changeSet author="dt213321"
		id="MX-2927-ValidationRules-Insert-2">
		<comment>load new rule for custom validation to now allow duplicate contact Type on an updateUser</comment>
		<insert tableName="VALIDATION_RULE">
			<column name="RULESET" value="updateUser" />
			<column name="FIELD_NAME" value="userContacts" />
			<column name="RULE_TYPE" value="CUSTOM_VALIDATION" />
			<column name="RULE" value="com.ssnc.health.mworx.services.auth.validator.SameUserContactTypeValidator" />
			<column name="MESSAGE"
				value="Cannot create User Contacts with the same Contact Type." />
			<column name="RULE_ORDER" value="13" />
		</insert>
	</changeSet>	
</databaseChangeLog>
