<?xml version="1.0" encoding="UTF-8"?>
<databaseChangeLog
	xmlns:xsi="http://www.w3.org/2001/XMLSchema-instance"
	xmlns:ext="http://www.liquibase.org/xml/ns/dbchangelog-ext"
	xmlns="http://www.liquibase.org/xml/ns/dbchangelog"
	xsi:schemaLocation="http://www.liquibase.org/xml/ns/dbchangelog http://www.liquibase.org/xml/ns/dbchangelog/dbchangelog-3.1.xsd
        http://www.liquibase.org/xml/ns/dbchangelog-ext http://www.liquibase.org/xml/ns/dbchangelog/dbchangelog-ext.xsd">
	<changeSet id="MX-2566-1" author="dt76103">
		<comment>Create Permit METADATA_PLAN_VIEW</comment>
		<insert tableName="SEC_PERMIT">
			<column name="PERMIT_ID" valueSequenceNext="SEC_PERMIT_SEQ"/>
			<column name="ACTIVE" value="Y"/>
			<column name="CREATED" valueDate="CURRENT_DATE"/>
			<column name="DESCRIPTION" value="Permit METADATA_PLAN_VIEW"/>
			<column name="PERMIT_PRIMARY" value="METADATA_PLAN"/>
			<column name="PERMIT_SECONDARY" value="VIEW"/>
			<column name="CREATEBY"
				valueComputed="(SELECT USER_ID FROM USER_BASIC WHERE USERNAME='root')"/>
			<column name="UPDATED" valueDate="CURRENT_DATE"/>
			<column name="UPDATEBY"
				valueComputed="(SELECT USER_ID FROM USER_BASIC WHERE USERNAME='root')"/>
		</insert>
	</changeSet>
	<changeSet id="MX-2566-2" author="dt76103">
		<comment>Create Permit METADATA_PLAN_UPDATE</comment>
		<insert tableName="SEC_PERMIT">
			<column name="PERMIT_ID" valueSequenceNext="SEC_PERMIT_SEQ"/>
			<column name="ACTIVE" value="Y"/>
			<column name="CREATED" valueDate="CURRENT_DATE"/>
			<column name="DESCRIPTION" value="Permit METADATA_PLAN_UPDATE"/>
			<column name="PERMIT_PRIMARY" value="METADATA_PLAN"/>
			<column name="PERMIT_SECONDARY" value="UPDATE"/>
			<column name="CREATEBY"
				valueComputed="(SELECT USER_ID FROM USER_BASIC WHERE USERNAME='root')"/>
			<column name="UPDATED" valueDate="CURRENT_DATE"/>
			<column name="UPDATEBY"
				valueComputed="(SELECT USER_ID FROM USER_BASIC WHERE USERNAME='root')"/>				
		</insert>
	</changeSet>
	<changeSet id="MX-2566-3" author="dt76103">
		<comment>Associate the METADATA_PLAN_VIEW permit to System Admin Role</comment>
		<insert tableName="LNK_ROLE_LOB_PERMIT">
			<column name="LINK_ID"
				valueSequenceNext="LNK_ROLE_LOB_PERMIT_SEQ"/>
			<column name="PERMIT_ID"
				valueComputed="(SELECT PERMIT_ID FROM SEC_PERMIT WHERE PERMIT_PRIMARY='METADATA_PLAN' AND PERMIT_SECONDARY='VIEW')"/>
			<column name="ROLE_ID"
				valueComputed="(SELECT ROLE_ID FROM SEC_ROLE WHERE ROLE_TYPE='System Admin' AND ROLE_NAME='Security')"/>
			<column name="ACTIVE" value="Y"/>
		</insert>
	</changeSet>
	<changeSet id="MX-2566-4" author="dt76103">
		<comment>Associate the METADATA_PLAN_UPDATE permit to System Admin Role</comment>
		<insert tableName="LNK_ROLE_LOB_PERMIT">
			<column name="LINK_ID"
				valueSequenceNext="LNK_ROLE_LOB_PERMIT_SEQ"/>
			<column name="PERMIT_ID"
				valueComputed="(SELECT PERMIT_ID FROM SEC_PERMIT WHERE PERMIT_PRIMARY='METADATA_PLAN' AND PERMIT_SECONDARY='UPDATE')"/>
			<column name="ROLE_ID"
				valueComputed="(SELECT ROLE_ID FROM SEC_ROLE WHERE ROLE_TYPE='System Admin' AND ROLE_NAME='Security')"/>
			<column name="ACTIVE" value="Y"/>
		</insert>
	</changeSet>
</databaseChangeLog>