<?xml version="1.0" encoding="UTF-8"?>
<databaseChangeLog
	xmlns:xsi="http://www.w3.org/2001/XMLSchema-instance"
	xmlns:ext="http://www.liquibase.org/xml/ns/dbchangelog-ext"
	xmlns="http://www.liquibase.org/xml/ns/dbchangelog"
	xsi:schemaLocation="http://www.liquibase.org/xml/ns/dbchangelog http://www.liquibase.org/xml/ns/dbchangelog/dbchangelog-3.1.xsd
        http://www.liquibase.org/xml/ns/dbchangelog-ext http://www.liquibase.org/xml/ns/dbchangelog/dbchangelog-ext.xsd">

	<changeSet id="MX-2507-1" author="dt76103">
		<comment>Password Reuse Validation</comment>
		<insert tableName="VALIDATION_RULE">
			<column name="RULESET" value="changePassword"/>
			<column name="FIELD_NAME" value="password"/>
			<column name="RULE_TYPE" value="CUSTOM_VALIDATION"/>
			<column name="RULE"
				value="com.ssnc.health.mworx.services.auth.validator.ChangePasswordValidator"/>
			<column name="MESSAGE"
				value="Unable to update the password. The value provided for the new password does not meet the length, complexity, or history requirements."/>
			<column name="RULE_ORDER" value="15"/>
		</insert>
	</changeSet>
</databaseChangeLog>