<?xml version="1.0" encoding="UTF-8"?>
<databaseChangeLog
  xmlns:xsi="http://www.w3.org/2001/XMLSchema-instance"
  xmlns:ext="http://www.liquibase.org/xml/ns/dbchangelog-ext"
  xmlns="http://www.liquibase.org/xml/ns/dbchangelog"
  xsi:schemaLocation="http://www.liquibase.org/xml/ns/dbchangelog http://www.liquibase.org/xml/ns/dbchangelog/dbchangelog-3.1.xsd
        http://www.liquibase.org/xml/ns/dbchangelog-ext http://www.liquibase.org/xml/ns/dbchangelog/dbchangelog-ext.xsd">

  <changeSet id="MX-2673-1" author="dt75546">
    <comment>Validation Rule to check permits are provided and are not null while creating a role
    </comment>
    <insert tableName="VALIDATION_RULE">
      <column name="RULESET" value="addRole"/>
      <column name="FIELD_NAME" value="permits"/>
      <column name="RULE_TYPE" value="NOTNULL_VALIDATION"/>
      <column name="RULE" value="true"/>
      <column name="MESSAGE" value="Please provide permits"/>
      <column name="RULE_ORDER" value="4"/>
    </insert>
  </changeSet>

  <changeSet id="MX-2673-2" author="dt75546">
    <comment>Validation Rule to check permits are provided and are not null while updating a role
    </comment>
    <insert tableName="VALIDATION_RULE">
      <column name="RULESET" value="updateRole"/>
      <column name="FIELD_NAME" value="permits"/>
      <column name="RULE_TYPE" value="NOTNULL_VALIDATION"/>
      <column name="RULE" value="true"/>
      <column name="MESSAGE" value="Please provide permits"/>
      <column name="RULE_ORDER" value="4"/>
    </insert>
  </changeSet>

  <changeSet id="MX-2673-3" author="dt75546">
    <comment>Validation Rule to check whether valid permits are given while creating a role
    </comment>
    <insert tableName="VALIDATION_RULE">
      <column name="RULESET" value="addRole"/>
      <column name="FIELD_NAME" value="permits"/>
      <column name="RULE_TYPE" value="CUSTOM_VALIDATION"/>
      <column name="RULE"
        value="com.ssnc.health.mworx.services.auth.validator.RoleWithPermitValidator"/>
      <column name="MESSAGE"
        value="Please provide valid permits"/>
      <column name="RULE_ORDER" value="5"/>
    </insert>
  </changeSet>

  <changeSet id="MX-2673-4" author="dt75546">
    <comment>Validation Rule to check whether valid permits are given while updating a role
    </comment>
    <insert tableName="VALIDATION_RULE">
      <column name="RULESET" value="updateRole"/>
      <column name="FIELD_NAME" value="permits"/>
      <column name="RULE_TYPE" value="CUSTOM_VALIDATION"/>
      <column name="RULE"
        value="com.ssnc.health.mworx.services.auth.validator.RoleWithPermitValidator"/>
      <column name="MESSAGE"
        value="Please provide valid permits"/>
      <column name="RULE_ORDER" value="5"/>
    </insert>
  </changeSet>
</databaseChangeLog>