<?xml version="1.0" encoding="UTF-8"?>
<databaseChangeLog
  xmlns:xsi="http://www.w3.org/2001/XMLSchema-instance"
  xmlns:ext="http://www.liquibase.org/xml/ns/dbchangelog-ext"
  xmlns="http://www.liquibase.org/xml/ns/dbchangelog"
  xsi:schemaLocation="http://www.liquibase.org/xml/ns/dbchangelog http://www.liquibase.org/xml/ns/dbchangelog/dbchangelog-3.1.xsd
        http://www.liquibase.org/xml/ns/dbchangelog-ext http://www.liquibase.org/xml/ns/dbchangelog/dbchangelog-ext.xsd">

  <changeSet id="MX-2254-6" author="dt223584">
    <comment>Associate RECON permit to System Admin Role</comment>
    <insert tableName="LNK_ROLE_LOB_PERMIT">
      <column name="LINK_ID" valueSequenceNext="LNK_ROLE_LOB_PERMIT_SEQ"/>
      <column name="PERMIT_ID"
        valueComputed="(select permit_id from sec_permit where permit_primary='RECON' and permit_secondary='VIEW')"/>
      <column name="ROLE_ID"
        valueComputed="(select role_id from sec_role where role_type='System Admin' and role_name='Security')"/>
    </insert>
  </changeSet>

  <changeSet id="MX-2254-7" author="dt223584">
    <comment>Associate RECON permit to System Admin Role</comment>
    <insert tableName="LNK_ROLE_LOB_PERMIT">
      <column name="LINK_ID" valueSequenceNext="LNK_ROLE_LOB_PERMIT_SEQ"/>
      <column name="PERMIT_ID"
        valueComputed="(select permit_id from sec_permit where permit_primary='RECON' and permit_secondary='UPDATE')"/>
      <column name="ROLE_ID"
        valueComputed="(select role_id from sec_role where role_type='System Admin' and role_name='Security')"/>
    </insert>
  </changeSet>

</databaseChangeLog>