<?xml version="1.0" encoding="UTF-8"?>
<databaseChangeLog
  xmlns:xsi="http://www.w3.org/2001/XMLSchema-instance"
  xmlns:ext="http://www.liquibase.org/xml/ns/dbchangelog-ext"
  xmlns="http://www.liquibase.org/xml/ns/dbchangelog"
  xsi:schemaLocation="http://www.liquibase.org/xml/ns/dbchangelog http://www.liquibase.org/xml/ns/dbchangelog/dbchangelog-3.1.xsd
        http://www.liquibase.org/xml/ns/dbchangelog-ext http://www.liquibase.org/xml/ns/dbchangelog/dbchangelog-ext.xsd">

  <changeSet id="MX-2445-1" author="dt75546">
    <comment>Create permit METADATA_LOB_VIEW</comment>
    <insert tableName="SEC_PERMIT">
      <column name="PERMIT_ID" valueSequenceNext="SEC_PERMIT_SEQ"/>
      <column name="ACTIVE" value="Y"/>
      <column name="CREATED" valueDate="CURRENT_DATE"/>
      <column name="DESCRIPTION" value="LOB VIEW"/>
      <column name="PERMIT_PRIMARY" value="METADATA_LOB"/>
      <column name="PERMIT_SECONDARY" value="VIEW"/>
      <column name="CREATEBY"
        valueComputed="(select user_id from user_basic where username='root')"/>
    </insert>
  </changeSet>

  <changeSet id="MX-2445-2" author="dt75546">
    <comment>Create permit METADATA_LOB_UPDATE</comment>
    <insert tableName="SEC_PERMIT">
      <column name="PERMIT_ID" valueSequenceNext="SEC_PERMIT_SEQ"/>
      <column name="ACTIVE" value="Y"/>
      <column name="CREATED" valueDate="CURRENT_DATE"/>
      <column name="DESCRIPTION" value="LOB UPDATE"/>
      <column name="PERMIT_PRIMARY" value="METADATA_LOB"/>
      <column name="PERMIT_SECONDARY" value="UPDATE"/>
      <column name="CREATEBY"
        valueComputed="(select user_id from user_basic where username='root')"/>
    </insert>
  </changeSet>

  <changeSet id="MX-2445-3" author="dt223584">
    <comment>Associate permit to System Admin Role</comment>
    <insert tableName="LNK_ROLE_LOB_PERMIT">
      <column name="LINK_ID" valueSequenceNext="LNK_ROLE_LOB_PERMIT_SEQ"/>
      <column name="PERMIT_ID"
        valueComputed="(select permit_id from sec_permit where permit_primary='METADATA_LOB' and permit_secondary='VIEW')"/>
      <column name="ROLE_ID"
        valueComputed="(select role_id from sec_role where role_type='System Admin' and role_name='Security')"/>
    </insert>
  </changeSet>

  <changeSet id="MX-2445-4" author="dt223584">
    <comment>Associate permit to System Admin Role</comment>
    <insert tableName="LNK_ROLE_LOB_PERMIT">
      <column name="LINK_ID" valueSequenceNext="LNK_ROLE_LOB_PERMIT_SEQ"/>
      <column name="PERMIT_ID"
        valueComputed="(select permit_id from sec_permit where permit_primary='METADATA_LOB' and permit_secondary='UPDATE')"/>
      <column name="ROLE_ID"
        valueComputed="(select role_id from sec_role where role_type='System Admin' and role_name='Security')"/>
    </insert>
  </changeSet>
</databaseChangeLog>