<?xml version="1.0" encoding="UTF-8"?>
<databaseChangeLog
	xmlns:xsi="http://www.w3.org/2001/XMLSchema-instance"
	xmlns:ext="http://www.liquibase.org/xml/ns/dbchangelog-ext"
	xmlns="http://www.liquibase.org/xml/ns/dbchangelog"
	xsi:schemaLocation="http://www.liquibase.org/xml/ns/dbchangelog http://www.liquibase.org/xml/ns/dbchangelog/dbchangelog-3.1.xsd
        http://www.liquibase.org/xml/ns/dbchangelog-ext http://www.liquibase.org/xml/ns/dbchangelog/dbchangelog-ext.xsd">

	<changeSet author="dt209421"
		id="MX-3529-ValidationRules-Insert-1">
		<comment>load new rule for custom validation for
			userNameSearchCriteria api</comment>
		<insert tableName="VALIDATION_RULE">
			<column name="RULESET" value="userNameSearchCriteria" />
			<column name="FIELD_NAME" value="userId" />
			<column name="RULE_TYPE" value="CUSTOM_VALIDATION" />
			<column name="RULE"
				value="com.ssnc.health.mworx.services.auth.validator.UserNameSearchCriteriaUserAttributeValidator" />
			<column name="MESSAGE"
				value="Both userId and userName cannot be null. Please provide atleast one value" />
			<column name="RULE_ORDER" value="1" />
		</insert>
	</changeSet>
	<changeSet author="dt209421"
		id="MX-3529-ValidationRules-Insert-2">
		<comment>load new rule for custom validation for
			userNameSearchCriteria api</comment>
		<insert tableName="VALIDATION_RULE">
			<column name="RULESET" value="userNameSearchCriteria" />
			<column name="FIELD_NAME" value="permitPrimary" />
			<column name="RULE_TYPE" value="CUSTOM_VALIDATION" />
			<column name="RULE"
				value="com.ssnc.health.mworx.services.auth.validator.UserNameSearchCriteriaPermitValidator" />
			<column name="MESSAGE"
				value="Please provide both permit information or remove both" />
			<column name="RULE_ORDER" value="1" />
		</insert>
	</changeSet>
	<changeSet author="dt209421"
		id="MX-3529-ValidationRules-Insert-3">
		<comment>load new rule for custom validation for
			userNameSearchCriteria api</comment>
		<insert tableName="VALIDATION_RULE">
			<column name="RULESET" value="userNameSearchCriteria" />
			<column name="FIELD_NAME" value="lob" />
			<column name="RULE_TYPE" value="CUSTOM_VALIDATION" />
			<column name="RULE"
				value="com.ssnc.health.mworx.services.auth.validator.UserNameSearchCriteriaLobValidator" />
			<column name="MESSAGE" value="LOB information is incorrect." />
			<column name="RULE_ORDER" value="2" />
		</insert>
	</changeSet>

</databaseChangeLog>
