<?xml version="1.0" encoding="UTF-8"?>
<databaseChangeLog
	xmlns="http://www.liquibase.org/xml/ns/dbchangelog"
	xmlns:xsi="http://www.w3.org/2001/XMLSchema-instance"
	xmlns:ext="http://www.liquibase.org/xml/ns/dbchangelog-ext"
	xsi:schemaLocation="http://www.liquibase.org/xml/ns/dbchangelog http://www.liquibase.org/xml/ns/dbchangelog/dbchangelog-3.8.xsd
        http://www.liquibase.org/xml/ns/dbchangelog-ext http://www.liquibase.org/xml/ns/dbchangelog/dbchangelog-ext.xsd">

	<changeSet author="dt64106" id="MX-3782-add-new-staging-role">
		<comment>Create Role STAGING.  Primarily for the system staging username</comment>
		<insert tableName="SEC_ROLE">
			<column name="ROLE_ID" valueSequenceNext="SEC_ROLE_SEQ" />
			<column name="ROLE_TYPE" value="STAGING" />
			<column name="ROLE_NAME" value="STAGING" />
			<column name="EFF_DATE" valueDate="CURRENT_DATE" />
			<column name="DESCRIPTION" value="STAGING" />
			<column name="ACTIVE" value="Y" />
			<column name="CREATED" valueDate="CURRENT_DATE" />
			<column name="CREATEBY"
				valueComputed="(SELECT USER_ID FROM USER_BASIC WHERE USERNAME='root')" />
			<column name="UPDATED" valueDate="CURRENT_DATE" />
			<column name="UPDATEBY"
				valueComputed="(SELECT USER_ID FROM USER_BASIC WHERE USERNAME='root')" />
		</insert>

	</changeSet>
	<changeSet author="dt64106"
		id="MX-3782-add-submit-to-staging-role">
		<comment>Associate submit permit to staging role</comment>
		<insert tableName="LNK_ROLE_LOB_PERMIT">
			<column name="LINK_ID"
				valueSequenceNext="LNK_ROLE_LOB_PERMIT_SEQ" />
			<column name="PERMIT_ID"
				valueComputed="(select permit_id from sec_permit where permit_primary='STAGING_IMPORT' and permit_secondary='SUBMIT')" />
			<column name="ROLE_ID"
				valueComputed="(select role_id from sec_role where role_type='STAGING' and role_name='STAGING')" />
		</insert>
	</changeSet>
	<changeSet author="dt64106"
		id="MX-3782-add-export-view-to-staging-role">
		<comment>Associate export view permit to staging role</comment>
		<insert tableName="LNK_ROLE_LOB_PERMIT">
			<column name="LINK_ID"
				valueSequenceNext="LNK_ROLE_LOB_PERMIT_SEQ" />
			<column name="PERMIT_ID"
				valueComputed="(select permit_id from sec_permit where permit_primary='STAGING_EXPORT' and permit_secondary='VIEW')" />
			<column name="ROLE_ID"
				valueComputed="(select role_id from sec_role where role_type='STAGING' and role_name='STAGING')" />
		</insert>
	</changeSet>
	<changeSet author="dt64106"
		id="MX-3782-add-export-submit-to-staging-role">
		<comment>Associate export submit permit to staging role</comment>
		<insert tableName="LNK_ROLE_LOB_PERMIT">
			<column name="LINK_ID"
				valueSequenceNext="LNK_ROLE_LOB_PERMIT_SEQ" />
			<column name="PERMIT_ID"
				valueComputed="(select permit_id from sec_permit where permit_primary='STAGING_EXPORT' and permit_secondary='SUBMIT')" />
			<column name="ROLE_ID"
				valueComputed="(select role_id from sec_role where role_type='STAGING' and role_name='STAGING')" />
		</insert>
	</changeSet>
	<changeSet author="dt64106"
		id="MX-3782-add-import-view-to-staging-role">
		<comment>Associate import permit to staging role</comment>
		<insert tableName="LNK_ROLE_LOB_PERMIT">
			<column name="LINK_ID"
				valueSequenceNext="LNK_ROLE_LOB_PERMIT_SEQ" />
			<column name="PERMIT_ID"
				valueComputed="(select permit_id from sec_permit where permit_primary='STAGING_IMPORT' and permit_secondary='VIEW')" />
			<column name="ROLE_ID"
				valueComputed="(select role_id from sec_role where role_type='STAGING' and role_name='STAGING')" />
		</insert>
	</changeSet>

	<changeSet author="dt64106" id="MX-782-add-staging-UserBasic">
		<comment>Add User name staging .</comment>
		<insert tableName="user_basic">
			<column name="user_id" valueSequenceNext="SEC_PERMIT_SEQ" />
			<column name="username" value="stageuser" />
			<column name="first_name" value="staging" />
			<column name="last_name" value="staging" />
			<column name="active" value="Y" />
			<column name="locked" value="N" />
			<column name="eff_date" valueDate="CURRENT_DATE" />
			<column name="CREATED" valueDate="CURRENT_DATE" />
			<column name="CREATEBY"
				valueComputed="(SELECT USER_ID FROM USER_BASIC WHERE USERNAME='root')" />
			<column name="UPDATED" valueDate="CURRENT_DATE" />
			<column name="UPDATEBY"
				valueComputed="(SELECT USER_ID FROM USER_BASIC WHERE USERNAME='root')" />
			<column name="role_id"
				valueComputed="(select role_id from sec_role where role_type='STAGING' and role_name='STAGING')" />
		</insert>
	</changeSet>

	<changeSet author="dt64106" id="MX-782-add-staging-UserLogin">
		<comment>Add staging password.</comment>
		<insert tableName="user_login">
			<column name="userlogin_id" valueSequenceNext="USER_LOGIN_SEQ" />
			<column name="user_id"
				valueComputed="(SELECT USER_ID FROM USER_BASIC WHERE USERNAME='stageuser')" />
			<column name="password" value="{noop}password1" />
			<column name="CREATED" valueDate="CURRENT_DATE" />
			<column name="CREATEBY"
				valueComputed="(SELECT USER_ID FROM USER_BASIC WHERE USERNAME='root')" />
			<column name="UPDATED" valueDate="CURRENT_DATE" />
			<column name="UPDATEBY"
				valueComputed="(SELECT USER_ID FROM USER_BASIC WHERE USERNAME='root')" />
		</insert>
	</changeSet>
</databaseChangeLog>