<?xml version="1.0" encoding="UTF-8"?>
<databaseChangeLog
	xmlns="http://www.liquibase.org/xml/ns/dbchangelog"
	xmlns:xsi="http://www.w3.org/2001/XMLSchema-instance"
	xmlns:ext="http://www.liquibase.org/xml/ns/dbchangelog-ext"
	xsi:schemaLocation="http://www.liquibase.org/xml/ns/dbchangelog http://www.liquibase.org/xml/ns/dbchangelog/dbchangelog-3.8.xsd
        http://www.liquibase.org/xml/ns/dbchangelog-ext http://www.liquibase.org/xml/ns/dbchangelog/dbchangelog-ext.xsd">

	<changeSet author="dt75758"
		id="MX-3394-required-fields-for-loclUnlockUser">
		<comment>User name is required to lock or unlock the user.</comment>
		<insert tableName="VALIDATION_RULE">
			<column name="RULESET" value="lockUnlockUser" />
			<column name="FIELD_NAME" value="userName" />
			<column name="RULE_TYPE" value="NOTNULL_VALIDATION" />
			<column name="RULE" value="true" />
			<column name="MESSAGE"
				value="User name is required to lock or unlock the user." />
			<column name="RULE_ORDER" value="1" />
		</insert>
	</changeSet>

	<changeSet author="dt75758"
		id="MX-3394-validate-user-for-loclUnlockUser">
		<comment>Allow the Lock or unlock user action only if user configured
			in the system.
		</comment>
		<insert tableName="VALIDATION_RULE">
			<column name="RULESET" value="lockUnlockUser" />
			<column name="FIELD_NAME" value="userName" />
			<column name="RULE_TYPE" value="CUSTOM_VALIDATION" />
			<column name="RULE"
				value="com.ssnc.health.mworx.services.auth.validator.LockUnlockUserValidator" />
			<column name="MESSAGE"
				value="User not configured in the system." />
			<column name="RULE_ORDER" value="2" />
		</insert>
	</changeSet>
</databaseChangeLog>