<?xml version="1.0" encoding="UTF-8"?>
<databaseChangeLog
	xmlns:xsi="http://www.w3.org/2001/XMLSchema-instance"
	xmlns:ext="http://www.liquibase.org/xml/ns/dbchangelog-ext"
	xmlns="http://www.liquibase.org/xml/ns/dbchangelog"
	xsi:schemaLocation="http://www.liquibase.org/xml/ns/dbchangelog http://www.liquibase.org/xml/ns/dbchangelog/dbchangelog-3.1.xsd
        http://www.liquibase.org/xml/ns/dbchangelog-ext http://www.liquibase.org/xml/ns/dbchangelog/dbchangelog-ext.xsd">

	<changeSet id="MX-4927-1" author="dt76103">
		<comment>Permit for user changing My Profile password</comment>
		<insert tableName="SEC_PERMIT">
			<column name="PERMIT_ID" valueSequenceNext="SEC_PERMIT_SEQ" />
			<column name="ACTIVE" value="Y" />
			<column name="CREATED" valueDate="CURRENT_DATE" />
			<column name="DESCRIPTION" value="Permit for user changing own password" />
			<column name="PERMIT_PRIMARY" value="USER" />
			<column name="PERMIT_SECONDARY" value="CHANGE_PASSWORD" />
			<column name="CREATEBY"
				valueComputed="(SELECT USER_ID FROM USER_BASIC WHERE USERNAME='root')" />
			<column name="UPDATED" valueDate="CURRENT_DATE" />
			<column name="UPDATEBY"
				valueComputed="(SELECT USER_ID FROM USER_BASIC WHERE USERNAME='root')" />
		</insert>
	</changeSet>
	
	 <changeSet id="MX-4927-2" author="dt76103">
		<comment>Associate USER CHANGE_PASSWORD permit to System Admin Role</comment>
		<insert tableName="LNK_ROLE_LOB_PERMIT">
			<column name="LINK_ID"
				valueSequenceNext="LNK_ROLE_LOB_PERMIT_SEQ" />
			<column name="PERMIT_ID"
				valueComputed="(select permit_id from sec_permit where permit_primary='USER' and permit_secondary='CHANGE_PASSWORD')" />
			<column name="ROLE_ID"
				valueComputed="(select role_id from sec_role where role_type='System Admin' and role_name='Security')" />
			<column name="ACTIVE" value="Y" />
		</insert>
	</changeSet>
	<changeSet id="MX-4308-3" author="dt76103">
		<comment>Current password is mandatory</comment>
		<insert tableName="VALIDATION_RULE">
			<column name="RULESET" value="myProfileChangePassword"/>
			<column name="FIELD_NAME" value="currentPassword"/>
			<column name="RULE_TYPE" value="NOTNULL_VALIDATION"/>
		<column name="RULE" value="true" />
			<column name="MESSAGE" value="Current password is required." />
			<column name="RULE_ORDER" value="11" />
		</insert>
	</changeSet>
	
	<changeSet id="MX-4308-4" author="dt76103">
		<comment>Current Password should match with existing password record. For user changes his own password</comment>
		<insert tableName="VALIDATION_RULE">
			<column name="RULESET" value="myProfileChangePassword"/>
			<column name="FIELD_NAME" value="currentPassword"/>
			<column name="RULE_TYPE" value="CUSTOM_VALIDATION"/>
			<column name="RULE"
				value="com.ssnc.health.mworx.services.auth.validator.CurrentPasswordValidator"/>
			<column name="MESSAGE"
				value="Unable to update the password. The current password is blank or does not match with user's active password."/>
			<column name="RULE_ORDER" value="13"/>
		</insert>
	</changeSet>
	<changeSet id="MX-4927-5" author="dt76103">
		<comment>New Password to be Not Null</comment>
		<insert tableName="VALIDATION_RULE">
			<column name="RULESET" value="myProfileChangePassword" />
			<column name="FIELD_NAME" value="newPassword" />
			<column name="RULE_TYPE" value="NOTNULL_VALIDATION" />
			<column name="RULE" value="true" />
			<column name="MESSAGE" value="New Password is required" />
			<column name="RULE_ORDER" value="1" />
		</insert>
	</changeSet>
		
	<changeSet id="MX-4927-6" author="dt76103">
		<comment>New password to match Pattern</comment>
		<insert tableName="VALIDATION_RULE">
			<column name="RULESET" value="myProfileChangePassword" />
			<column name="FIELD_NAME" value="newPassword" />
			<column name="RULE_TYPE" value="PATTERN_VALIDATION" />
			<column name="RULE" value="^(?=.*[a-z])(?=.*[A-Z])(?=.*\d)(?=.*[#$^+=!*()@%&amp;])[A-Za-z\d#$^+=!*()@%&amp;]{8,30}" />
			<column name="MESSAGE" value="Password requirements. Min 8 char, min 1 uppercase, min 1 number, min 1 special char." />
			<column name="RULE_ORDER" value="2" />
		</insert>
	</changeSet>
	<changeSet id="MX-4927-7" author="dt76103">
		<comment>Password Reuse Validation</comment>
		<insert tableName="VALIDATION_RULE">
			<column name="RULESET" value="myProfileChangePassword"/>
			<column name="FIELD_NAME" value="newPassword"/>
			<column name="RULE_TYPE" value="CUSTOM_VALIDATION"/>
			<column name="RULE"
				value="com.ssnc.health.mworx.services.auth.validator.MyProfilePasswordHistoryValidator"/>
			<column name="MESSAGE"
				value="Unable to update the password. The value provided for the new password does not meet the length, complexity, or history requirements."/>
			<column name="RULE_ORDER" value="15"/>
		</insert>
	</changeSet>
	
	<changeSet id="MX-4308-8" author="dt76103">
		<comment>Confirm password is mandatory</comment>
		<insert tableName="VALIDATION_RULE">
			<column name="RULESET" value="myProfileChangePassword"/>
			<column name="FIELD_NAME" value="confirmPassword"/>
			<column name="RULE_TYPE" value="NOTNULL_VALIDATION"/>
		<column name="RULE" value="true" />
			<column name="MESSAGE" value="Confirm password is required." />
			<column name="RULE_ORDER" value="11" />
		</insert>
	</changeSet>
	
	<changeSet id="MX-4308-9" author="dt76103">
		<comment>Confirm password should match with new password.</comment>
		<insert tableName="VALIDATION_RULE">
			<column name="RULESET" value="myProfileChangePassword"/>
			<column name="FIELD_NAME" value="confirmPassword"/>
			<column name="RULE_TYPE" value="CUSTOM_VALIDATION"/>
			<column name="RULE"
				value="com.ssnc.health.mworx.services.auth.validator.ConfirmPasswordValidator"/>
			<column name="MESSAGE"
				value="Unable to update the password. The confirm password is blank or does not match with new  password."/>
			<column name="RULE_ORDER" value="12"/>
		</insert>
	</changeSet>
</databaseChangeLog>