<?xml version="1.0" encoding="UTF-8"?>
<databaseChangeLog
	xmlns:xsi="http://www.w3.org/2001/XMLSchema-instance"
	xmlns:ext="http://www.liquibase.org/xml/ns/dbchangelog-ext"
	xmlns="http://www.liquibase.org/xml/ns/dbchangelog"
	xsi:schemaLocation="http://www.liquibase.org/xml/ns/dbchangelog http://www.liquibase.org/xml/ns/dbchangelog/dbchangelog-3.1.xsd
        http://www.liquibase.org/xml/ns/dbchangelog-ext http://www.liquibase.org/xml/ns/dbchangelog/dbchangelog-ext.xsd">

	<changeSet id="MX-4391-1" author="dt64028">
		<comment>Create permit META_GROUP VIEW</comment>
		<insert tableName="SEC_PERMIT">
			<column name="PERMIT_ID" valueSequenceNext="SEC_PERMIT_SEQ" />
			<column name="ACTIVE" value="Y" />
			<column name="CREATED" valueDate="CURRENT_DATE" />
			<column name="DESCRIPTION" value="META_GROUP_VIEW" />
			<column name="PERMIT_PRIMARY" value="META_GROUP" />
			<column name="PERMIT_SECONDARY" value="VIEW" />
			<column name="CREATEBY"
				valueComputed="(SELECT USER_ID FROM USER_BASIC WHERE USERNAME='root')" />
			<column name="UPDATED" valueDate="CURRENT_DATE" />
			<column name="UPDATEBY"
				valueComputed="(SELECT USER_ID FROM USER_BASIC WHERE USERNAME='root')" />
		</insert>
	</changeSet>

	<changeSet id="MX-4391-2" author="dt64028">
		<comment>Create permit META_GROUP UPDATE</comment>
		<insert tableName="SEC_PERMIT">
			<column name="PERMIT_ID" valueSequenceNext="SEC_PERMIT_SEQ" />
			<column name="ACTIVE" value="Y" />
			<column name="CREATED" valueDate="CURRENT_DATE" />
			<column name="DESCRIPTION" value="META_GROUP_UPDATE" />
			<column name="PERMIT_PRIMARY" value="META_GROUP" />
			<column name="PERMIT_SECONDARY" value="UPDATE" />
			<column name="CREATEBY"
				valueComputed="(SELECT USER_ID FROM USER_BASIC WHERE USERNAME='root')" />
			<column name="UPDATED" valueDate="CURRENT_DATE" />
			<column name="UPDATEBY"
				valueComputed="(SELECT USER_ID FROM USER_BASIC WHERE USERNAME='root')" />
		</insert>
	</changeSet>

	<changeSet id="MX-4391-3" author="dt64028">
		<comment>Associate META_GROUP VIEW permit to System Admin Role</comment>
		<insert tableName="LNK_ROLE_LOB_PERMIT">
			<column name="LINK_ID"
				valueSequenceNext="LNK_ROLE_LOB_PERMIT_SEQ" />
			<column name="PERMIT_ID"
				valueComputed="(select permit_id from sec_permit where permit_primary='META_GROUP' and permit_secondary='VIEW')" />
			<column name="ROLE_ID"
				valueComputed="(select role_id from sec_role where role_type='System Admin' and role_name='Security')" />
			<column name="ACTIVE" value="Y" />
		</insert>
	</changeSet>

	<changeSet id="MX-4391-4" author="dt64028">
		<comment>Associate META_GROUP UPDATE permit to System Admin Role</comment>
		<insert tableName="LNK_ROLE_LOB_PERMIT">
			<column name="LINK_ID"
				valueSequenceNext="LNK_ROLE_LOB_PERMIT_SEQ" />
			<column name="PERMIT_ID"
				valueComputed="(select permit_id from sec_permit where permit_primary='META_GROUP' and permit_secondary='UPDATE')" />
			<column name="ROLE_ID"
				valueComputed="(select role_id from sec_role where role_type='System Admin' and role_name='Security')" />
			<column name="ACTIVE" value="Y" />
		</insert>
	</changeSet>
	
	<changeSet id="MX-4445-1" author="dt64028">
		<comment>Create permit META_IDGENERATOR VIEW</comment>
		<insert tableName="SEC_PERMIT">
			<column name="PERMIT_ID" valueSequenceNext="SEC_PERMIT_SEQ" />
			<column name="ACTIVE" value="Y" />
			<column name="CREATED" valueDate="CURRENT_DATE" />
			<column name="DESCRIPTION" value="META_IDGENERATOR_VIEW" />
			<column name="PERMIT_PRIMARY" value="META_IDGENERATOR" />
			<column name="PERMIT_SECONDARY" value="VIEW" />
			<column name="CREATEBY"
				valueComputed="(SELECT USER_ID FROM USER_BASIC WHERE USERNAME='root')" />
			<column name="UPDATED" valueDate="CURRENT_DATE" />
			<column name="UPDATEBY"
				valueComputed="(SELECT USER_ID FROM USER_BASIC WHERE USERNAME='root')" />
		</insert>
	</changeSet>

	<changeSet id="MX-4445-2" author="dt64028">
		<comment>Create permit META_IDGENERATOR UPDATE</comment>
		<insert tableName="SEC_PERMIT">
			<column name="PERMIT_ID" valueSequenceNext="SEC_PERMIT_SEQ" />
			<column name="ACTIVE" value="Y" />
			<column name="CREATED" valueDate="CURRENT_DATE" />
			<column name="DESCRIPTION" value="META_IDGENERATOR_UPDATE" />
			<column name="PERMIT_PRIMARY" value="META_IDGENERATOR" />
			<column name="PERMIT_SECONDARY" value="UPDATE" />
			<column name="CREATEBY"
				valueComputed="(SELECT USER_ID FROM USER_BASIC WHERE USERNAME='root')" />
			<column name="UPDATED" valueDate="CURRENT_DATE" />
			<column name="UPDATEBY"
				valueComputed="(SELECT USER_ID FROM USER_BASIC WHERE USERNAME='root')" />
		</insert>
	</changeSet>

	<changeSet id="MX-4445-3" author="dt64028">
		<comment>Associate META_IDGENERATOR VIEW permit to System Admin Role</comment>
		<insert tableName="LNK_ROLE_LOB_PERMIT">
			<column name="LINK_ID"
				valueSequenceNext="LNK_ROLE_LOB_PERMIT_SEQ" />
			<column name="PERMIT_ID"
				valueComputed="(select permit_id from sec_permit where permit_primary='META_IDGENERATOR' and permit_secondary='VIEW')" />
			<column name="ROLE_ID"
				valueComputed="(select role_id from sec_role where role_type='System Admin' and role_name='Security')" />
			<column name="ACTIVE" value="Y" />
		</insert>
	</changeSet>

	<changeSet id="MX-4445-4" author="dt64028">
		<comment>Associate META_IDGENERATOR UPDATE permit to System Admin Role</comment>
		<insert tableName="LNK_ROLE_LOB_PERMIT">
			<column name="LINK_ID"
				valueSequenceNext="LNK_ROLE_LOB_PERMIT_SEQ" />
			<column name="PERMIT_ID"
				valueComputed="(select permit_id from sec_permit where permit_primary='META_IDGENERATOR' and permit_secondary='UPDATE')" />
			<column name="ROLE_ID"
				valueComputed="(select role_id from sec_role where role_type='System Admin' and role_name='Security')" />
			<column name="ACTIVE" value="Y" />
		</insert>
	</changeSet>
	
	<changeSet id="MX-4445-5" author="dt64028">
		<comment>Create permit META_BIZENTITY VIEW</comment>
		<insert tableName="SEC_PERMIT">
			<column name="PERMIT_ID" valueSequenceNext="SEC_PERMIT_SEQ" />
			<column name="ACTIVE" value="Y" />
			<column name="CREATED" valueDate="CURRENT_DATE" />
			<column name="DESCRIPTION" value="META_BIZENTITY_VIEW" />
			<column name="PERMIT_PRIMARY" value="META_BIZENTITY" />
			<column name="PERMIT_SECONDARY" value="VIEW" />
			<column name="CREATEBY"
				valueComputed="(SELECT USER_ID FROM USER_BASIC WHERE USERNAME='root')" />
			<column name="UPDATED" valueDate="CURRENT_DATE" />
			<column name="UPDATEBY"
				valueComputed="(SELECT USER_ID FROM USER_BASIC WHERE USERNAME='root')" />
		</insert>
	</changeSet>

	<changeSet id="MX-4445-6" author="dt64028">
		<comment>Create permit META_BIZENTITY UPDATE</comment>
		<insert tableName="SEC_PERMIT">
			<column name="PERMIT_ID" valueSequenceNext="SEC_PERMIT_SEQ" />
			<column name="ACTIVE" value="Y" />
			<column name="CREATED" valueDate="CURRENT_DATE" />
			<column name="DESCRIPTION" value="META_BIZENTITY_UPDATE" />
			<column name="PERMIT_PRIMARY" value="META_BIZENTITY" />
			<column name="PERMIT_SECONDARY" value="UPDATE" />
			<column name="CREATEBY"
				valueComputed="(SELECT USER_ID FROM USER_BASIC WHERE USERNAME='root')" />
			<column name="UPDATED" valueDate="CURRENT_DATE" />
			<column name="UPDATEBY"
				valueComputed="(SELECT USER_ID FROM USER_BASIC WHERE USERNAME='root')" />
		</insert>
	</changeSet>

	<changeSet id="MX-4445-7" author="dt64028">
		<comment>Associate META_BIZENTITY VIEW permit to System Admin Role</comment>
		<insert tableName="LNK_ROLE_LOB_PERMIT">
			<column name="LINK_ID"
				valueSequenceNext="LNK_ROLE_LOB_PERMIT_SEQ" />
			<column name="PERMIT_ID"
				valueComputed="(select permit_id from sec_permit where permit_primary='META_BIZENTITY' and permit_secondary='VIEW')" />
			<column name="ROLE_ID"
				valueComputed="(select role_id from sec_role where role_type='System Admin' and role_name='Security')" />
			<column name="ACTIVE" value="Y" />
		</insert>
	</changeSet>

	<changeSet id="MX-4445-8" author="dt64028">
		<comment>Associate META_BIZENTITY UPDATE permit to System Admin Role</comment>
		<insert tableName="LNK_ROLE_LOB_PERMIT">
			<column name="LINK_ID"
				valueSequenceNext="LNK_ROLE_LOB_PERMIT_SEQ" />
			<column name="PERMIT_ID"
				valueComputed="(select permit_id from sec_permit where permit_primary='META_BIZENTITY' and permit_secondary='UPDATE')" />
			<column name="ROLE_ID"
				valueComputed="(select role_id from sec_role where role_type='System Admin' and role_name='Security')" />
			<column name="ACTIVE" value="Y" />
		</insert>
	</changeSet>
	
	<changeSet id="MX-4775-1" author="dt64028">
		<comment>Create permit META_LOCATION VIEW</comment>
		<insert tableName="SEC_PERMIT">
			<column name="PERMIT_ID" valueSequenceNext="SEC_PERMIT_SEQ" />
			<column name="ACTIVE" value="Y" />
			<column name="CREATED" valueDate="CURRENT_DATE" />
			<column name="DESCRIPTION" value="META_LOCATION_VIEW" />
			<column name="PERMIT_PRIMARY" value="META_LOCATION" />
			<column name="PERMIT_SECONDARY" value="VIEW" />
			<column name="CREATEBY"
				valueComputed="(SELECT USER_ID FROM USER_BASIC WHERE USERNAME='root')" />
			<column name="UPDATED" valueDate="CURRENT_DATE" />
			<column name="UPDATEBY"
				valueComputed="(SELECT USER_ID FROM USER_BASIC WHERE USERNAME='root')" />
		</insert>
	</changeSet>

	<changeSet id="MX-4775-2" author="dt64028">
		<comment>Create permit META_LOCATION UPDATE</comment>
		<insert tableName="SEC_PERMIT">
			<column name="PERMIT_ID" valueSequenceNext="SEC_PERMIT_SEQ" />
			<column name="ACTIVE" value="Y" />
			<column name="CREATED" valueDate="CURRENT_DATE" />
			<column name="DESCRIPTION" value="META_LOCATION_UPDATE" />
			<column name="PERMIT_PRIMARY" value="META_LOCATION" />
			<column name="PERMIT_SECONDARY" value="UPDATE" />
			<column name="CREATEBY"
				valueComputed="(SELECT USER_ID FROM USER_BASIC WHERE USERNAME='root')" />
			<column name="UPDATED" valueDate="CURRENT_DATE" />
			<column name="UPDATEBY"
				valueComputed="(SELECT USER_ID FROM USER_BASIC WHERE USERNAME='root')" />
		</insert>
	</changeSet>

	<changeSet id="MX-4775-3" author="dt64028">
		<comment>Associate META_LOCATION VIEW permit to System Admin Role</comment>
		<insert tableName="LNK_ROLE_LOB_PERMIT">
			<column name="LINK_ID"
				valueSequenceNext="LNK_ROLE_LOB_PERMIT_SEQ" />
			<column name="PERMIT_ID"
				valueComputed="(select permit_id from sec_permit where permit_primary='META_LOCATION' and permit_secondary='VIEW')" />
			<column name="ROLE_ID"
				valueComputed="(select role_id from sec_role where role_type='System Admin' and role_name='Security')" />
			<column name="ACTIVE" value="Y" />
		</insert>
	</changeSet>

	<changeSet id="MX-4775-4" author="dt64028">
		<comment>Associate META_LOCATION UPDATE permit to System Admin Role</comment>
		<insert tableName="LNK_ROLE_LOB_PERMIT">
			<column name="LINK_ID"
				valueSequenceNext="LNK_ROLE_LOB_PERMIT_SEQ" />
			<column name="PERMIT_ID"
				valueComputed="(select permit_id from sec_permit where permit_primary='META_LOCATION' and permit_secondary='UPDATE')" />
			<column name="ROLE_ID"
				valueComputed="(select role_id from sec_role where role_type='System Admin' and role_name='Security')" />
			<column name="ACTIVE" value="Y" />
		</insert>
	</changeSet>

</databaseChangeLog>