<?xml version="1.0" encoding="UTF-8"?>
<databaseChangeLog
	xmlns:xsi="http://www.w3.org/2001/XMLSchema-instance"
	xmlns:ext="http://www.liquibase.org/xml/ns/dbchangelog-ext"
	xmlns="http://www.liquibase.org/xml/ns/dbchangelog"
	xsi:schemaLocation="http://www.liquibase.org/xml/ns/dbchangelog http://www.liquibase.org/xml/ns/dbchangelog/dbchangelog-3.1.xsd
        http://www.liquibase.org/xml/ns/dbchangelog-ext http://www.liquibase.org/xml/ns/dbchangelog/dbchangelog-ext.xsd">

	<changeSet author="dt64028"
		id="MX-4979-delete-user-contact-info">
		<comment>delete all rows from user_contact to prepare for contact_type field change</comment>
		<delete tableName="USER_CONTACT">
		</delete>
	</changeSet>
	<changeSet author="dt64028"
		id="MX-4979-modify-contact-type">
		<comment>change contact_type in user_contact table to BIGINT</comment>
		<modifyDataType columnName="CONTACT_TYPE" newDataType="BIGINT" tableName="USER_CONTACT" />
	</changeSet>
	<changeSet author="dt64028"
		id="MX-4979-delete-contact-type-pattern-validation">
		<comment>delete pattern_validation for contact_type from validation_rule table</comment>
		<delete tableName="VALIDATION_RULE">
		  <where>field_name='userContacts[].contactType' AND rule_type='PATTERN_VALIDATION'</where>
		</delete>
	</changeSet>
	<changeSet author="dt64028" id="MX-4979-new-addUser-rules">
	  <comment>load new rules to addUser</comment>
	  <insert tableName="VALIDATION_RULE">
	    <column name="RULESET" value="addUser"/>
		<column name="FIELD_NAME" value="userContacts[].contactType" />
		<column name="RULE_TYPE" value="NOTNULL_VALIDATION" />
		<column name="RULE"
				value="true" />
		<column name="MESSAGE"
				value="User contact type is required" />
		<column name="RULE_ORDER" value="1" />
	  </insert>
	  <insert tableName="VALIDATION_RULE">
	    <column name="RULESET" value="addUser"/>
		<column name="FIELD_NAME" value="userContacts[].contactInfo" />
		<column name="RULE_TYPE" value="NOTNULL_VALIDATION" />
		<column name="RULE"
				value="true" />
		<column name="MESSAGE"
				value="User contact info is required" />
		<column name="RULE_ORDER" value="1" />
	  </insert>
	</changeSet>
	<changeSet author="dt64028" id="MX-4979-new-updateUser-rules">
	  <comment>load new rules to updateUser</comment>
	  <insert tableName="VALIDATION_RULE">
	    <column name="RULESET" value="updateUser"/>
		<column name="FIELD_NAME" value="userContacts[].contactType" />
		<column name="RULE_TYPE" value="NOTNULL_VALIDATION" />
		<column name="RULE"
				value="true" />
		<column name="MESSAGE"
				value="User contact type is required" />
		<column name="RULE_ORDER" value="1" />
	  </insert>
	  <insert tableName="VALIDATION_RULE">
	    <column name="RULESET" value="updateUser"/>
		<column name="FIELD_NAME" value="userContacts[].contactInfo" />
		<column name="RULE_TYPE" value="NOTNULL_VALIDATION" />
		<column name="RULE"
				value="true" />
		<column name="MESSAGE"
				value="User contact info is required" />
		<column name="RULE_ORDER" value="1" />
	  </insert>
	</changeSet>
	<changeSet author="dt64028"
		id="MX-4979-change-userContact-custom-validation-message">
		<comment>change the custom_validation UserContactInfoValidator message for userContacts</comment>
		<update tableName="VALIDATION_RULE">
		  <column name="MESSAGE"
				value="User contact type is invalid" />
			<where>RULESET IN ('addUser', 'updateUser')	AND FIELD_NAME='userContacts' 
			    AND rule='com.ssnc.health.mworx.services.auth.validator.UserContactInfoValidator'
			</where>
		</update>
	</changeSet>
</databaseChangeLog>
