<?xml version="1.0" encoding="UTF-8"?>
<databaseChangeLog
	xmlns:xsi="http://www.w3.org/2001/XMLSchema-instance"
	xmlns:ext="http://www.liquibase.org/xml/ns/dbchangelog-ext"
	xmlns="http://www.liquibase.org/xml/ns/dbchangelog"
	xsi:schemaLocation="http://www.liquibase.org/xml/ns/dbchangelog http://www.liquibase.org/xml/ns/dbchangelog/dbchangelog-3.1.xsd
        http://www.liquibase.org/xml/ns/dbchangelog-ext http://www.liquibase.org/xml/ns/dbchangelog/dbchangelog-ext.xsd">

	<changeSet id="MX-4308-1" author="dt76103">
		<comment>Confirm password is mandatory</comment>
		<insert tableName="VALIDATION_RULE">
			<column name="RULESET" value="changePassword"/>
			<column name="FIELD_NAME" value="confirmPassword"/>
			<column name="RULE_TYPE" value="NOTNULL_VALIDATION"/>
		<column name="RULE" value="true" />
			<column name="MESSAGE" value="Confirm password is required." />
			<column name="RULE_ORDER" value="11" />
		</insert>
	</changeSet>
	
	<changeSet id="MX-4308-2" author="dt76103">
		<comment>Confirm password should match with new password.</comment>
		<insert tableName="VALIDATION_RULE">
			<column name="RULESET" value="changePassword"/>
			<column name="FIELD_NAME" value="confirmPassword"/>
			<column name="RULE_TYPE" value="CUSTOM_VALIDATION"/>
			<column name="RULE"
				value="com.ssnc.health.mworx.services.auth.validator.EditUserConfirmPasswordValidator"/>
			<column name="MESSAGE"
				value="Unable to update the password. The confirm password is blank or does not match with new  password."/>
			<column name="RULE_ORDER" value="12"/>
		</insert>
	</changeSet>
</databaseChangeLog>