<?xml version="1.0" encoding="UTF-8"?>
<databaseChangeLog
	xmlns:xsi="http://www.w3.org/2001/XMLSchema-instance"
	xmlns:ext="http://www.liquibase.org/xml/ns/dbchangelog-ext"
	xmlns="http://www.liquibase.org/xml/ns/dbchangelog"
	xsi:schemaLocation="http://www.liquibase.org/xml/ns/dbchangelog http://www.liquibase.org/xml/ns/dbchangelog/dbchangelog-3.1.xsd
        http://www.liquibase.org/xml/ns/dbchangelog-ext http://www.liquibase.org/xml/ns/dbchangelog/dbchangelog-ext.xsd">

	<changeSet author="dt64028"
		id="MX-4130-Validation-RuleInsert-1">
		<comment>change rule_type from EMAIL_VALIDATION to CUSTOM_FIELD_VALIDATION</comment>
		<update tableName="VALIDATION_RULE">
			<column name="RULE_TYPE"
				value="CUSTOM_FIELD_VALIDATION" />
			<where>RULE_TYPE='EMAIL_VALIDATION'
			</where>
		</update>
	</changeSet>

</databaseChangeLog>
