<?xml version="1.0" encoding="UTF-8"?>
<databaseChangeLog
	xmlns:xsi="http://www.w3.org/2001/XMLSchema-instance"
	xmlns:ext="http://www.liquibase.org/xml/ns/dbchangelog-ext"
	xmlns="http://www.liquibase.org/xml/ns/dbchangelog"
	xsi:schemaLocation="http://www.liquibase.org/xml/ns/dbchangelog http://www.liquibase.org/xml/ns/dbchangelog/dbchangelog-3.1.xsd
        http://www.liquibase.org/xml/ns/dbchangelog-ext http://www.liquibase.org/xml/ns/dbchangelog/dbchangelog-ext.xsd">

	<changeSet author="dt64106"
		id="MX-5118-ValidationRules-Update-1">
		<comment>change field name to userName</comment>
		<update tableName="VALIDATION_RULE">
			<column name="message" value="First name should be between 2 and 40 chars." />
			<where> field_name='firstName' and
				 rule_type='PATTERN_VALIDATION'
			</where>
		</update>
	</changeSet>		
	<changeSet author="dt64106"
		id="MX-5118-ValidationRules-Update-2">
		<comment>change field name to userName</comment>
		<update tableName="VALIDATION_RULE">
			<column name="message" value="Last name should be between 2 and 40 chars." />
			<where> field_name='lastName' and
				 rule_type='PATTERN_VALIDATION'
			</where>
		</update>	
	</changeSet>		
	<changeSet author="dt64106"
		id="MX-5118-ValidationRules-Update-3">
		<comment>change field name to userName</comment>
		<update tableName="VALIDATION_RULE">
			<column name="message" value="Username should be between 7 and 60 chars." />
			<where> field_name='userName' and
				 rule_type='PATTERN_VALIDATION'
			</where>
		</update>			
	</changeSet>
</databaseChangeLog>
