<?xml version="1.0" encoding="UTF-8"?>
<databaseChangeLog
	xmlns:xsi="http://www.w3.org/2001/XMLSchema-instance"
	xmlns:ext="http://www.liquibase.org/xml/ns/dbchangelog-ext"
	xmlns="http://www.liquibase.org/xml/ns/dbchangelog"
	xsi:schemaLocation="http://www.liquibase.org/xml/ns/dbchangelog http://www.liquibase.org/xml/ns/dbchangelog/dbchangelog-3.1.xsd
        http://www.liquibase.org/xml/ns/dbchangelog-ext http://www.liquibase.org/xml/ns/dbchangelog/dbchangelog-ext.xsd">

	<changeSet author="dt64028"
		id="MX-5012-addUserContact-validation">
		<comment>load new rules for addUserContact</comment>
		<insert tableName="VALIDATION_RULE">
		  <column name="RULESET" value="addUserContact"/>
		  <column name="FIELD_NAME" value="userName" />
		  <column name="RULE_TYPE" value="NOTNULL_VALIDATION" />
		  <column name="RULE"
				value="true" />
		  <column name="MESSAGE"
				value="User name is required" />
		  <column name="RULE_ORDER" value="1" />
		</insert>
		<insert tableName="VALIDATION_RULE">
		  <column name="RULESET" value="addUserContact"/>
		  <column name="FIELD_NAME" value="userName" />
		  <column name="RULE_TYPE" value="PATTERN_VALIDATION" />
		  <column name="RULE"
				value="\S+" />
		  <column name="MESSAGE"
				value="User name is required" />
		  <column name="RULE_ORDER" value="2" />
		</insert>
		<insert tableName="VALIDATION_RULE">
		  <column name="RULESET" value="addUserContact"/>
		  <column name="FIELD_NAME" value="userName" />
		  <column name="RULE_TYPE" value="CUSTOM_VALIDATION" />
		  <column name="RULE"
				value="com.ssnc.health.mworx.services.auth.validator.UserContactUserNotExistValidator" />
		  <column name="MESSAGE"
				value="User name is invalid" />
		  <column name="RULE_ORDER" value="3" />
		</insert>
		<insert tableName="VALIDATION_RULE">
		  <column name="RULESET" value="addUserContact"/>
		  <column name="FIELD_NAME" value="userContact.contactId" />
		  <column name="RULE_TYPE" value="PATTERN_VALIDATION" />
		  <column name="RULE"
				value="^\s+$" />
		  <column name="MESSAGE"
				value="User contact id must not be sent" />
		  <column name="RULE_ORDER" value="1" />
		</insert>
		<insert tableName="VALIDATION_RULE">
		  <column name="RULESET" value="addUserContact"/>
		  <column name="FIELD_NAME" value="userContact.contactInfo" />
		  <column name="RULE_TYPE" value="NOTNULL_VALIDATION" />
		  <column name="RULE"
				value="true" />
		  <column name="MESSAGE"
				value="User contact info is required" />
		  <column name="RULE_ORDER" value="1" />
		</insert>
		<insert tableName="VALIDATION_RULE">
		  <column name="RULESET" value="addUserContact"/>
		  <column name="FIELD_NAME" value="userContact.contactInfo" />
		  <column name="RULE_TYPE" value="PATTERN_VALIDATION" />
		  <column name="RULE"
				value="\S+" />
		  <column name="MESSAGE"
				value="User contact info is required" />
		  <column name="RULE_ORDER" value="2" />
		</insert>
		<insert tableName="VALIDATION_RULE">
		  <column name="RULESET" value="addUserContact"/>
		  <column name="FIELD_NAME" value="userContact.contactInfo" />
		  <column name="RULE_TYPE" value="PATTERN_VALIDATION" />
		  <column name="RULE"
				value="^.{0,50}$" />
		  <column name="MESSAGE"
				value="Contact info length should not be longer than 50 characters" />
		  <column name="RULE_ORDER" value="3" />
		</insert>
		<insert tableName="VALIDATION_RULE">
		  <column name="RULESET" value="addUserContact"/>
		  <column name="FIELD_NAME" value="userContact.contactType" />
		  <column name="RULE_TYPE" value="NOTNULL_VALIDATION" />
		  <column name="RULE"
				value="true" />
		  <column name="MESSAGE"
				value="User contact type is required" />
		  <column name="RULE_ORDER" value="1" />
		</insert>
		<insert tableName="VALIDATION_RULE">
		  <column name="RULESET" value="addUserContact"/>
		  <column name="FIELD_NAME" value="userContact.contactType" />
		  <column name="RULE_TYPE" value="PATTERN_VALIDATION" />
		  <column name="RULE"
				value="\S+" />
		  <column name="MESSAGE"
				value="User contact type is required" />
		  <column name="RULE_ORDER" value="2" />
		</insert>
		<insert tableName="VALIDATION_RULE">
		  <column name="RULESET" value="addUserContact"/>
		  <column name="FIELD_NAME" value="userContact.contactType" />
		  <column name="RULE_TYPE" value="CUSTOM_VALIDATION" />
		  <column name="RULE"
				value="com.ssnc.health.mworx.services.auth.validator.ContactTypeValidator" />
		  <column name="MESSAGE"
				value="User contact type is invalid" />
		  <column name="RULE_ORDER" value="3" />
		</insert>
		<insert tableName="VALIDATION_RULE">
		  <column name="RULESET" value="addUserContact"/>
		  <column name="FIELD_NAME" value="userContact.contactType" />
		  <column name="RULE_TYPE" value="CUSTOM_VALIDATION" />
		  <column name="RULE"
				value="com.ssnc.health.mworx.services.auth.validator.AddContactTypeExistsForUserValidator" />
		  <column name="MESSAGE"
				value="User contact type already exists for user" />
		  <column name="RULE_ORDER" value="4" />
		</insert>
		<insert tableName="VALIDATION_RULE">
		  <column name="RULESET" value="addUserContact"/>
		  <column name="FIELD_NAME" value="userContact.prefer" />
		  <column name="RULE_TYPE" value="PATTERN_VALIDATION" />
		  <column name="RULE"
				value="^.{0,1}$" />
		  <column name="MESSAGE"
				value="Contact prefer length should not be longer than 1 character" />
		  <column name="RULE_ORDER" value="1" />
		</insert>
	</changeSet>
	<changeSet author="dt64028"
		id="MX-5012-updateUserContact-validation">
		<comment>load new rules for updateUserContact</comment>
		<insert tableName="VALIDATION_RULE">
		  <column name="RULESET" value="updateUserContact"/>
		  <column name="FIELD_NAME" value="userName" />
		  <column name="RULE_TYPE" value="NOTNULL_VALIDATION" />
		  <column name="RULE"
				value="true" />
		  <column name="MESSAGE"
				value="User name is required" />
		  <column name="RULE_ORDER" value="1" />
		</insert>
		<insert tableName="VALIDATION_RULE">
		  <column name="RULESET" value="updateUserContact"/>
		  <column name="FIELD_NAME" value="userName" />
		  <column name="RULE_TYPE" value="PATTERN_VALIDATION" />
		  <column name="RULE"
				value="\S+" />
		  <column name="MESSAGE"
				value="User name is required" />
		  <column name="RULE_ORDER" value="2" />
		</insert>
		<insert tableName="VALIDATION_RULE">
		  <column name="RULESET" value="updateUserContact"/>
		  <column name="FIELD_NAME" value="userName" />
		  <column name="RULE_TYPE" value="CUSTOM_VALIDATION" />
		  <column name="RULE"
				value="com.ssnc.health.mworx.services.auth.validator.UserContactUserNotExistValidator" />
		  <column name="MESSAGE"
				value="User name is invalid" />
		  <column name="RULE_ORDER" value="3" />
		</insert>
		<insert tableName="VALIDATION_RULE">
		   <column name="RULESET" value="updateUserContact"/>
		  <column name="FIELD_NAME" value="userContact.contactId" />
		  <column name="RULE_TYPE" value="NOTNULL_VALIDATION" />
		  <column name="RULE"
				value="true" />
		  <column name="MESSAGE"
				value="User contact id is required" />
		  <column name="RULE_ORDER" value="1" />
		</insert>
		<insert tableName="VALIDATION_RULE">
		  <column name="RULESET" value="updateUserContact"/>
		  <column name="FIELD_NAME" value="userContact.contactId" />
		  <column name="RULE_TYPE" value="PATTERN_VALIDATION" />
		  <column name="RULE"
				value="\S+" />
		  <column name="MESSAGE"
				value="User contact id is required" />
		  <column name="RULE_ORDER" value="2" />
		</insert>
		<insert tableName="VALIDATION_RULE">
		  <column name="RULESET" value="updateUserContact"/>
		  <column name="FIELD_NAME" value="userContact.contactId" />
		  <column name="RULE_TYPE" value="CUSTOM_VALIDATION" />
		  <column name="RULE"
				value="com.ssnc.health.mworx.services.auth.validator.ContactIdNotExistForUserValidator" />
		  <column name="MESSAGE"
				value="Contact id does not exist for user" />
		  <column name="RULE_ORDER" value="3" />
		</insert>
		<insert tableName="VALIDATION_RULE">
		  <column name="RULESET" value="updateUserContact"/>
		  <column name="FIELD_NAME" value="userContact.contactInfo" />
		  <column name="RULE_TYPE" value="NOTNULL_VALIDATION" />
		  <column name="RULE"
				value="true" />
		  <column name="MESSAGE"
				value="User contact info is required" />
		  <column name="RULE_ORDER" value="1" />
		</insert>
		<insert tableName="VALIDATION_RULE">
		  <column name="RULESET" value="updateUserContact"/>
		  <column name="FIELD_NAME" value="userContact.contactInfo" />
		  <column name="RULE_TYPE" value="PATTERN_VALIDATION" />
		  <column name="RULE"
				value="\S+" />
		  <column name="MESSAGE"
				value="User contact info is required" />
		  <column name="RULE_ORDER" value="2" />
		</insert>
		<insert tableName="VALIDATION_RULE">
		  <column name="RULESET" value="updateUserContact"/>
		  <column name="FIELD_NAME" value="userContact.contactInfo" />
		  <column name="RULE_TYPE" value="PATTERN_VALIDATION" />
		  <column name="RULE"
				value="^.{0,50}$" />
		  <column name="MESSAGE"
				value="Contact info length should not be longer than 50 characters" />
		  <column name="RULE_ORDER" value="3" />
		</insert>
		<insert tableName="VALIDATION_RULE">
		  <column name="RULESET" value="updateUserContact"/>
		  <column name="FIELD_NAME" value="userContact.contactType" />
		  <column name="RULE_TYPE" value="NOTNULL_VALIDATION" />
		  <column name="RULE"
				value="true" />
		  <column name="MESSAGE"
				value="User contact type is required" />
		  <column name="RULE_ORDER" value="1" />
		</insert>
		<insert tableName="VALIDATION_RULE">
		  <column name="RULESET" value="updateUserContact"/>
		  <column name="FIELD_NAME" value="userContact.contactType" />
		  <column name="RULE_TYPE" value="PATTERN_VALIDATION" />
		  <column name="RULE"
				value="\S+" />
		  <column name="MESSAGE"
				value="User contact type is required" />
		  <column name="RULE_ORDER" value="2" />
		</insert>
		<insert tableName="VALIDATION_RULE">
		  <column name="RULESET" value="updateUserContact"/>
		  <column name="FIELD_NAME" value="userContact.contactType" />
		  <column name="RULE_TYPE" value="CUSTOM_VALIDATION" />
		  <column name="RULE"
				value="com.ssnc.health.mworx.services.auth.validator.ContactTypeValidator" />
		  <column name="MESSAGE"
				value="User contact type is invalid" />
		  <column name="RULE_ORDER" value="3" />
		</insert>
		<insert tableName="VALIDATION_RULE">
		  <column name="RULESET" value="updateUserContact"/>
		  <column name="FIELD_NAME" value="userContact.contactType" />
		  <column name="RULE_TYPE" value="CUSTOM_VALIDATION" />
		  <column name="RULE"
				value="com.ssnc.health.mworx.services.auth.validator.UpdContactTypeExistsForUserValidator" />
		  <column name="MESSAGE"
				value="User contact type already exists for user under a different contact id" />
		  <column name="RULE_ORDER" value="4" />
		</insert>
		<insert tableName="VALIDATION_RULE">
		  <column name="RULESET" value="updateUserContact"/>
		  <column name="FIELD_NAME" value="userContact.prefer" />
		  <column name="RULE_TYPE" value="PATTERN_VALIDATION" />
		  <column name="RULE"
				value="^.{0,1}$" />
		  <column name="MESSAGE"
				value="Contact prefer length should not be longer than 1 character" />
		  <column name="RULE_ORDER" value="1" />
		</insert>
	</changeSet>
	<changeSet author="dt64028"
		id="MX-5012-deleteUserContact-validation">
		<comment>load new rules for deleteUserContact</comment>
		<insert tableName="VALIDATION_RULE">
		  <column name="RULESET" value="deleteUserContact"/>
		  <column name="FIELD_NAME" value="userName" />
		  <column name="RULE_TYPE" value="NOTNULL_VALIDATION" />
		  <column name="RULE"
				value="true" />
		  <column name="MESSAGE"
				value="User name is required" />
		  <column name="RULE_ORDER" value="1" />
		</insert>
		<insert tableName="VALIDATION_RULE">
		  <column name="RULESET" value="deleteUserContact"/>
		  <column name="FIELD_NAME" value="userName" />
		  <column name="RULE_TYPE" value="PATTERN_VALIDATION" />
		  <column name="RULE"
				value="\S+" />
		  <column name="MESSAGE"
				value="User name is required" />
		  <column name="RULE_ORDER" value="2" />
		</insert>
		<insert tableName="VALIDATION_RULE">
		  <column name="RULESET" value="deleteUserContact"/>
		  <column name="FIELD_NAME" value="userName" />
		  <column name="RULE_TYPE" value="CUSTOM_VALIDATION" />
		  <column name="RULE"
				value="com.ssnc.health.mworx.services.auth.validator.UserContactUserNotExistValidator" />
		  <column name="MESSAGE"
				value="User name is invalid" />
		  <column name="RULE_ORDER" value="3" />
		</insert>
		<insert tableName="VALIDATION_RULE">
		   <column name="RULESET" value="deleteUserContact"/>
		  <column name="FIELD_NAME" value="userContact.contactId" />
		  <column name="RULE_TYPE" value="NOTNULL_VALIDATION" />
		  <column name="RULE"
				value="true" />
		  <column name="MESSAGE"
				value="User contact id is required" />
		  <column name="RULE_ORDER" value="1" />
		</insert>
		<insert tableName="VALIDATION_RULE">
		  <column name="RULESET" value="deleteUserContact"/>
		  <column name="FIELD_NAME" value="userContact.contactId" />
		  <column name="RULE_TYPE" value="PATTERN_VALIDATION" />
		  <column name="RULE"
				value="\S+" />
		  <column name="MESSAGE"
				value="User contact id is required" />
		  <column name="RULE_ORDER" value="2" />
		</insert>
		<insert tableName="VALIDATION_RULE">
		  <column name="RULESET" value="deleteUserContact"/>
		  <column name="FIELD_NAME" value="userContact.contactId" />
		  <column name="RULE_TYPE" value="CUSTOM_VALIDATION" />
		  <column name="RULE"
				value="com.ssnc.health.mworx.services.auth.validator.ContactIdNotExistForUserValidator" />
		  <column name="MESSAGE"
				value="Contact id does not exist for user" />
		  <column name="RULE_ORDER" value="3" />
		</insert>
	</changeSet>
</databaseChangeLog>
