<?xml version="1.0" encoding="UTF-8"?>
<databaseChangeLog
	xmlns:xsi="http://www.w3.org/2001/XMLSchema-instance"
	xmlns:ext="http://www.liquibase.org/xml/ns/dbchangelog-ext"
	xmlns="http://www.liquibase.org/xml/ns/dbchangelog"
	xsi:schemaLocation="http://www.liquibase.org/xml/ns/dbchangelog http://www.liquibase.org/xml/ns/dbchangelog/dbchangelog-3.1.xsd
        http://www.liquibase.org/xml/ns/dbchangelog-ext http://www.liquibase.org/xml/ns/dbchangelog/dbchangelog-ext.xsd">

	<changeSet author="dt64106" id="MX-5195-remove-gender-values">
		<comment>Change all gender values to null</comment>
		<update tableName="USER_BASIC">
			<column name="gender" value="null" />
		</update>
	</changeSet>
	<changeSet author="dt64106"
		id="MX-5195-change-gender-construct">
		<comment>Change gender to int so it stores from metadata</comment>
		<modifyDataType columnName="gender"
			newDataType="BIGINT" tableName="USER_BASIC" />
	</changeSet>
	<changeSet author="dt64106" id="MX-5195-delete-pattern-gender">
		<comment>Delete gender pattern validations</comment>
		<delete tableName="VALIDATION_RULE">
			<where>rule_type='PATTERN_VALIDATION' and field_name='gender'</where>
		</delete>
	</changeSet>
	<changeSet author="dt64106"
		id="MX-5915-ValidationRules-Insert-1">
		<comment>For add user validate the gender id matches metadata</comment>
		<insert tableName="VALIDATION_RULE">
			<column name="RULESET" value="addUser" />
			<column name="FIELD_NAME" value="gender" />
			<column name="RULE_TYPE" value="CUSTOM_VALIDATION" />
			<column name="RULE" value="com.ssnc.health.mworx.services.auth.validator.GenderIDValidator" />
			<column name="MESSAGE"
				value="Invalid Gender" />
			<column name="RULE_ORDER" value="25" />
		</insert>
	</changeSet>
	<changeSet author="dt64106"
		id="MX-5915-ValidationRules-Insert-2">
		<comment>For update user validate the gender id matches metadata</comment>
		<insert tableName="VALIDATION_RULE">
			<column name="RULESET" value="updateUser" />
			<column name="FIELD_NAME" value="gender" />
			<column name="RULE_TYPE" value="CUSTOM_VALIDATION" />
			<column name="RULE" value="com.ssnc.health.mworx.services.auth.validator.GenderIDValidator" />
			<column name="MESSAGE"
				value="Invalid Gender" />
			<column name="RULE_ORDER" value="25" />
		</insert>
	</changeSet>
</databaseChangeLog>
