<?xml version="1.0" encoding="UTF-8"?>
<databaseChangeLog
	xmlns:xsi="http://www.w3.org/2001/XMLSchema-instance"
	xmlns:ext="http://www.liquibase.org/xml/ns/dbchangelog-ext"
	xmlns="http://www.liquibase.org/xml/ns/dbchangelog"
	xsi:schemaLocation="http://www.liquibase.org/xml/ns/dbchangelog http://www.liquibase.org/xml/ns/dbchangelog/dbchangelog-3.1.xsd
        http://www.liquibase.org/xml/ns/dbchangelog-ext http://www.liquibase.org/xml/ns/dbchangelog/dbchangelog-ext.xsd">

	<changeSet author="dt76103"
		id="MX-5180-1">
		<comment>Current Passowd Message Change</comment>
		<update tableName="VALIDATION_RULE">
			<column name="message" value="Current password does not match with user's active password." />
			<where> field_name='currentPassword' and ruleset='myProfileChangePassword' and
				 rule_type='CUSTOM_VALIDATION'
			</where>
		</update>
	</changeSet>		
	<changeSet author="dt76103"
		id="MX-5180-2">
		<comment>New password message change</comment>
		<update tableName="VALIDATION_RULE">
			<column name="message" value="New password does not meet the length, complexity, or history requirements." />
			<where> field_name='newPassword' and ruleset='myProfileChangePassword' and
				 rule_type='CUSTOM_VALIDATION'
			</where>
		</update>	
	</changeSet>		
	<changeSet author="dt76103"
		id="MX-5180-3">
		<comment>Confirm Password Message Change</comment>
		<update tableName="VALIDATION_RULE">
			<column name="message" value="Confirm password des not match with new  password." />
			<where> field_name='confirmPassword' and ruleset='myProfileChangePassword' and
				 rule_type='CUSTOM_VALIDATION'
			</where>
		</update>			
	</changeSet>
	
	<changeSet author="dt76103"
		id="MX-5180-4">
		<comment>New Password Message change</comment>
		<update tableName="VALIDATION_RULE">
			<column name="message" value="New password does not meet the length, complexity, or history requirements." />
			<where> field_name='password' and ruleset='changePassword' and
				 rule_type='CUSTOM_VALIDATION'
			</where>
		</update>			
	</changeSet>
	
</databaseChangeLog>
