<?xml version="1.0" encoding="UTF-8"?>
<databaseChangeLog
	xmlns:xsi="http://www.w3.org/2001/XMLSchema-instance"
	xmlns:ext="http://www.liquibase.org/xml/ns/dbchangelog-ext"
	xmlns="http://www.liquibase.org/xml/ns/dbchangelog"
	xsi:schemaLocation="http://www.liquibase.org/xml/ns/dbchangelog http://www.liquibase.org/xml/ns/dbchangelog/dbchangelog-3.1.xsd
        http://www.liquibase.org/xml/ns/dbchangelog-ext http://www.liquibase.org/xml/ns/dbchangelog/dbchangelog-ext.xsd">

<!--
Will attempt to update the null lob id from the application.yml
in application.yml need to add the metadata
-->
 	<changeSet id="MX-6617-1" author="dt64106">
		<preConditions onFail="CONTINUE"  onError="CONTINUE">
		<changeLogPropertyDefined  property="systemLOBID"/>
		<sqlCheck expectedResult="${systemLOBID}">select  ('${systemLOBID}'::Integer)</sqlCheck> 
		</preConditions>
		<comment>change default lob to system lob.  It will soft fail without a configuration.  It will keep trying until it has been set</comment>
		<sql>
			update lnk_role_lob_permit set lob_id = ${systemLOBID} where
			lob_id is null
		</sql>  
	</changeSet>


</databaseChangeLog>