<?xml version="1.0" encoding="UTF-8"?>
<databaseChangeLog
	xmlns:xsi="http://www.w3.org/2001/XMLSchema-instance"
	xmlns:ext="http://www.liquibase.org/xml/ns/dbchangelog-ext"
	xmlns="http://www.liquibase.org/xml/ns/dbchangelog"
	xsi:schemaLocation="http://www.liquibase.org/xml/ns/dbchangelog http://www.liquibase.org/xml/ns/dbchangelog/dbchangelog-3.1.xsd
        http://www.liquibase.org/xml/ns/dbchangelog-ext http://www.liquibase.org/xml/ns/dbchangelog/dbchangelog-ext.xsd">

	<changeSet author="dt204819"
		id="MX-7152-1">
		<comment>Verify roleId is present</comment>
		<insert tableName="VALIDATION_RULE">
			<column name="RULESET" value="permitSearchCriteria" />
			<column name="FIELD_NAME" value="roleId" />
			<column name="RULE_TYPE" value="NOTNULL_VALIDATION" />
			<column name="RULE" value="true" />
			<column name="MESSAGE" value="RoleId is required." />
			<column name="RULE_ORDER" value="1" />
		</insert>
	</changeSet>
	<changeSet author="dt204819"
		id="MX-7152-5">
		<insert tableName="VALIDATION_RULE">
			<column name="RULESET" value="permitSearchCriteria" />
			<column name="FIELD_NAME" value="roleId" />
			<column name="RULE_TYPE" value="PATTERN_VALIDATION" />
			<column name="RULE" value="^.{1,10}$" />
			<column name="MESSAGE"
				value="RoleId should not be empty" />
			<column name="RULE_ORDER" value="2" />
		</insert>
	</changeSet>
	<changeSet author="dt204819"
		id="MX-7152-2">
		<comment>Verify role ID is valid in our system</comment>
		<insert tableName="VALIDATION_RULE">
			<column name="RULESET" value="permitSearchCriteria" />
			<column name="FIELD_NAME" value="roleId" />
			<column name="RULE_TYPE" value="CUSTOM_VALIDATION" />
			<column name="RULE"
				value="com.ssnc.health.mworx.services.auth.validator.PermitSearchCriteriaRoleValidator" />
			<column name="MESSAGE"
				value="RoleId should exist in the system" />
			<column name="RULE_ORDER" value="3" />
		</insert>
	</changeSet>
	<changeSet author="dt204819"
		id="MX-7152-3">
		<comment>Verify LobId is existed in MetaService</comment>
		<insert tableName="VALIDATION_RULE">
			<column name="RULESET" value="permitSearchCriteria" />
			<column name="FIELD_NAME" value="lob" />
			<column name="RULE_TYPE" value="CUSTOM_VALIDATION" />
			<column name="RULE"
				value="com.ssnc.health.mworx.services.auth.validator.PermitSearchCriteriaLobValidator" />
			<column name="MESSAGE" value="LOB information is incorrect." />
			<column name="RULE_ORDER" value="4" />
		</insert>
	</changeSet>
	<changeSet author="dt204819"
		id="MX-7152-4">
		<comment>Verify User has access to Current LOB</comment>
		<insert tableName="VALIDATION_RULE">
			<column name="RULESET" value="permitSearchCriteria" />
			<column name="FIELD_NAME" value="lob" />
			<column name="RULE_TYPE" value="CUSTOM_VALIDATION" />
			<column name="RULE"
				value="com.ssnc.health.mworx.services.auth.validator.PermitSearchCriteriaLobAssociationValidator" />
			<column name="MESSAGE" value="Not Authorized to Access LOB." />
			<column name="RULE_ORDER" value="5" />
		</insert>
	</changeSet>
</databaseChangeLog>
