<?xml version="1.0" encoding="UTF-8"?>
<databaseChangeLog
	xmlns:xsi="http://www.w3.org/2001/XMLSchema-instance"
	xmlns:ext="http://www.liquibase.org/xml/ns/dbchangelog-ext"
	xmlns="http://www.liquibase.org/xml/ns/dbchangelog"
	xsi:schemaLocation="http://www.liquibase.org/xml/ns/dbchangelog http://www.liquibase.org/xml/ns/dbchangelog/dbchangelog-3.1.xsd
        http://www.liquibase.org/xml/ns/dbchangelog-ext http://www.liquibase.org/xml/ns/dbchangelog/dbchangelog-ext.xsd">

	<changeSet author="dt64106"
		id="MX-7062-add-Permit-1">
		<comment>Verify roleId is present</comment>
		<insert tableName="VALIDATION_RULE">
			<column name="RULESET" value="addPermitsRole" />
			<column name="FIELD_NAME" value="permits" />
			<column name="RULE_TYPE" value="NOTNULL_VALIDATION" />
			<column name="RULE" value="true" />
			<column name="MESSAGE" value="Permits are required." />
			<column name="RULE_ORDER" value="1" />
		</insert>
	</changeSet>
	<changeSet author="dt64106"
		id="MX-7062-add-Permit-2">
		<comment>Verify roleId is present</comment>
		<insert tableName="VALIDATION_RULE">
			<column name="RULESET" value="addPermitsRole" />
			<column name="FIELD_NAME" value="permits[].lob" />
			<column name="RULE_TYPE" value="NOTNULL_VALIDATION" />
			<column name="RULE" value="true" />
			<column name="MESSAGE" value="lob is required." />
			<column name="RULE_ORDER" value="2" />
		</insert>
	</changeSet>	
	<changeSet author="dt64106"
		id="MX-7062-add-Permit-3">
		<comment>Verify roleID or name/type are valid</comment>
		<insert tableName="VALIDATION_RULE">
			<column name="RULESET" value="addPermitsRole" />
			<column name="FIELD_NAME" value="permits" />
			<column name="RULE_TYPE" value="CUSTOM_VALIDATION" />
			<column name="RULE"
				value="com.ssnc.health.mworx.services.auth.validator.UpdateRoleValidator" />
			<column name="MESSAGE"
				value="Role ID, or Type and Name are invalid" />
			<column name="RULE_ORDER" value="3" />
		</insert>
	</changeSet>
	<changeSet author="dt64106"
		id="MX-7062-add-Permit-4">
		<comment>Verify permt id or primary/secondary are valid</comment>
		<insert tableName="VALIDATION_RULE">
			<column name="RULESET" value="addPermitsRole" />
			<column name="FIELD_NAME" value="permits" />
			<column name="RULE_TYPE" value="CUSTOM_VALIDATION" />
			<column name="RULE"
				value="com.ssnc.health.mworx.services.auth.validator.RoleWithPermitValidator" />
			<column name="MESSAGE"
				value="Permit ID or Primary and Secondary invalid" />
			<column name="RULE_ORDER" value="4" />
		</insert>
	</changeSet>
	<changeSet author="dt64106"
		id="MX-7062-add-Permit-5">
		<comment>Verify token LOBID matches all the permit LOB or if system LOB is being used</comment>
		<insert tableName="VALIDATION_RULE">
			<column name="RULESET" value="addPermitsRole" />
			<column name="FIELD_NAME" value="permits" />
			<column name="RULE_TYPE" value="CUSTOM_VALIDATION" />
			<column name="RULE"
				value="com.ssnc.health.mworx.services.auth.validator.AddRolePermitLobValidator" />
			<column name="MESSAGE"
				value="LOB Information is incorrect or not logged in to that LOB" />
			<column name="RULE_ORDER" value="5" />
		</insert>
	</changeSet>	
	
</databaseChangeLog>
