<?xml version="1.0" encoding="UTF-8"?>
<databaseChangeLog
	xmlns:xsi="http://www.w3.org/2001/XMLSchema-instance"
	xmlns:ext="http://www.liquibase.org/xml/ns/dbchangelog-ext"
	xmlns="http://www.liquibase.org/xml/ns/dbchangelog"
	xsi:schemaLocation="http://www.liquibase.org/xml/ns/dbchangelog http://www.liquibase.org/xml/ns/dbchangelog/dbchangelog-3.1.xsd
        http://www.liquibase.org/xml/ns/dbchangelog-ext http://www.liquibase.org/xml/ns/dbchangelog/dbchangelog-ext.xsd">

	<changeSet author="dt64106"
		id="MX-7062-1">
		<comment>Verify roleId is present</comment>
		<insert tableName="VALIDATION_RULE">
			<column name="RULESET" value="deletePermit" />
			<column name="FIELD_NAME" value="roleId" />
			<column name="RULE_TYPE" value="NOTNULL_VALIDATION" />
			<column name="RULE" value="true" />
			<column name="MESSAGE" value="RoleId is required." />
			<column name="RULE_ORDER" value="1" />
		</insert>
	</changeSet>
	<changeSet author="dt64106"
		id="MX-7062-2">
		<comment>Verify roleId is present</comment>
		<insert tableName="VALIDATION_RULE">
			<column name="RULESET" value="deletePermit" />
			<column name="FIELD_NAME" value="linkId" />
			<column name="RULE_TYPE" value="NOTNULL_VALIDATION" />
			<column name="RULE" value="true" />
			<column name="MESSAGE" value="LinkId is required." />
			<column name="RULE_ORDER" value="2" />
		</insert>
	</changeSet>	
	<changeSet author="dt64106"
		id="MX-7062-3">
		<comment>Verify roleID and linkId are valid for the delete</comment>
		<insert tableName="VALIDATION_RULE">
			<column name="RULESET" value="deletePermit" />
			<column name="FIELD_NAME" value="roleId" />
			<column name="RULE_TYPE" value="CUSTOM_VALIDATION" />
			<column name="RULE"
				value="com.ssnc.health.mworx.services.auth.validator.DeletePermitValidator" />
			<column name="MESSAGE"
				value="Link and Role ID combination are invalid" />
			<column name="RULE_ORDER" value="3" />
		</insert>
	</changeSet>
	<changeSet author="dt64106"
		id="MX-7062-4">
		<comment>Verify token LOBID matches the permit LOB or if system LOB is being used</comment>
		<insert tableName="VALIDATION_RULE">
			<column name="RULESET" value="deletePermit" />
			<column name="FIELD_NAME" value="roleId" />
			<column name="RULE_TYPE" value="CUSTOM_VALIDATION" />
			<column name="RULE"
				value="com.ssnc.health.mworx.services.auth.validator.DeletePermitCurrentLobValidator" />
			<column name="MESSAGE"
				value="Not logged into correct LOB to delete this permit" />
			<column name="RULE_ORDER" value="4" />
		</insert>
	</changeSet>	
	
</databaseChangeLog>
