<?xml version="1.0" encoding="UTF-8"?>
<databaseChangeLog
	xmlns:xsi="http://www.w3.org/2001/XMLSchema-instance"
	xmlns:ext="http://www.liquibase.org/xml/ns/dbchangelog-ext"
	xmlns="http://www.liquibase.org/xml/ns/dbchangelog"
	xsi:schemaLocation="http://www.liquibase.org/xml/ns/dbchangelog http://www.liquibase.org/xml/ns/dbchangelog/dbchangelog-3.1.xsd
        http://www.liquibase.org/xml/ns/dbchangelog-ext http://www.liquibase.org/xml/ns/dbchangelog/dbchangelog-ext.xsd">


	<changeSet author="dt209421" id="MX-7846-1">
		<comment>remove custom LOB validator</comment>
		<delete tableName="VALIDATION_RULE">
			<where>RULE_TYPE='CUSTOM_VALIDATION' and rule =
				'com.ssnc.health.mworx.services.auth.validator.AddRolePermitLobValidator'
			</where>
		</delete>
	</changeSet>
	<changeSet author="dt209421" id="MX-7846-2">
		<comment>remove custom LOB validator</comment>
		<delete tableName="VALIDATION_RULE">
			<where>RULE_TYPE='CUSTOM_VALIDATION' and rule =
				'com.ssnc.health.mworx.services.auth.validator.DeletePermitCurrentLobValidator'
			</where>
		</delete>
	</changeSet>
	<changeSet author="dt209421" id="MX-7846-3">
		<comment>remove custom LOB validator</comment>
		<delete tableName="VALIDATION_RULE">
			<where>RULE_TYPE='CUSTOM_VALIDATION' and rule =
				'com.ssnc.health.mworx.services.auth.validator.LOBIdValidator'
			</where>
		</delete>
	</changeSet>
	<changeSet author="dt209421" id="MX-7846-4">
		<comment>remove custom LOB validator</comment>
		<delete tableName="VALIDATION_RULE">
			<where>RULE_TYPE='CUSTOM_VALIDATION' and rule =
				'com.ssnc.health.mworx.services.auth.validator.LOBNameValidator'
			</where>
		</delete>
	</changeSet>
	<changeSet author="dt209421" id="MX-7846-5">
		<comment>remove custom LOB validator</comment>
		<delete tableName="VALIDATION_RULE">
			<where>RULE_TYPE='CUSTOM_VALIDATION' and rule =
				'com.ssnc.health.mworx.services.auth.validator.PermitSearchCriteriaLobAssociationValidator'
			</where>
		</delete>
	</changeSet>
	<changeSet author="dt209421" id="MX-7846-6">
		<comment>remove custom LOB validator</comment>
		<delete tableName="VALIDATION_RULE">
			<where>RULE_TYPE='CUSTOM_VALIDATION' and rule =
				'com.ssnc.health.mworx.services.auth.validator.PermitSearchCriteriaLobValidator'
			</where>
		</delete>
	</changeSet>
</databaseChangeLog>
