<?xml version="1.0" encoding="UTF-8"?>
<databaseChangeLog
	xmlns:xsi="http://www.w3.org/2001/XMLSchema-instance"
	xmlns:ext="http://www.liquibase.org/xml/ns/dbchangelog-ext"
	xmlns="http://www.liquibase.org/xml/ns/dbchangelog"
	xsi:schemaLocation="http://www.liquibase.org/xml/ns/dbchangelog http://www.liquibase.org/xml/ns/dbchangelog/dbchangelog-3.1.xsd
        http://www.liquibase.org/xml/ns/dbchangelog-ext http://www.liquibase.org/xml/ns/dbchangelog/dbchangelog-ext.xsd">
	<changeSet author="dt75758"
		id="MX-7526-updateRoleType-Validation">
		<comment>Validation on role type, not allowed to modify the role type
			once it is created.
		</comment>
		<insert tableName="VALIDATION_RULE">
			<column name="RULESET" value="updateRole" />
			<column name="FIELD_NAME" value="roleType" />
			<column name="RULE_TYPE" value="CUSTOM_VALIDATION" />
			<column name="RULE"
				value="com.ssnc.health.mworx.services.auth.validator.RoleTypeValidator" />
			<column name="MESSAGE"
				value="Role type should not be modified." />
			<column name="RULE_ORDER" value="4" />
		</insert>
	</changeSet>

	<changeSet author="dt75758"
		id="MX-7526-updateRoleName-Validation">
		<comment>Validation on role name, not allowed to modify the role name
			once it is created.
		</comment>
		<insert tableName="VALIDATION_RULE">
			<column name="RULESET" value="updateRole" />
			<column name="FIELD_NAME" value="roleName" />
			<column name="RULE_TYPE" value="CUSTOM_VALIDATION" />
			<column name="RULE"
				value="com.ssnc.health.mworx.services.auth.validator.RoleNameValidator" />
			<column name="MESSAGE"
				value="Role name should not be modified." />
			<column name="RULE_ORDER" value="5" />
		</insert>
	</changeSet>


	<changeSet author="dt75758"
		id="MX-7526-updateRole-Validation">
		<comment>Validation to make sure role is configured in the system.
		</comment>
		<update tableName="VALIDATION_RULE">
			<column name="MESSAGE"
				value="Role does not exist with given role id or type and name" />
			<where>RULE='com.ssnc.health.mworx.services.auth.validator.UpdateRoleValidator'
				and RULE_TYPE='CUSTOM_VALIDATION' and ruleset='updateRole'
			</where>
		</update>
	</changeSet>

	<changeSet author="dt64106" id="MX-7812-1">
		<comment>if permits are there lob required</comment>
		<insert tableName="VALIDATION_RULE">
			<column name="RULESET" value="addRole" />
			<column name="FIELD_NAME" value="permits[].lob" />
			<column name="RULE_TYPE" value="NOTNULL_VALIDATION" />
			<column name="RULE" value="true" />
			<column name="MESSAGE" value="LOB is required" />
			<column name="RULE_ORDER" value="6" />
		</insert>
	</changeSet>
	<changeSet author="dt64106" id="MX-7812-2">
		<comment>if permits are there lob required</comment>
		<insert tableName="VALIDATION_RULE">
			<column name="RULESET" value="updateRole" />
			<column name="FIELD_NAME" value="permits[].lob" />
			<column name="RULE_TYPE" value="NOTNULL_VALIDATION" />
			<column name="RULE" value="true" />
			<column name="MESSAGE" value="LOB is required" />
			<column name="RULE_ORDER" value="6" />
		</insert>
	</changeSet>
</databaseChangeLog>