<?xml version="1.0" encoding="UTF-8"?>
<databaseChangeLog
	xmlns:xsi="http://www.w3.org/2001/XMLSchema-instance"
	xmlns:ext="http://www.liquibase.org/xml/ns/dbchangelog-ext"
	xmlns="http://www.liquibase.org/xml/ns/dbchangelog"
	xsi:schemaLocation="http://www.liquibase.org/xml/ns/dbchangelog http://www.liquibase.org/xml/ns/dbchangelog/dbchangelog-3.1.xsd
        http://www.liquibase.org/xml/ns/dbchangelog-ext http://www.liquibase.org/xml/ns/dbchangelog/dbchangelog-ext.xsd">

	<changeSet author="dt64028" id="MX-13785-bank-permissions-cleanup-3">
        <sql>
            DELETE 
            FROM SEC_PERMIT			
			WHERE permit_primary = 'META_BANK';
        </sql>
		<comment>delete sec permit for META_BANK VIEW and UPDATE</comment>
	</changeSet>
	<changeSet author="dt64028" id="MX-13785-bank-permissions-cleanup-4">
        <sql>
            UPDATE 
            SEC_PERMIT
            SET PERMIT_PRIMARY = 'BANK'			
			WHERE permit_primary = 'META_LIB_BANK';
        </sql>
		<comment>rename META_LIB_BANK to BANK in sec permit</comment>
	</changeSet>
	<changeSet author="dt64028" id="MX-13785-bank-permissions-cleanup-5">
        <sql>
            UPDATE 
            SEC_PERMIT
            SET DESCRIPTION = PERMIT_PRIMARY || '_' || PERMIT_SECONDARY		
			WHERE permit_primary = 'BANK';
        </sql>
		<comment>change description to reflect renamed permission</comment>
	</changeSet>
</databaseChangeLog>