<?xml version="1.0" encoding="UTF-8"?>
<databaseChangeLog
	xmlns:xsi="http://www.w3.org/2001/XMLSchema-instance"
	xmlns:ext="http://www.liquibase.org/xml/ns/dbchangelog-ext"
	xmlns="http://www.liquibase.org/xml/ns/dbchangelog"
	xsi:schemaLocation="http://www.liquibase.org/xml/ns/dbchangelog http://www.liquibase.org/xml/ns/dbchangelog/dbchangelog-3.1.xsd
        http://www.liquibase.org/xml/ns/dbchangelog-ext http://www.liquibase.org/xml/ns/dbchangelog/dbchangelog-ext.xsd">

	<changeSet id="MX-14648-RATE_FACTOR-1" author="dt204819">
		<comment>Create permit RATE_FACTOR VIEW</comment>
		<insert tableName="SEC_PERMIT">
			<column name="PERMIT_ID" valueSequenceNext="SEC_PERMIT_SEQ" />
			<column name="ACTIVE" value="Y" />
			<column name="CREATED" valueDate="CURRENT_DATE" />
			<column name="DESCRIPTION" value="RATE_FACTOR_VIEW" />
			<column name="PERMIT_PRIMARY" value="RATE_FACTOR" />
			<column name="PERMIT_SECONDARY" value="VIEW" />
			<column name="CREATEBY"
				valueComputed="(SELECT USER_ID FROM USER_BASIC WHERE USERNAME='root')" />
			<column name="UPDATED" valueDate="CURRENT_DATE" />
			<column name="UPDATEBY"
				valueComputed="(SELECT USER_ID FROM USER_BASIC WHERE USERNAME='root')" />
		</insert>
	</changeSet>

	<changeSet id="MX-14648-RATE_FACTOR-2" author="dt204819">
		<comment>Create permit RATE_FACTOR UPDATE</comment>
		<insert tableName="SEC_PERMIT">
			<column name="PERMIT_ID" valueSequenceNext="SEC_PERMIT_SEQ" />
			<column name="ACTIVE" value="Y" />
			<column name="CREATED" valueDate="CURRENT_DATE" />
			<column name="DESCRIPTION" value="RATE_FACTOR_UPDATE" />
			<column name="PERMIT_PRIMARY" value="RATE_FACTOR" />
			<column name="PERMIT_SECONDARY" value="UPDATE" />
			<column name="CREATEBY"
				valueComputed="(SELECT USER_ID FROM USER_BASIC WHERE USERNAME='root')" />
			<column name="UPDATED" valueDate="CURRENT_DATE" />
			<column name="UPDATEBY"
				valueComputed="(SELECT USER_ID FROM USER_BASIC WHERE USERNAME='root')" />
		</insert>
	</changeSet>

	<changeSet id="MX-14648-RATE_FACTOR-3" author="dt204819">
		<comment>Associate RATE_FACTOR VIEW permit to System Admin Role</comment>
		<insert tableName="LNK_ROLE_LOB_PERMIT">
			<column name="LINK_ID"
				valueSequenceNext="LNK_ROLE_LOB_PERMIT_SEQ" />
			<column name="PERMIT_ID"
				valueComputed="(select permit_id from sec_permit where permit_primary='RATE_FACTOR' and permit_secondary='VIEW')" />
			<column name="ROLE_ID"
				valueComputed="(select role_id from sec_role where role_type='System Admin' and role_name='Security')" />
			<column name="ACTIVE" value="Y" />
			<column name="LOB_ID" value="${systemLOBID}" />
		</insert>
	</changeSet>

	<changeSet id="MX-14648-RATE_FACTOR-4" author="dt204819">
		<comment>Associate RATE_FACTOR UPDATE permit to System Admin Role</comment>
		<insert tableName="LNK_ROLE_LOB_PERMIT">
			<column name="LINK_ID"
				valueSequenceNext="LNK_ROLE_LOB_PERMIT_SEQ" />
			<column name="PERMIT_ID"
				valueComputed="(select permit_id from sec_permit where permit_primary='RATE_FACTOR' and permit_secondary='UPDATE')" />
			<column name="ROLE_ID"
				valueComputed="(select role_id from sec_role where role_type='System Admin' and role_name='Security')" />
			<column name="ACTIVE" value="Y" />
			<column name="LOB_ID" value="${systemLOBID}" />
		</insert>
	</changeSet>

</databaseChangeLog>