<?xml version="1.0" encoding="UTF-8"?>
<databaseChangeLog
	xmlns:xsi="http://www.w3.org/2001/XMLSchema-instance"
	xmlns:ext="http://www.liquibase.org/xml/ns/dbchangelog-ext"
	xmlns="http://www.liquibase.org/xml/ns/dbchangelog"
	xsi:schemaLocation="http://www.liquibase.org/xml/ns/dbchangelog http://www.liquibase.org/xml/ns/dbchangelog/dbchangelog-3.1.xsd
        http://www.liquibase.org/xml/ns/dbchangelog-ext http://www.liquibase.org/xml/ns/dbchangelog/dbchangelog-ext.xsd">

	<changeSet id="SEC_PERMIT_MX_10147_1" author="dt204819">
		<comment>Create permit SERVICE_AREA VIEW</comment>
		<insert tableName="SEC_PERMIT">
			<column name="PERMIT_ID" valueSequenceNext="SEC_PERMIT_SEQ" />
			<column name="ACTIVE" value="Y" />
			<column name="CREATED" valueDate="CURRENT_DATE" />
			<column name="DESCRIPTION" value="SERVICE_AREA_VIEW" />
			<column name="PERMIT_PRIMARY" value="SERVICE_AREA" />
			<column name="PERMIT_SECONDARY" value="VIEW" />
			<column name="CREATEBY"
				valueComputed="(SELECT USER_ID FROM USER_BASIC WHERE USERNAME='root')" />
			<column name="UPDATED" valueDate="CURRENT_DATE" />
			<column name="UPDATEBY"
				valueComputed="(SELECT USER_ID FROM USER_BASIC WHERE USERNAME='root')" />
		</insert>
	</changeSet>
	<changeSet id="SEC_PERMIT_MX_10147_2" author="dt204819">
		<comment>Create permit SERVICE_AREA UPDATE</comment>
		<insert tableName="SEC_PERMIT">
			<column name="PERMIT_ID" valueSequenceNext="SEC_PERMIT_SEQ" />
			<column name="ACTIVE" value="Y" />
			<column name="CREATED" valueDate="CURRENT_DATE" />
			<column name="DESCRIPTION" value="SERVICE_AREA_UPDATE" />
			<column name="PERMIT_PRIMARY" value="SERVICE_AREA" />
			<column name="PERMIT_SECONDARY" value="UPDATE" />
			<column name="CREATEBY"
				valueComputed="(SELECT USER_ID FROM USER_BASIC WHERE USERNAME='root')" />
			<column name="UPDATED" valueDate="CURRENT_DATE" />
			<column name="UPDATEBY"
				valueComputed="(SELECT USER_ID FROM USER_BASIC WHERE USERNAME='root')" />
		</insert>
	</changeSet>
	<changeSet id="SEC_PERMIT_MX_10147_3" author="dt204819">
		<comment>Create permit ENROLLMENT VIEW</comment>
		<insert tableName="SEC_PERMIT">
			<column name="PERMIT_ID" valueSequenceNext="SEC_PERMIT_SEQ" />
			<column name="ACTIVE" value="Y" />
			<column name="CREATED" valueDate="CURRENT_DATE" />
			<column name="DESCRIPTION" value="ENROLLMENT_VIEW" />
			<column name="PERMIT_PRIMARY" value="ENROLLMENT" />
			<column name="PERMIT_SECONDARY" value="VIEW" />
			<column name="CREATEBY"
				valueComputed="(SELECT USER_ID FROM USER_BASIC WHERE USERNAME='root')" />
			<column name="UPDATED" valueDate="CURRENT_DATE" />
			<column name="UPDATEBY"
				valueComputed="(SELECT USER_ID FROM USER_BASIC WHERE USERNAME='root')" />
		</insert>
	</changeSet>
	<changeSet id="SEC_PERMIT_MX_10147_4" author="dt204819">
		<comment>Create permit ENROLLMENT UPDATE</comment>
		<insert tableName="SEC_PERMIT">
			<column name="PERMIT_ID" valueSequenceNext="SEC_PERMIT_SEQ" />
			<column name="ACTIVE" value="Y" />
			<column name="CREATED" valueDate="CURRENT_DATE" />
			<column name="DESCRIPTION" value="ENROLLMENT_UPDATE" />
			<column name="PERMIT_PRIMARY" value="ENROLLMENT" />
			<column name="PERMIT_SECONDARY" value="UPDATE" />
			<column name="CREATEBY"
				valueComputed="(SELECT USER_ID FROM USER_BASIC WHERE USERNAME='root')" />
			<column name="UPDATED" valueDate="CURRENT_DATE" />
			<column name="UPDATEBY"
				valueComputed="(SELECT USER_ID FROM USER_BASIC WHERE USERNAME='root')" />
		</insert>
	</changeSet>
</databaseChangeLog>