<?xml version="1.0" encoding="UTF-8"?>
<databaseChangeLog
	xmlns="http://www.liquibase.org/xml/ns/dbchangelog"
	xmlns:xsi="http://www.w3.org/2001/XMLSchema-instance"
	xmlns:ext="http://www.liquibase.org/xml/ns/dbchangelog-ext"
	xsi:schemaLocation="http://www.liquibase.org/xml/ns/dbchangelog http://www.liquibase.org/xml/ns/dbchangelog/dbchangelog-3.8.xsd
        http://www.liquibase.org/xml/ns/dbchangelog-ext http://www.liquibase.org/xml/ns/dbchangelog/dbchangelog-ext.xsd">
	<changeSet id="MX-16950-AGE-1" author="dt204819">
		<comment>Associate AGE VIEW permit to SERVICE_ROLE</comment>
		<insert tableName="LNK_ROLE_LOB_PERMIT">
			<column name="LINK_ID"
				valueSequenceNext="LNK_ROLE_LOB_PERMIT_SEQ" />
			<column name="PERMIT_ID"
				valueComputed="(select permit_id from sec_permit where permit_primary='AGE' and permit_secondary='VIEW')" />
			<column name="ROLE_ID"
				valueComputed="(select role_id from sec_role where role_type='SERVICE_ROLE' and role_name='SERVICE_ROLE')" />
			<column name="ACTIVE" value="Y" />
			<column name="LOB_ID" value="${systemLOBID}" />
		</insert>
	</changeSet>
	<changeSet id="MX-16950-AGE-2" author="dt204819">
		<comment>Associate AGE UPDATE permit to SERVICE_ROLE</comment>
		<insert tableName="LNK_ROLE_LOB_PERMIT">
			<column name="LINK_ID"
				valueSequenceNext="LNK_ROLE_LOB_PERMIT_SEQ" />
			<column name="PERMIT_ID"
				valueComputed="(select permit_id from sec_permit where permit_primary='AGE' and permit_secondary='UPDATE')" />
			<column name="ROLE_ID"
				valueComputed="(select role_id from sec_role where role_type='SERVICE_ROLE' and role_name='SERVICE_ROLE')" />
			<column name="ACTIVE" value="Y" />
			<column name="LOB_ID" value="${systemLOBID}" />
		</insert>
	</changeSet>
	<changeSet id="MX-16950-BANK-1" author="dt204819">
		<comment>Associate BANK VIEW permit to SERVICE_ROLE</comment>
		<insert tableName="LNK_ROLE_LOB_PERMIT">
			<column name="LINK_ID"
				valueSequenceNext="LNK_ROLE_LOB_PERMIT_SEQ" />
			<column name="PERMIT_ID"
				valueComputed="(select permit_id from sec_permit where permit_primary='BANK' and permit_secondary='VIEW')" />
			<column name="ROLE_ID"
				valueComputed="(select role_id from sec_role where role_type='SERVICE_ROLE' and  role_name='SERVICE_ROLE')" />
			<column name="ACTIVE" value="Y" />
			<column name="LOB_ID" value="${systemLOBID}" />
		</insert>
	</changeSet>
	<changeSet id="MX-16950-BANK-2" author="dt204819">
		<comment>Associate BANK UPDATE permit to SERVICE_ROLE</comment>
		<insert tableName="LNK_ROLE_LOB_PERMIT">
			<column name="LINK_ID"
				valueSequenceNext="LNK_ROLE_LOB_PERMIT_SEQ" />
			<column name="PERMIT_ID"
				valueComputed="(select permit_id from sec_permit where permit_primary='BANK' and permit_secondary='UPDATE')" />
			<column name="ROLE_ID"
				valueComputed="(select role_id from sec_role where role_type='SERVICE_ROLE' and  role_name='SERVICE_ROLE')" />
			<column name="ACTIVE" value="Y" />
			<column name="LOB_ID" value="${systemLOBID}" />
		</insert>
	</changeSet>
	<changeSet id="MX-16950-BATCH-3" author="dt204819">
		<comment>Associate BATCH UPDATE permit to SERVICE_ROLE</comment>
		<insert tableName="LNK_ROLE_LOB_PERMIT">
			<column name="LINK_ID"
				valueSequenceNext="LNK_ROLE_LOB_PERMIT_SEQ" />
			<column name="PERMIT_ID"
				valueComputed="(select permit_id from sec_permit where permit_primary='BATCH' and permit_secondary='UPDATE')" />
			<column name="ROLE_ID"
				valueComputed="(select role_id from sec_role where role_type='SERVICE_ROLE' and role_name='SERVICE_ROLE')" />
			<column name="ACTIVE" value="Y" />
			<column name="LOB_ID" value="${systemLOBID}" />
		</insert>
	</changeSet>
	<changeSet id="MX-16950-CODE-1" author="dt204819">
		<comment>Associate CODE VIEW permit to SERVICE_ROLE</comment>
		<insert tableName="LNK_ROLE_LOB_PERMIT">
			<column name="LINK_ID"
				valueSequenceNext="LNK_ROLE_LOB_PERMIT_SEQ" />
			<column name="PERMIT_ID"
				valueComputed="(select permit_id from sec_permit where permit_primary='CODE' and permit_secondary='VIEW')" />
			<column name="ROLE_ID"
				valueComputed="(select role_id from sec_role where role_type='SERVICE_ROLE' and  role_name='SERVICE_ROLE')" />
			<column name="ACTIVE" value="Y" />
			<column name="LOB_ID" value="${systemLOBID}" />
		</insert>
	</changeSet>
	<changeSet id="MX-16950-CODE-2" author="dt204819">
		<comment>Associate CODE UPDATE permit to SERVICE_ROLE</comment>
		<insert tableName="LNK_ROLE_LOB_PERMIT">
			<column name="LINK_ID"
				valueSequenceNext="LNK_ROLE_LOB_PERMIT_SEQ" />
			<column name="PERMIT_ID"
				valueComputed="(select permit_id from sec_permit where permit_primary='CODE' and permit_secondary='UPDATE')" />
			<column name="ROLE_ID"
				valueComputed="(select role_id from sec_role where role_type='SERVICE_ROLE' and  role_name='SERVICE_ROLE')" />
			<column name="ACTIVE" value="Y" />
			<column name="LOB_ID" value="${systemLOBID}" />
		</insert>
	</changeSet>
	<changeSet id="MX-16950-CORRESPONDENCE_LETTER-1"
		author="dt204819">
		<comment>Associate CORRESPONDENCE_LETTER VIEW permit to SERVICE_ROLE</comment>
		<insert tableName="LNK_ROLE_LOB_PERMIT">
			<column name="LINK_ID"
				valueSequenceNext="LNK_ROLE_LOB_PERMIT_SEQ" />
			<column name="PERMIT_ID"
				valueComputed="(select permit_id from sec_permit where permit_primary='CORRESPONDENCE_LETTER' and permit_secondary='VIEW')" />
			<column name="ROLE_ID"
				valueComputed="(select role_id from sec_role where role_type='SERVICE_ROLE' and role_name='SERVICE_ROLE')" />
			<column name="ACTIVE" value="Y" />
			<column name="LOB_ID" value="${systemLOBID}" />
		</insert>
	</changeSet>
	<changeSet id="MX-16950-CORRESPONDENCE_LETTER-2"
		author="dt204819">
		<comment>Associate CORRESPONDENCE_LETTER UPDATE permit to SERVICE_ROLE</comment>
		<insert tableName="LNK_ROLE_LOB_PERMIT">
			<column name="LINK_ID"
				valueSequenceNext="LNK_ROLE_LOB_PERMIT_SEQ" />
			<column name="PERMIT_ID"
				valueComputed="(select permit_id from sec_permit where permit_primary='CORRESPONDENCE_LETTER' and permit_secondary='UPDATE')" />
			<column name="ROLE_ID"
				valueComputed="(select role_id from sec_role where role_type='SERVICE_ROLE' and role_name='SERVICE_ROLE')" />
			<column name="ACTIVE" value="Y" />
			<column name="LOB_ID" value="${systemLOBID}" />
		</insert>
	</changeSet>
	<changeSet id="MX-16950-DATESPAN-1" author="dt204819">
		<comment>Associate DATESPAN VIEW permit to SERVICE_ROLE</comment>
		<insert tableName="LNK_ROLE_LOB_PERMIT">
			<column name="LINK_ID"
				valueSequenceNext="LNK_ROLE_LOB_PERMIT_SEQ" />
			<column name="PERMIT_ID"
				valueComputed="(select permit_id from sec_permit where permit_primary='DATESPAN' and permit_secondary='VIEW')" />
			<column name="ROLE_ID"
				valueComputed="(select role_id from sec_role where role_type='SERVICE_ROLE' and role_name='SERVICE_ROLE')" />
			<column name="ACTIVE" value="Y" />
			<column name="LOB_ID" value="${systemLOBID}" />
		</insert>
	</changeSet>
	<changeSet id="MX-16950-DATESPAN-2" author="dt204819">
		<comment>Associate DATESPAN UPDATE permit to SERVICE_ROLE</comment>
		<insert tableName="LNK_ROLE_LOB_PERMIT">
			<column name="LINK_ID"
				valueSequenceNext="LNK_ROLE_LOB_PERMIT_SEQ" />
			<column name="PERMIT_ID"
				valueComputed="(select permit_id from sec_permit where permit_primary='DATESPAN' and permit_secondary='UPDATE')" />
			<column name="ROLE_ID"
				valueComputed="(select role_id from sec_role where role_type='SERVICE_ROLE' and role_name='SERVICE_ROLE')" />
			<column name="ACTIVE" value="Y" />
			<column name="LOB_ID" value="${systemLOBID}" />
		</insert>
	</changeSet>
</databaseChangeLog>	
		        