<?xml version="1.0" encoding="UTF-8"?>
<databaseChangeLog
	xmlns:xsi="http://www.w3.org/2001/XMLSchema-instance"
	xmlns:ext="http://www.liquibase.org/xml/ns/dbchangelog-ext"
	xmlns="http://www.liquibase.org/xml/ns/dbchangelog"
	xsi:schemaLocation="http://www.liquibase.org/xml/ns/dbchangelog http://www.liquibase.org/xml/ns/dbchangelog/dbchangelog-3.1.xsd
        http://www.liquibase.org/xml/ns/dbchangelog-ext http://www.liquibase.org/xml/ns/dbchangelog/dbchangelog-ext.xsd">

	<changeSet id="MX-10145-validate-UserName" author="dt75758">
		<comment>update validation to use spelAssert</comment>
		<update tableName="VALIDATION_RULE">
			<column name="rule"
				value="value=&quot;@userServiceImpl.getUser(#this).isPresent()&quot;, applyIf=&quot;#this !=null&quot;" />
			<column name="rule_type" value="SpeLAssert" />
			<where>rule_type='CUSTOM_VALIDATION' and RULESET in
				('addUserContact','updateUserContact','deleteUserContact') and
				FIELD_NAME='userName' and
				RULE like 'validatorClass=com.ssnc.health.mworx.services.auth.validator.UserContactUserNotExistValidator%'
			</where>
		</update>
	</changeSet>
	
	<changeSet id="MX-10145-validate-UserName-1" author="dt75758">
		<comment>update validation to use spelAssert</comment>
		<update tableName="VALIDATION_RULE">
			<column name="rule"
				value="value=&quot;@userServiceImpl.getUser(#this).isPresent()&quot;, applyIf=&quot;#this !=null &amp;&amp; #this.trim().length()>0&quot;" />
			<where>rule_type='SpeLAssert' and RULESET in
				('addUserContact','updateUserContact','deleteUserContact') and
				FIELD_NAME='userName' and
				RULE like '%userServiceImpl.getUser%'
			</where>
		</update>
	</changeSet>
	
</databaseChangeLog>
