<?xml version="1.0" encoding="UTF-8"?>
<databaseChangeLog
	xmlns:xsi="http://www.w3.org/2001/XMLSchema-instance"
	xmlns:ext="http://www.liquibase.org/xml/ns/dbchangelog-ext"
	xmlns="http://www.liquibase.org/xml/ns/dbchangelog"
	xsi:schemaLocation="http://www.liquibase.org/xml/ns/dbchangelog http://www.liquibase.org/xml/ns/dbchangelog/dbchangelog-3.1.xsd
        http://www.liquibase.org/xml/ns/dbchangelog-ext http://www.liquibase.org/xml/ns/dbchangelog/dbchangelog-ext.xsd">

	<changeSet author="dt64106"
		id="ValidationRules_MX-10028-1">
		<comment>Verify roleId is present</comment>
		<insert tableName="VALIDATION_RULE">
			<column name="RULESET" value="deletePermit" />
			<column name="FIELD_NAME" value="linkId" />
			<column name="RULE_TYPE" value="SpELAssert" />
			<column name="RULE" value="value=&quot;@roleServiceImpl.verifyDeleteLobPermit(#this)&quot;, applyIf=&quot;#this !=null&quot;" />
			<column name="MESSAGE" value="deletePermit: Another permit must be deleted first" />
			<column name="RULE_ORDER" value="4" />
		</insert>
	</changeSet>
		
	
</databaseChangeLog>
