<?xml version="1.0" encoding="UTF-8"?>
<databaseChangeLog
	xmlns:xsi="http://www.w3.org/2001/XMLSchema-instance"
	xmlns:ext="http://www.liquibase.org/xml/ns/dbchangelog-ext"
	xmlns="http://www.liquibase.org/xml/ns/dbchangelog"
	xsi:schemaLocation="http://www.liquibase.org/xml/ns/dbchangelog http://www.liquibase.org/xml/ns/dbchangelog/dbchangelog-3.1.xsd
        http://www.liquibase.org/xml/ns/dbchangelog-ext http://www.liquibase.org/xml/ns/dbchangelog/dbchangelog-ext.xsd">

	<changeSet id="MX-10144-1" author="dt64106">
		<comment>update validation to use spelAssert</comment>
		<update tableName="VALIDATION_RULE">
			<column name="rule"
				value="value=&quot;@roleServiceImpl.getRoleById(#this).isPresent()&quot;, applyIf=&quot;#this !=null&quot;" />
			<column name="rule_type"
				value="SpeLAssert" />
			<where>rule_type='CUSTOM_VALIDATION' and RULESET='permitSearchCriteria' and FIELD_NAME='roleId'</where>
		</update>
	</changeSet>


</databaseChangeLog>