<?xml version="1.0" encoding="UTF-8"?>
<databaseChangeLog
	xmlns:xsi="http://www.w3.org/2001/XMLSchema-instance"
	xmlns:ext="http://www.liquibase.org/xml/ns/dbchangelog-ext"
	xmlns="http://www.liquibase.org/xml/ns/dbchangelog"
	xsi:schemaLocation="http://www.liquibase.org/xml/ns/dbchangelog http://www.liquibase.org/xml/ns/dbchangelog/dbchangelog-3.1.xsd
        http://www.liquibase.org/xml/ns/dbchangelog-ext http://www.liquibase.org/xml/ns/dbchangelog/dbchangelog-ext.xsd">

	<changeSet id="MX-9470-1" author="dt76103">
		<comment>udpateUserContact Rule change</comment>
		<update tableName="VALIDATION_RULE">
			<column name="rule"
				value="validatorClass=com.ssnc.health.mworx.services.auth.validator.UserContactUserNotExistValidator,rootBean=true" />
			<where>rule_type='CUSTOM_VALIDATION' and RULESET='updateUserContact' and FIELD_NAME='userName'</where>
		</update>
	</changeSet>

	<changeSet id="MX-9470-2" author="dt76103">
		<comment>udpateUserContact Rule change</comment>
		<update tableName="VALIDATION_RULE">
			<column name="rule"
				value="validatorClass=com.ssnc.health.mworx.services.auth.validator.ContactIdNotExistForUserValidator,rootBean=true" />
			<where>rule_type='CUSTOM_VALIDATION' and RULESET='updateUserContact' and FIELD_NAME='userContact.contactId'</where>
		</update>
	</changeSet>

	<changeSet id="MX-9470-3" author="dt76103">
		<comment>udpateUserContact Rule change</comment>
		<update tableName="VALIDATION_RULE">
			<column name="rule"
				value="validatorClass=com.ssnc.health.mworx.services.auth.validator.ContactTypeValidator,rootBean=true" />
			<where>rule_type='CUSTOM_VALIDATION' and RULESET='updateUserContact' and FIELD_NAME='userContact.contactType' and rule_order=3</where>
		</update>
	</changeSet>

	<changeSet id="MX-9470-4" author="dt76103">
		<comment>udpateUserContact Rule change</comment>
		<update tableName="VALIDATION_RULE">
			<column name="rule"
				value="validatorClass=com.ssnc.health.mworx.services.auth.validator.UpdContactTypeExistsForUserValidator, rootBean=true" />
			<where>rule_type='CUSTOM_VALIDATION' and RULESET='updateUserContact' and FIELD_NAME='userContact.contactType' and rule_order=4</where>
		</update>
	</changeSet>


	<changeSet id="MX-9470-5" author="dt76103">
		<comment>deleteUserContact Rule change</comment>
		<update tableName="VALIDATION_RULE">
			<column name="rule"
				value="validatorClass=com.ssnc.health.mworx.services.auth.validator.UserContactUserNotExistValidator, rootBean=true" />
			<where>rule_type='CUSTOM_VALIDATION' and RULESET='deleteUserContact' and FIELD_NAME='userName'</where>
		</update>
	</changeSet>

	<changeSet id="MX-9470-6" author="dt76103">
		<comment>deleteUserContact Rule change</comment>
		<update tableName="VALIDATION_RULE">
			<column name="rule"
				value="validatorClass=com.ssnc.health.mworx.services.auth.validator.ContactIdNotExistForUserValidator, rootBean=true" />
			<where>rule_type='CUSTOM_VALIDATION' and RULESET='deleteUserContact' and FIELD_NAME='userContact.contactId'</where>
		</update>
	</changeSet>

	<changeSet id="MX-9470-7" author="dt76103">
		<comment>addUserContact Rule change</comment>
		<update tableName="VALIDATION_RULE">
			<column name="rule"
				value="validatorClass=com.ssnc.health.mworx.services.auth.validator.UserContactUserNotExistValidator, rootBean=true" />
			<where>rule_type='CUSTOM_VALIDATION' and RULESET='addUserContact' and FIELD_NAME='userName'</where>
		</update>
	</changeSet>
	<changeSet id="MX-9470-8" author="dt76103">
		<comment>addUserContact Rule change</comment>
		<update tableName="VALIDATION_RULE">
			<column name="rule"
				value="validatorClass=com.ssnc.health.mworx.services.auth.validator.ContactTypeValidator,rootBean=true" />
			<where>rule_type='CUSTOM_VALIDATION' and RULESET='addUserContact' and FIELD_NAME='userContact.contactType' and rule_order=3</where>
		</update>
	</changeSet>

	<changeSet id="MX-9470-9" author="dt76103">
		<comment>addUserContact Rule change</comment>
		<update tableName="VALIDATION_RULE">
			<column name="rule"
				value="validatorClass=com.ssnc.health.mworx.services.auth.validator.AddContactTypeExistsForUserValidator,rootBean=true" />
			<where>rule_type='CUSTOM_VALIDATION' and RULESET='addUserContact' and FIELD_NAME='userContact.contactType' and rule_order=4</where>
		</update>
	</changeSet>
</databaseChangeLog>