<?xml version="1.0" encoding="UTF-8"?>
<databaseChangeLog
	xmlns:xsi="http://www.w3.org/2001/XMLSchema-instance"
	xmlns:ext="http://www.liquibase.org/xml/ns/dbchangelog-ext"
	xmlns="http://www.liquibase.org/xml/ns/dbchangelog"
	xsi:schemaLocation="http://www.liquibase.org/xml/ns/dbchangelog http://www.liquibase.org/xml/ns/dbchangelog/dbchangelog-3.1.xsd
        http://www.liquibase.org/xml/ns/dbchangelog-ext http://www.liquibase.org/xml/ns/dbchangelog/dbchangelog-ext.xsd">

	<changeSet id="MX-10636-WEBHOOK-VIEW" author="dt75758">
		<comment>Create permit WEBHOOK VIEW</comment>
		<insert tableName="SEC_PERMIT">
			<column name="PERMIT_ID" valueSequenceNext="SEC_PERMIT_SEQ" />
			<column name="ACTIVE" value="Y" />
			<column name="CREATED" valueDate="CURRENT_DATE" />
			<column name="DESCRIPTION" value="WEBHOOK_VIEW" />
			<column name="PERMIT_PRIMARY" value="WEBHOOK" />
			<column name="PERMIT_SECONDARY" value="VIEW" />
			<column name="CREATEBY"
				valueComputed="(SELECT USER_ID FROM USER_BASIC WHERE USERNAME='root')" />
			<column name="UPDATED" valueDate="CURRENT_DATE" />
			<column name="UPDATEBY"
				valueComputed="(SELECT USER_ID FROM USER_BASIC WHERE USERNAME='root')" />
		</insert>
	</changeSet>

	<changeSet id="MX-10636-WEBHOOK-UPDATE" author="dt75758">
		<comment>Create permit WEBHOOK UPDATE</comment>
		<insert tableName="SEC_PERMIT">
			<column name="PERMIT_ID" valueSequenceNext="SEC_PERMIT_SEQ" />
			<column name="ACTIVE" value="Y" />
			<column name="CREATED" valueDate="CURRENT_DATE" />
			<column name="DESCRIPTION" value="WEBHOOK_UPDATE" />
			<column name="PERMIT_PRIMARY" value="WEBHOOK" />
			<column name="PERMIT_SECONDARY" value="UPDATE" />
			<column name="CREATEBY"
				valueComputed="(SELECT USER_ID FROM USER_BASIC WHERE USERNAME='root')" />
			<column name="UPDATED" valueDate="CURRENT_DATE" />
			<column name="UPDATEBY"
				valueComputed="(SELECT USER_ID FROM USER_BASIC WHERE USERNAME='root')" />
		</insert>
	</changeSet>

	<changeSet id="MX-10636- WEBHOOK-7" author="dt75758">
		<comment>Associate WEBHOOK VIEW permit to System Admin Role
		</comment>
		<insert tableName="LNK_ROLE_LOB_PERMIT">
			<column name="LINK_ID"
				valueSequenceNext="LNK_ROLE_LOB_PERMIT_SEQ" />
			<column name="PERMIT_ID"
				valueComputed="(select permit_id from sec_permit where permit_primary='WEBHOOK' and permit_secondary='VIEW')" />
			<column name="ROLE_ID"
				valueComputed="(select role_id from sec_role where role_type='System Admin' and role_name='Security')" />
			<column name="ACTIVE" value="Y" />
			<column name="ROLE_ID"
				valueComputed="(select role_id from sec_role where role_type='System Admin' and role_name='Security')" />
			<column name="ACTIVE" value="Y" />
			<column name="LOB_ID" value="${systemLOBID}" />
		</insert>
	</changeSet>

	<changeSet id="MX-10636- WEBHOOK-8" author="dt75758">
		<comment>Associate WEBHOOK UPDATE permit to System Admin
			Role
		</comment>
		<insert tableName="LNK_ROLE_LOB_PERMIT">
			<column name="LINK_ID"
				valueSequenceNext="LNK_ROLE_LOB_PERMIT_SEQ" />
			<column name="PERMIT_ID"
				valueComputed="(select permit_id from sec_permit where permit_primary='WEBHOOK' and permit_secondary='UPDATE')" />
			<column name="ROLE_ID"
				valueComputed="(select role_id from sec_role where role_type='System Admin' and role_name='Security')" />
			<column name="ACTIVE" value="Y" />
			<column name="ROLE_ID"
				valueComputed="(select role_id from sec_role where role_type='System Admin' and role_name='Security')" />
			<column name="ACTIVE" value="Y" />
			<column name="LOB_ID" value="${systemLOBID}" />
		</insert>
	</changeSet>
</databaseChangeLog>