<?xml version="1.0" encoding="UTF-8"?>
<databaseChangeLog
	xmlns:xsi="http://www.w3.org/2001/XMLSchema-instance"
	xmlns:ext="http://www.liquibase.org/xml/ns/dbchangelog-ext"
	xmlns="http://www.liquibase.org/xml/ns/dbchangelog"
	xsi:schemaLocation="http://www.liquibase.org/xml/ns/dbchangelog http://www.liquibase.org/xml/ns/dbchangelog/dbchangelog-3.1.xsd
        http://www.liquibase.org/xml/ns/dbchangelog-ext http://www.liquibase.org/xml/ns/dbchangelog/dbchangelog-ext.xsd">

	<changeSet id="MX-3894-1" author="dt71277">
		<comment>create sequence for EVENT Q</comment>
		<createSequence sequenceName="EVENTQ_SEQ"
			incrementBy="1" minValue="1" startValue="1" />
	</changeSet>

	<changeSet id="MX-3894-2" author="dt71277">
		<comment>Create Table EVENTQ</comment>
		<createTable tableName="EVENTQ">
			<column name="EVENTQ_ID" type="BIGINT"
				defaultValueSequenceNext="EVENTQ_SEQ" remarks="primary key">
				<constraints primaryKey="true" nullable="false"
					primaryKeyName="EVENTQ_PK" />
			</column>
			<column name="EVENT_NAME" type="VARCHAR2(100)">
				<constraints nullable="false" />
			</column>
			<column name="EVENT_PAYLOAD" type="jsonb">
				<constraints nullable="false" />
			</column>
			<column name="STATUS" type="VARCHAR2(30)">
				<constraints nullable="false" />
			</column>
			<column name="CREATED" type="TIMESTAMP WITH TIME ZONE" />
			<column name="CREATEBY" type="BIGINT" />
			<column name="UPDATED" type="TIMESTAMP WITH TIME ZONE" />
			<column name="UPDATEBY" type="BIGINT" />
		</createTable>
	</changeSet>

	<changeSet id="MX-3894-3" author="dt214743">
		<createIndex tableName="EVENTQ" indexName="EVENTQ_STATUS_IX">
			<column name="STATUS"></column>
		</createIndex>
	</changeSet>
</databaseChangeLog>