<?xml version="1.0" encoding="UTF-8"?>
<databaseChangeLog
	xmlns:xsi="http://www.w3.org/2001/XMLSchema-instance"
	xmlns:ext="http://www.liquibase.org/xml/ns/dbchangelog-ext"
	xmlns="http://www.liquibase.org/xml/ns/dbchangelog"
	xsi:schemaLocation="http://www.liquibase.org/xml/ns/dbchangelog http://www.liquibase.org/xml/ns/dbchangelog/dbchangelog-3.1.xsd
        http://www.liquibase.org/xml/ns/dbchangelog-ext http://www.liquibase.org/xml/ns/dbchangelog/dbchangelog-ext.xsd">

	<changeSet id="MX-3894-2-1" author="dt214743">
		<comment>create sequence for EVENTQ_RESPONSE_SEQ</comment>
		<createSequence sequenceName="EVENTQ_RESPONSE_SEQ"
			incrementBy="1" minValue="1" startValue="1" />
	</changeSet>

	<changeSet id="MX-3894-2-2" author="dt214743">
		<comment>Create Table EVENTQ_RESPONSE</comment>
		<createTable tableName="EVENTQ_RESPONSE"
			remarks="Table that holds status of event per each registered webhook">
			<column name="EVENTQ_RESPONSE_ID" type="BIGINT"
				defaultValueSequenceNext="EVENTQ_RESPONSE_SEQ" remarks="primary key">
				<constraints primaryKey="true" nullable="false"
					primaryKeyName="EVENTQ_RESPONSE_PK" />
			</column>
			<column name="EVENTQ_ID" type="BIGINT">
				<constraints nullable="false"
					foreignKeyName="EVENTQ_RESPONSE_FK1" references="EVENTQ(EVENTQ_ID)" />
			</column>
			<column name="WEBHOOK_ID" type="BIGINT">
				<constraints nullable="false" />
			</column>
			<column name="WEBHOOK_NAME" type="VARCHAR2(100)">
				<constraints nullable="false" />
			</column>
			<column name="WEBHOOK_RESPONSE" type="jsonb">
			</column>
			<column name="STATUS" type="VARCHAR2(30)">
				<constraints nullable="false" />
			</column>
			<column name="CREATED" type="TIMESTAMP WITH TIME ZONE" />
			<column name="CREATEBY" type="BIGINT" />
			<column name="UPDATED" type="TIMESTAMP WITH TIME ZONE" />
			<column name="UPDATEBY" type="BIGINT" />
		</createTable>
	</changeSet>

	<changeSet id="MX-3894-2-3" author="dt214743">
		<createIndex tableName="EVENTQ_RESPONSE"
			indexName="EVENTQ_RESPONSE_EVENTQ_ID_IX">
			<column name="EVENTQ_ID"></column>
		</createIndex>
		<createIndex tableName="EVENTQ_RESPONSE"
			indexName="EVENTQ_RESPONSE_WEBHOOK_NAME_IX">
			<column name="WEBHOOK_NAME"></column>
		</createIndex>
		<createIndex tableName="EVENTQ_RESPONSE"
			indexName="EVENTQ_RESPONSE_STATUS_IX">
			<column name="STATUS"></column>
		</createIndex>
	</changeSet>
</databaseChangeLog>