<?xml version="1.0" encoding="UTF-8"?>
<databaseChangeLog
	xmlns:xsi="http://www.w3.org/2001/XMLSchema-instance"
	xmlns:ext="http://www.liquibase.org/xml/ns/dbchangelog-ext"
	xmlns="http://www.liquibase.org/xml/ns/dbchangelog"
	xsi:schemaLocation="http://www.liquibase.org/xml/ns/dbchangelog http://www.liquibase.org/xml/ns/dbchangelog/dbchangelog-3.1.xsd
        http://www.liquibase.org/xml/ns/dbchangelog-ext http://www.liquibase.org/xml/ns/dbchangelog/dbchangelog-ext.xsd">

	<changeSet id="MX-3888-1" author="dt214743">
		<comment>Add new column to VALIDATION_RULE</comment>
		<addColumn tableName="VALIDATION_RULE">
			<column name="object_type" type="VARCHAR(10)"
				defaultValue="BEAN">
				<constraints nullable="false" />
			</column>
		</addColumn>
	</changeSet>
	<changeSet id="MX-3888-2" author="dt214743">
		<comment>Modify field_name length of VALIDATION_RULE</comment>
		<modifyDataType tableName="VALIDATION_RULE"
			columnName="FIELD_NAME" newDataType="VARCHAR(500)" />
	</changeSet>
	<changeSet id="MX-3888-3" author="dt214743">
		<comment>Add new column to VALIDATION_RULE</comment>
		<addColumn tableName="VALIDATION_RULE">
			<column name="severity_type" type="VARCHAR(10)"
				defaultValue="ERROR">
				<constraints nullable="false" />
			</column>
		</addColumn>
	</changeSet>
</databaseChangeLog>