<?xml version="1.0" encoding="UTF-8"?>
<databaseChangeLog
        xmlns:xsi="http://www.w3.org/2001/XMLSchema-instance"
        xmlns:ext="http://www.liquibase.org/xml/ns/dbchangelog-ext"
        xmlns="http://www.liquibase.org/xml/ns/dbchangelog"
        xsi:schemaLocation="http://www.liquibase.org/xml/ns/dbchangelog http://www.liquibase.org/xml/ns/dbchangelog/dbchangelog-3.1.xsd
        http://www.liquibase.org/xml/ns/dbchangelog-ext http://www.liquibase.org/xml/ns/dbchangelog/dbchangelog-ext.xsd">

 <changeSet id="ValidationRule-1" author="dt214746">
        <createTable tableName="VALIDATION_RULE">
            <column name="RULESET" type="VARCHAR(50)">
            	<constraints nullable="false"/>
            </column>
            <column name="FIELD_NAME" type="VARCHAR(50)">
            	<constraints nullable="false"/>
            </column>
            <column name="RULE_TYPE" type="VARCHAR(30)">
            	<constraints nullable="false"/>
            </column>
            <column name="RULE" type="VARCHAR(200)">
            	<constraints nullable="false"/>
            </column>
            <column name="MESSAGE" type="VARCHAR(500)">
            	<constraints nullable="false"/>
            </column>
            <column name="RULE_ORDER" type="INT">
            	<constraints nullable="false"/>
            </column>
        </createTable>
    </changeSet>
    <changeSet id="ValidationRule-2" author="dt214746">
	<addUniqueConstraint
        columnNames="RULESET, FIELD_NAME, RULE_ORDER"
        constraintName="VALIDATION_RULE_UK"
        tableName="VALIDATION_RULE"
     />
</changeSet>
</databaseChangeLog>