<component name="ProjectRunConfigurationManager">
  <configuration default="false" name="Launcher-2x" type="Application" factoryName="Application">
    <extension name="coverage" enabled="false" merge="false" sample_coverage="true" runner="idea" />
    <option name="MAIN_CLASS_NAME" value="com.dsths.common.container.core.Launcher" />
    <option name="VM_PARAMETERS" value="-Dapplication.conf.directory=$MODULE_DIR$/src/config -Dserver.tomcat.basedir=$MODULE_DIR$/target/container -Dlogging.path=$MODULE_DIR$/target/container/logs" />
    <option name="PROGRAM_PARAMETERS" value="--spring.profiles.active=dev" />
    <option name="WORKING_DIRECTORY" value="file://$MODULE_DIR$" />
    <option name="ALTERNATIVE_JRE_PATH_ENABLED" value="false" />
    <option name="ALTERNATIVE_JRE_PATH" value="" />
    <option name="ENABLE_SWING_INSPECTOR" value="false" />
    <option name="ENV_VARIABLES" />
    <option name="PASS_PARENT_ENVS" value="true" />
    <module name="container-example-2.0.x" />
    <envs />
    <method />
  </configuration>
</component>