<component>
  <dependencySets>
    <dependencySet>
      <outputDirectory></outputDirectory>
      <unpack>false</unpack>
      <includes>
        <include>${project.groupId}:${war.artifactId}:war</include>
        <include>${project.groupId}:${war.artifactId}:jar</include>
      </includes>
      <useProjectArtifact>false</useProjectArtifact>
    </dependencySet>
  </dependencySets>

  <fileSets>
    <fileSet>
      <directory>${project.basedir}</directory>
      <outputDirectory></outputDirectory>
      <includes>
        <include>README*</include>
        <include>LICENSE*</include>
        <include>NOTICE*</include>
      </includes>
    </fileSet>
    <fileSet>
      <directory>${project.build.directory}/container/conf</directory>
      <outputDirectory>conf</outputDirectory>
      <filtered>true</filtered>
      <directoryMode>0755</directoryMode>
      <fileMode>0644</fileMode>
      <includes>
        <include>*/**</include>
      </includes>
    </fileSet>
    <fileSet>
      <directory>${project.build.directory}</directory>
      <outputDirectory>logs</outputDirectory>
      <directoryMode>0774</directoryMode>
      <fileMode>0664</fileMode>
      <excludes>
        <exclude>*/**</exclude>
      </excludes>
    </fileSet>
  </fileSets>
</component>
