<?xml version="1.0"?>
<assembly xmlns="http://maven.apache.org/ASSEMBLY/2.0.0"
          xmlns:xsi="http://www.w3.org/2001/XMLSchema-instance"
          xsi:schemaLocation="http://maven.apache.org/ASSEMBLY/2.0.0 http://maven.apache.org/xsd/assembly-2.0.0.xsd">

  <id>windows</id>

  <formats>
    <format>zip</format>
  </formats>
  <componentDescriptors>
    <componentDescriptor>assemblies/dist-component.xml</componentDescriptor>
  </componentDescriptors>
  <includeBaseDirectory>false</includeBaseDirectory>
  <fileSets>
    <fileSet>
      <directory>${project.build.directory}/container/scripts</directory>
      <outputDirectory>bin</outputDirectory>
      <filtered>true</filtered>
      <directoryMode>0755</directoryMode>
      <fileMode>0755</fileMode>
      <includes>
        <include>*.bat</include>
      </includes>
    </fileSet>
  </fileSets>
</assembly>
