{"name":"gateway-service","classpathEntries":[{"kind":"binary","path":"C:\\Program Files\\Java\\jdk-11.0.6\\lib\\jrt-fs.jar","sourceContainerUrl":"file:/C:/Program%20Files/Java/jdk-11.0.6/lib/src.zip","javadocContainerUrl":"https://docs.oracle.com/javase/11/docs/api/","isSystem":true,"isOwn":false,"isTest":false,"isJavaContent":false},{"kind":"binary","path":"d:\\mavenrepo\\org\\springframework\\cloud\\spring-cloud-starter-gateway\\2.2.0.RELEASE\\spring-cloud-starter-gateway-2.2.0.RELEASE.jar","javadocContainerUrl":"file:/d:/mavenrepo/org/springframework/cloud/spring-cloud-starter-gateway/2.2.0.RELEASE/spring-cloud-starter-gateway-2.2.0.RELEASE-javadoc.jar","isSystem":false,"isOwn":false,"isTest":false,"isJavaContent":false},{"kind":"binary","path":"d:\\mavenrepo\\org\\springframework\\cloud\\spring-cloud-starter\\2.2.0.RELEASE\\spring-cloud-starter-2.2.0.RELEASE.jar","isSystem":false,"isOwn":false,"isTest":false,"isJavaContent":false},{"kind":"binary","path":"d:\\mavenrepo\\org\\springframework\\cloud\\spring-cloud-context\\2.2.0.RELEASE\\spring-cloud-context-2.2.0.RELEASE.jar","sourceContainerUrl":"file:/d:/mavenrepo/org/springframework/cloud/spring-cloud-context/2.2.0.RELEASE/spring-cloud-context-2.2.0.RELEASE-sources.jar","javadocContainerUrl":"file:/d:/mavenrepo/org/springframework/cloud/spring-cloud-context/2.2.0.RELEASE/spring-cloud-context-2.2.0.RELEASE-javadoc.jar","isSystem":false,"isOwn":false,"isTest":false,"isJavaContent":false},{"kind":"binary","path":"d:\\mavenrepo\\org\\springframework\\security\\spring-security-crypto\\5.2.1.RELEASE\\spring-security-crypto-5.2.1.RELEASE.jar","sourceContainerUrl":"file:/d:/mavenrepo/org/springframework/security/spring-security-crypto/5.2.1.RELEASE/spring-security-crypto-5.2.1.RELEASE-sources.jar","javadocContainerUrl":"file:/d:/mavenrepo/org/springframework/security/spring-security-crypto/5.2.1.RELEASE/spring-security-crypto-5.2.1.RELEASE-javadoc.jar","isSystem":false,"isOwn":false,"isTest":false,"isJavaContent":false},{"kind":"binary","path":"d:\\mavenrepo\\org\\springframework\\cloud\\spring-cloud-commons\\2.2.0.RELEASE\\spring-cloud-commons-2.2.0.RELEASE.jar","sourceContainerUrl":"file:/d:/mavenrepo/org/springframework/cloud/spring-cloud-commons/2.2.0.RELEASE/spring-cloud-commons-2.2.0.RELEASE-sources.jar","javadocContainerUrl":"file:/d:/mavenrepo/org/springframework/cloud/spring-cloud-commons/2.2.0.RELEASE/spring-cloud-commons-2.2.0.RELEASE-javadoc.jar","isSystem":false,"isOwn":false,"isTest":false,"isJavaContent":false},{"kind":"binary","path":"d:\\mavenrepo\\org\\springframework\\security\\spring-security-rsa\\1.0.7.RELEASE\\spring-security-rsa-1.0.7.RELEASE.jar","sourceContainerUrl":"file:/d:/mavenrepo/org/springframework/security/spring-security-rsa/1.0.7.RELEASE/spring-security-rsa-1.0.7.RELEASE-sources.jar","javadocContainerUrl":"file:/d:/mavenrepo/org/springframework/security/spring-security-rsa/1.0.7.RELEASE/spring-security-rsa-1.0.7.RELEASE-javadoc.jar","isSystem":false,"isOwn":false,"isTest":false,"isJavaContent":false},{"kind":"binary","path":"d:\\mavenrepo\\org\\bouncycastle\\bcpkix-jdk15on\\1.60\\bcpkix-jdk15on-1.60.jar","sourceContainerUrl":"file:/d:/mavenrepo/org/bouncycastle/bcpkix-jdk15on/1.60/bcpkix-jdk15on-1.60-sources.jar","javadocContainerUrl":"file:/d:/mavenrepo/org/bouncycastle/bcpkix-jdk15on/1.60/bcpkix-jdk15on-1.60-javadoc.jar","isSystem":false,"isOwn":false,"isTest":false,"isJavaContent":false},{"kind":"binary","path":"d:\\mavenrepo\\org\\bouncycastle\\bcprov-jdk15on\\1.60\\bcprov-jdk15on-1.60.jar","sourceContainerUrl":"file:/d:/mavenrepo/org/bouncycastle/bcprov-jdk15on/1.60/bcprov-jdk15on-1.60-sources.jar","javadocContainerUrl":"file:/d:/mavenrepo/org/bouncycastle/bcprov-jdk15on/1.60/bcprov-jdk15on-1.60-javadoc.jar","isSystem":false,"isOwn":false,"isTest":false,"isJavaContent":false},{"kind":"binary","path":"d:\\mavenrepo\\org\\springframework\\cloud\\spring-cloud-gateway-core\\2.2.0.RELEASE\\spring-cloud-gateway-core-2.2.0.RELEASE.jar","sourceContainerUrl":"file:/d:/mavenrepo/org/springframework/cloud/spring-cloud-gateway-core/2.2.0.RELEASE/spring-cloud-gateway-core-2.2.0.RELEASE-sources.jar","javadocContainerUrl":"file:/d:/mavenrepo/org/springframework/cloud/spring-cloud-gateway-core/2.2.0.RELEASE/spring-cloud-gateway-core-2.2.0.RELEASE-javadoc.jar","isSystem":false,"isOwn":false,"isTest":false,"isJavaContent":false},{"kind":"binary","path":"d:\\mavenrepo\\io\\projectreactor\\addons\\reactor-extra\\3.3.2.RELEASE\\reactor-extra-3.3.2.RELEASE.jar","sourceContainerUrl":"file:/d:/mavenrepo/io/projectreactor/addons/reactor-extra/3.3.2.RELEASE/reactor-extra-3.3.2.RELEASE-sources.jar","javadocContainerUrl":"file:/d:/mavenrepo/io/projectreactor/addons/reactor-extra/3.3.2.RELEASE/reactor-extra-3.3.2.RELEASE-javadoc.jar","isSystem":false,"isOwn":false,"isTest":false,"isJavaContent":false},{"kind":"binary","path":"d:\\mavenrepo\\io\\projectreactor\\reactor-core\\3.3.2.RELEASE\\reactor-core-3.3.2.RELEASE.jar","sourceContainerUrl":"file:/d:/mavenrepo/io/projectreactor/reactor-core/3.3.2.RELEASE/reactor-core-3.3.2.RELEASE-sources.jar","javadocContainerUrl":"file:/d:/mavenrepo/io/projectreactor/reactor-core/3.3.2.RELEASE/reactor-core-3.3.2.RELEASE-javadoc.jar","isSystem":false,"isOwn":false,"isTest":false,"isJavaContent":false},{"kind":"binary","path":"d:\\mavenrepo\\org\\reactivestreams\\reactive-streams\\1.0.3\\reactive-streams-1.0.3.jar","sourceContainerUrl":"file:/d:/mavenrepo/org/reactivestreams/reactive-streams/1.0.3/reactive-streams-1.0.3-sources.jar","javadocContainerUrl":"file:/d:/mavenrepo/org/reactivestreams/reactive-streams/1.0.3/reactive-streams-1.0.3-javadoc.jar","isSystem":false,"isOwn":false,"isTest":false,"isJavaContent":false},{"kind":"binary","path":"d:\\mavenrepo\\org\\springframework\\boot\\spring-boot-starter-webflux\\2.2.4.RELEASE\\spring-boot-starter-webflux-2.2.4.RELEASE.jar","sourceContainerUrl":"file:/d:/mavenrepo/org/springframework/boot/spring-boot-starter-webflux/2.2.4.RELEASE/spring-boot-starter-webflux-2.2.4.RELEASE-sources.jar","isSystem":false,"isOwn":false,"isTest":false,"isJavaContent":false},{"kind":"binary","path":"d:\\mavenrepo\\org\\springframework\\boot\\spring-boot-starter-json\\2.2.4.RELEASE\\spring-boot-starter-json-2.2.4.RELEASE.jar","sourceContainerUrl":"file:/d:/mavenrepo/org/springframework/boot/spring-boot-starter-json/2.2.4.RELEASE/spring-boot-starter-json-2.2.4.RELEASE-sources.jar","isSystem":false,"isOwn":false,"isTest":false,"isJavaContent":false},{"kind":"binary","path":"d:\\mavenrepo\\com\\fasterxml\\jackson\\datatype\\jackson-datatype-jdk8\\2.10.2\\jackson-datatype-jdk8-2.10.2.jar","sourceContainerUrl":"file:/d:/mavenrepo/com/fasterxml/jackson/datatype/jackson-datatype-jdk8/2.10.2/jackson-datatype-jdk8-2.10.2-sources.jar","javadocContainerUrl":"file:/d:/mavenrepo/com/fasterxml/jackson/datatype/jackson-datatype-jdk8/2.10.2/jackson-datatype-jdk8-2.10.2-javadoc.jar","isSystem":false,"isOwn":false,"isTest":false,"isJavaContent":false},{"kind":"binary","path":"d:\\mavenrepo\\com\\fasterxml\\jackson\\module\\jackson-module-parameter-names\\2.10.2\\jackson-module-parameter-names-2.10.2.jar","sourceContainerUrl":"file:/d:/mavenrepo/com/fasterxml/jackson/module/jackson-module-parameter-names/2.10.2/jackson-module-parameter-names-2.10.2-sources.jar","javadocContainerUrl":"file:/d:/mavenrepo/com/fasterxml/jackson/module/jackson-module-parameter-names/2.10.2/jackson-module-parameter-names-2.10.2-javadoc.jar","isSystem":false,"isOwn":false,"isTest":false,"isJavaContent":false},{"kind":"binary","path":"d:\\mavenrepo\\org\\springframework\\boot\\spring-boot-starter-reactor-netty\\2.2.4.RELEASE\\spring-boot-starter-reactor-netty-2.2.4.RELEASE.jar","sourceContainerUrl":"file:/d:/mavenrepo/org/springframework/boot/spring-boot-starter-reactor-netty/2.2.4.RELEASE/spring-boot-starter-reactor-netty-2.2.4.RELEASE-sources.jar","isSystem":false,"isOwn":false,"isTest":false,"isJavaContent":false},{"kind":"binary","path":"d:\\mavenrepo\\io\\projectreactor\\netty\\reactor-netty\\0.9.4.RELEASE\\reactor-netty-0.9.4.RELEASE.jar","sourceContainerUrl":"file:/d:/mavenrepo/io/projectreactor/netty/reactor-netty/0.9.4.RELEASE/reactor-netty-0.9.4.RELEASE-sources.jar","javadocContainerUrl":"file:/d:/mavenrepo/io/projectreactor/netty/reactor-netty/0.9.4.RELEASE/reactor-netty-0.9.4.RELEASE-javadoc.jar","isSystem":false,"isOwn":false,"isTest":false,"isJavaContent":false},{"kind":"binary","path":"d:\\mavenrepo\\io\\netty\\netty-codec-http\\4.1.45.Final\\netty-codec-http-4.1.45.Final.jar","sourceContainerUrl":"file:/d:/mavenrepo/io/netty/netty-codec-http/4.1.45.Final/netty-codec-http-4.1.45.Final-sources.jar","javadocContainerUrl":"file:/d:/mavenrepo/io/netty/netty-codec-http/4.1.45.Final/netty-codec-http-4.1.45.Final-javadoc.jar","isSystem":false,"isOwn":false,"isTest":false,"isJavaContent":false},{"kind":"binary","path":"d:\\mavenrepo\\io\\netty\\netty-common\\4.1.45.Final\\netty-common-4.1.45.Final.jar","sourceContainerUrl":"file:/d:/mavenrepo/io/netty/netty-common/4.1.45.Final/netty-common-4.1.45.Final-sources.jar","javadocContainerUrl":"file:/d:/mavenrepo/io/netty/netty-common/4.1.45.Final/netty-common-4.1.45.Final-javadoc.jar","isSystem":false,"isOwn":false,"isTest":false,"isJavaContent":false},{"kind":"binary","path":"d:\\mavenrepo\\io\\netty\\netty-buffer\\4.1.45.Final\\netty-buffer-4.1.45.Final.jar","sourceContainerUrl":"file:/d:/mavenrepo/io/netty/netty-buffer/4.1.45.Final/netty-buffer-4.1.45.Final-sources.jar","javadocContainerUrl":"file:/d:/mavenrepo/io/netty/netty-buffer/4.1.45.Final/netty-buffer-4.1.45.Final-javadoc.jar","isSystem":false,"isOwn":false,"isTest":false,"isJavaContent":false},{"kind":"binary","path":"d:\\mavenrepo\\io\\netty\\netty-transport\\4.1.45.Final\\netty-transport-4.1.45.Final.jar","sourceContainerUrl":"file:/d:/mavenrepo/io/netty/netty-transport/4.1.45.Final/netty-transport-4.1.45.Final-sources.jar","javadocContainerUrl":"file:/d:/mavenrepo/io/netty/netty-transport/4.1.45.Final/netty-transport-4.1.45.Final-javadoc.jar","isSystem":false,"isOwn":false,"isTest":false,"isJavaContent":false},{"kind":"binary","path":"d:\\mavenrepo\\io\\netty\\netty-resolver\\4.1.45.Final\\netty-resolver-4.1.45.Final.jar","sourceContainerUrl":"file:/d:/mavenrepo/io/netty/netty-resolver/4.1.45.Final/netty-resolver-4.1.45.Final-sources.jar","javadocContainerUrl":"file:/d:/mavenrepo/io/netty/netty-resolver/4.1.45.Final/netty-resolver-4.1.45.Final-javadoc.jar","isSystem":false,"isOwn":false,"isTest":false,"isJavaContent":false},{"kind":"binary","path":"d:\\mavenrepo\\io\\netty\\netty-codec\\4.1.45.Final\\netty-codec-4.1.45.Final.jar","sourceContainerUrl":"file:/d:/mavenrepo/io/netty/netty-codec/4.1.45.Final/netty-codec-4.1.45.Final-sources.jar","javadocContainerUrl":"file:/d:/mavenrepo/io/netty/netty-codec/4.1.45.Final/netty-codec-4.1.45.Final-javadoc.jar","isSystem":false,"isOwn":false,"isTest":false,"isJavaContent":false},{"kind":"binary","path":"d:\\mavenrepo\\io\\netty\\netty-codec-http2\\4.1.45.Final\\netty-codec-http2-4.1.45.Final.jar","sourceContainerUrl":"file:/d:/mavenrepo/io/netty/netty-codec-http2/4.1.45.Final/netty-codec-http2-4.1.45.Final-sources.jar","javadocContainerUrl":"file:/d:/mavenrepo/io/netty/netty-codec-http2/4.1.45.Final/netty-codec-http2-4.1.45.Final-javadoc.jar","isSystem":false,"isOwn":false,"isTest":false,"isJavaContent":false},{"kind":"binary","path":"d:\\mavenrepo\\io\\netty\\netty-handler\\4.1.45.Final\\netty-handler-4.1.45.Final.jar","sourceContainerUrl":"file:/d:/mavenrepo/io/netty/netty-handler/4.1.45.Final/netty-handler-4.1.45.Final-sources.jar","javadocContainerUrl":"file:/d:/mavenrepo/io/netty/netty-handler/4.1.45.Final/netty-handler-4.1.45.Final-javadoc.jar","isSystem":false,"isOwn":false,"isTest":false,"isJavaContent":false},{"kind":"binary","path":"d:\\mavenrepo\\io\\netty\\netty-handler-proxy\\4.1.45.Final\\netty-handler-proxy-4.1.45.Final.jar","sourceContainerUrl":"file:/d:/mavenrepo/io/netty/netty-handler-proxy/4.1.45.Final/netty-handler-proxy-4.1.45.Final-sources.jar","javadocContainerUrl":"file:/d:/mavenrepo/io/netty/netty-handler-proxy/4.1.45.Final/netty-handler-proxy-4.1.45.Final-javadoc.jar","isSystem":false,"isOwn":false,"isTest":false,"isJavaContent":false},{"kind":"binary","path":"d:\\mavenrepo\\io\\netty\\netty-codec-socks\\4.1.45.Final\\netty-codec-socks-4.1.45.Final.jar","sourceContainerUrl":"file:/d:/mavenrepo/io/netty/netty-codec-socks/4.1.45.Final/netty-codec-socks-4.1.45.Final-sources.jar","javadocContainerUrl":"file:/d:/mavenrepo/io/netty/netty-codec-socks/4.1.45.Final/netty-codec-socks-4.1.45.Final-javadoc.jar","isSystem":false,"isOwn":false,"isTest":false,"isJavaContent":false},{"kind":"binary","path":"d:\\mavenrepo\\io\\netty\\netty-transport-native-epoll\\4.1.45.Final\\netty-transport-native-epoll-4.1.45.Final-linux-x86_64.jar","sourceContainerUrl":"file:/d:/mavenrepo/io/netty/netty-transport-native-epoll/4.1.45.Final/netty-transport-native-epoll-4.1.45.Final-sources.jar","javadocContainerUrl":"file:/d:/mavenrepo/io/netty/netty-transport-native-epoll/4.1.45.Final/netty-transport-native-epoll-4.1.45.Final-javadoc.jar","isSystem":false,"isOwn":false,"isTest":false,"isJavaContent":false},{"kind":"binary","path":"d:\\mavenrepo\\io\\netty\\netty-transport-native-unix-common\\4.1.45.Final\\netty-transport-native-unix-common-4.1.45.Final.jar","sourceContainerUrl":"file:/d:/mavenrepo/io/netty/netty-transport-native-unix-common/4.1.45.Final/netty-transport-native-unix-common-4.1.45.Final-sources.jar","javadocContainerUrl":"file:/d:/mavenrepo/io/netty/netty-transport-native-unix-common/4.1.45.Final/netty-transport-native-unix-common-4.1.45.Final-javadoc.jar","isSystem":false,"isOwn":false,"isTest":false,"isJavaContent":false},{"kind":"binary","path":"d:\\mavenrepo\\org\\glassfish\\jakarta.el\\3.0.3\\jakarta.el-3.0.3.jar","sourceContainerUrl":"file:/d:/mavenrepo/org/glassfish/jakarta.el/3.0.3/jakarta.el-3.0.3-sources.jar","javadocContainerUrl":"file:/d:/mavenrepo/org/glassfish/jakarta.el/3.0.3/jakarta.el-3.0.3-javadoc.jar","isSystem":false,"isOwn":false,"isTest":false,"isJavaContent":false},{"kind":"binary","path":"d:\\mavenrepo\\org\\springframework\\boot\\spring-boot-starter-validation\\2.2.4.RELEASE\\spring-boot-starter-validation-2.2.4.RELEASE.jar","sourceContainerUrl":"file:/d:/mavenrepo/org/springframework/boot/spring-boot-starter-validation/2.2.4.RELEASE/spring-boot-starter-validation-2.2.4.RELEASE-sources.jar","isSystem":false,"isOwn":false,"isTest":false,"isJavaContent":false},{"kind":"binary","path":"d:\\mavenrepo\\jakarta\\validation\\jakarta.validation-api\\2.0.2\\jakarta.validation-api-2.0.2.jar","sourceContainerUrl":"file:/d:/mavenrepo/jakarta/validation/jakarta.validation-api/2.0.2/jakarta.validation-api-2.0.2-sources.jar","javadocContainerUrl":"file:/d:/mavenrepo/jakarta/validation/jakarta.validation-api/2.0.2/jakarta.validation-api-2.0.2-javadoc.jar","isSystem":false,"isOwn":false,"isTest":false,"isJavaContent":false},{"kind":"binary","path":"d:\\mavenrepo\\org\\hibernate\\validator\\hibernate-validator\\6.0.18.Final\\hibernate-validator-6.0.18.Final.jar","sourceContainerUrl":"file:/d:/mavenrepo/org/hibernate/validator/hibernate-validator/6.0.18.Final/hibernate-validator-6.0.18.Final-sources.jar","isSystem":false,"isOwn":false,"isTest":false,"isJavaContent":false},{"kind":"binary","path":"d:\\mavenrepo\\org\\jboss\\logging\\jboss-logging\\3.4.1.Final\\jboss-logging-3.4.1.Final.jar","sourceContainerUrl":"file:/d:/mavenrepo/org/jboss/logging/jboss-logging/3.4.1.Final/jboss-logging-3.4.1.Final-sources.jar","javadocContainerUrl":"file:/d:/mavenrepo/org/jboss/logging/jboss-logging/3.4.1.Final/jboss-logging-3.4.1.Final-javadoc.jar","isSystem":false,"isOwn":false,"isTest":false,"isJavaContent":false},{"kind":"binary","path":"d:\\mavenrepo\\com\\fasterxml\\classmate\\1.5.1\\classmate-1.5.1.jar","sourceContainerUrl":"file:/d:/mavenrepo/com/fasterxml/classmate/1.5.1/classmate-1.5.1-sources.jar","javadocContainerUrl":"file:/d:/mavenrepo/com/fasterxml/classmate/1.5.1/classmate-1.5.1-javadoc.jar","isSystem":false,"isOwn":false,"isTest":false,"isJavaContent":false},{"kind":"binary","path":"d:\\mavenrepo\\org\\springframework\\spring-web\\5.2.3.RELEASE\\spring-web-5.2.3.RELEASE.jar","sourceContainerUrl":"file:/d:/mavenrepo/org/springframework/spring-web/5.2.3.RELEASE/spring-web-5.2.3.RELEASE-sources.jar","javadocContainerUrl":"file:/d:/mavenrepo/org/springframework/spring-web/5.2.3.RELEASE/spring-web-5.2.3.RELEASE-javadoc.jar","isSystem":false,"isOwn":false,"isTest":false,"isJavaContent":false},{"kind":"binary","path":"d:\\mavenrepo\\org\\springframework\\spring-webflux\\5.2.3.RELEASE\\spring-webflux-5.2.3.RELEASE.jar","sourceContainerUrl":"file:/d:/mavenrepo/org/springframework/spring-webflux/5.2.3.RELEASE/spring-webflux-5.2.3.RELEASE-sources.jar","javadocContainerUrl":"file:/d:/mavenrepo/org/springframework/spring-webflux/5.2.3.RELEASE/spring-webflux-5.2.3.RELEASE-javadoc.jar","isSystem":false,"isOwn":false,"isTest":false,"isJavaContent":false},{"kind":"binary","path":"d:\\mavenrepo\\org\\synchronoss\\cloud\\nio-multipart-parser\\1.1.0\\nio-multipart-parser-1.1.0.jar","sourceContainerUrl":"file:/d:/mavenrepo/org/synchronoss/cloud/nio-multipart-parser/1.1.0/nio-multipart-parser-1.1.0-sources.jar","javadocContainerUrl":"file:/d:/mavenrepo/org/synchronoss/cloud/nio-multipart-parser/1.1.0/nio-multipart-parser-1.1.0-javadoc.jar","isSystem":false,"isOwn":false,"isTest":false,"isJavaContent":false},{"kind":"binary","path":"d:\\mavenrepo\\org\\synchronoss\\cloud\\nio-stream-storage\\1.1.3\\nio-stream-storage-1.1.3.jar","sourceContainerUrl":"file:/d:/mavenrepo/org/synchronoss/cloud/nio-stream-storage/1.1.3/nio-stream-storage-1.1.3-sources.jar","javadocContainerUrl":"file:/d:/mavenrepo/org/synchronoss/cloud/nio-stream-storage/1.1.3/nio-stream-storage-1.1.3-javadoc.jar","isSystem":false,"isOwn":false,"isTest":false,"isJavaContent":false},{"kind":"binary","path":"d:\\mavenrepo\\org\\springframework\\cloud\\spring-cloud-starter-netflix-eureka-client\\2.2.0.RELEASE\\spring-cloud-starter-netflix-eureka-client-2.2.0.RELEASE.jar","javadocContainerUrl":"file:/d:/mavenrepo/org/springframework/cloud/spring-cloud-starter-netflix-eureka-client/2.2.0.RELEASE/spring-cloud-starter-netflix-eureka-client-2.2.0.RELEASE-javadoc.jar","isSystem":false,"isOwn":false,"isTest":false,"isJavaContent":false},{"kind":"binary","path":"d:\\mavenrepo\\org\\springframework\\cloud\\spring-cloud-netflix-hystrix\\2.2.0.RELEASE\\spring-cloud-netflix-hystrix-2.2.0.RELEASE.jar","sourceContainerUrl":"file:/d:/mavenrepo/org/springframework/cloud/spring-cloud-netflix-hystrix/2.2.0.RELEASE/spring-cloud-netflix-hystrix-2.2.0.RELEASE-sources.jar","javadocContainerUrl":"file:/d:/mavenrepo/org/springframework/cloud/spring-cloud-netflix-hystrix/2.2.0.RELEASE/spring-cloud-netflix-hystrix-2.2.0.RELEASE-javadoc.jar","isSystem":false,"isOwn":false,"isTest":false,"isJavaContent":false},{"kind":"binary","path":"d:\\mavenrepo\\org\\springframework\\cloud\\spring-cloud-netflix-eureka-client\\2.2.0.RELEASE\\spring-cloud-netflix-eureka-client-2.2.0.RELEASE.jar","sourceContainerUrl":"file:/d:/mavenrepo/org/springframework/cloud/spring-cloud-netflix-eureka-client/2.2.0.RELEASE/spring-cloud-netflix-eureka-client-2.2.0.RELEASE-sources.jar","javadocContainerUrl":"file:/d:/mavenrepo/org/springframework/cloud/spring-cloud-netflix-eureka-client/2.2.0.RELEASE/spring-cloud-netflix-eureka-client-2.2.0.RELEASE-javadoc.jar","isSystem":false,"isOwn":false,"isTest":false,"isJavaContent":false},{"kind":"binary","path":"d:\\mavenrepo\\com\\netflix\\eureka\\eureka-client\\1.9.13\\eureka-client-1.9.13.jar","sourceContainerUrl":"file:/d:/mavenrepo/com/netflix/eureka/eureka-client/1.9.13/eureka-client-1.9.13-sources.jar","javadocContainerUrl":"file:/d:/mavenrepo/com/netflix/eureka/eureka-client/1.9.13/eureka-client-1.9.13-javadoc.jar","isSystem":false,"isOwn":false,"isTest":false,"isJavaContent":false},{"kind":"binary","path":"d:\\mavenrepo\\org\\codehaus\\jettison\\jettison\\1.3.7\\jettison-1.3.7.jar","sourceContainerUrl":"file:/d:/mavenrepo/org/codehaus/jettison/jettison/1.3.7/jettison-1.3.7-sources.jar","javadocContainerUrl":"file:/d:/mavenrepo/org/codehaus/jettison/jettison/1.3.7/jettison-1.3.7-javadoc.jar","isSystem":false,"isOwn":false,"isTest":false,"isJavaContent":false},{"kind":"binary","path":"d:\\mavenrepo\\stax\\stax-api\\1.0.1\\stax-api-1.0.1.jar","sourceContainerUrl":"file:/d:/mavenrepo/stax/stax-api/1.0.1/stax-api-1.0.1-sources.jar","isSystem":false,"isOwn":false,"isTest":false,"isJavaContent":false},{"kind":"binary","path":"d:\\mavenrepo\\com\\netflix\\netflix-commons\\netflix-eventbus\\0.3.0\\netflix-eventbus-0.3.0.jar","sourceContainerUrl":"file:/d:/mavenrepo/com/netflix/netflix-commons/netflix-eventbus/0.3.0/netflix-eventbus-0.3.0-sources.jar","javadocContainerUrl":"file:/d:/mavenrepo/com/netflix/netflix-commons/netflix-eventbus/0.3.0/netflix-eventbus-0.3.0-javadoc.jar","isSystem":false,"isOwn":false,"isTest":false,"isJavaContent":false},{"kind":"binary","path":"d:\\mavenrepo\\com\\netflix\\netflix-commons\\netflix-infix\\0.3.0\\netflix-infix-0.3.0.jar","sourceContainerUrl":"file:/d:/mavenrepo/com/netflix/netflix-commons/netflix-infix/0.3.0/netflix-infix-0.3.0-sources.jar","javadocContainerUrl":"file:/d:/mavenrepo/com/netflix/netflix-commons/netflix-infix/0.3.0/netflix-infix-0.3.0-javadoc.jar","isSystem":false,"isOwn":false,"isTest":false,"isJavaContent":false},{"kind":"binary","path":"d:\\mavenrepo\\commons-jxpath\\commons-jxpath\\1.3\\commons-jxpath-1.3.jar","sourceContainerUrl":"file:/d:/mavenrepo/commons-jxpath/commons-jxpath/1.3/commons-jxpath-1.3-sources.jar","javadocContainerUrl":"file:/d:/mavenrepo/commons-jxpath/commons-jxpath/1.3/commons-jxpath-1.3-javadoc.jar","isSystem":false,"isOwn":false,"isTest":false,"isJavaContent":false},{"kind":"binary","path":"d:\\mavenrepo\\joda-time\\joda-time\\2.10.5\\joda-time-2.10.5.jar","sourceContainerUrl":"file:/d:/mavenrepo/joda-time/joda-time/2.10.5/joda-time-2.10.5-sources.jar","javadocContainerUrl":"file:/d:/mavenrepo/joda-time/joda-time/2.10.5/joda-time-2.10.5-javadoc.jar","isSystem":false,"isOwn":false,"isTest":false,"isJavaContent":false},{"kind":"binary","path":"d:\\mavenrepo\\org\\antlr\\antlr-runtime\\3.4\\antlr-runtime-3.4.jar","sourceContainerUrl":"file:/d:/mavenrepo/org/antlr/antlr-runtime/3.4/antlr-runtime-3.4-sources.jar","javadocContainerUrl":"file:/d:/mavenrepo/org/antlr/antlr-runtime/3.4/antlr-runtime-3.4-javadoc.jar","isSystem":false,"isOwn":false,"isTest":false,"isJavaContent":false},{"kind":"binary","path":"d:\\mavenrepo\\org\\antlr\\stringtemplate\\3.2.1\\stringtemplate-3.2.1.jar","sourceContainerUrl":"file:/d:/mavenrepo/org/antlr/stringtemplate/3.2.1/stringtemplate-3.2.1-sources.jar","isSystem":false,"isOwn":false,"isTest":false,"isJavaContent":false},{"kind":"binary","path":"d:\\mavenrepo\\antlr\\antlr\\2.7.7\\antlr-2.7.7.jar","sourceContainerUrl":"file:/d:/mavenrepo/antlr/antlr/2.7.7/antlr-2.7.7-sources.jar","isSystem":false,"isOwn":false,"isTest":false,"isJavaContent":false},{"kind":"binary","path":"d:\\mavenrepo\\com\\google\\code\\gson\\gson\\2.8.6\\gson-2.8.6.jar","sourceContainerUrl":"file:/d:/mavenrepo/com/google/code/gson/gson/2.8.6/gson-2.8.6-sources.jar","javadocContainerUrl":"file:/d:/mavenrepo/com/google/code/gson/gson/2.8.6/gson-2.8.6-javadoc.jar","isSystem":false,"isOwn":false,"isTest":false,"isJavaContent":false},{"kind":"binary","path":"d:\\mavenrepo\\org\\apache\\commons\\commons-math\\2.2\\commons-math-2.2.jar","sourceContainerUrl":"file:/d:/mavenrepo/org/apache/commons/commons-math/2.2/commons-math-2.2-sources.jar","javadocContainerUrl":"file:/d:/mavenrepo/org/apache/commons/commons-math/2.2/commons-math-2.2-javadoc.jar","isSystem":false,"isOwn":false,"isTest":false,"isJavaContent":false},{"kind":"binary","path":"d:\\mavenrepo\\com\\netflix\\archaius\\archaius-core\\0.7.6\\archaius-core-0.7.6.jar","sourceContainerUrl":"file:/d:/mavenrepo/com/netflix/archaius/archaius-core/0.7.6/archaius-core-0.7.6-sources.jar","javadocContainerUrl":"file:/d:/mavenrepo/com/netflix/archaius/archaius-core/0.7.6/archaius-core-0.7.6-javadoc.jar","isSystem":false,"isOwn":false,"isTest":false,"isJavaContent":false},{"kind":"binary","path":"d:\\mavenrepo\\com\\google\\guava\\guava\\16.0\\guava-16.0.jar","sourceContainerUrl":"file:/d:/mavenrepo/com/google/guava/guava/16.0/guava-16.0-sources.jar","javadocContainerUrl":"file:/d:/mavenrepo/com/google/guava/guava/16.0/guava-16.0-javadoc.jar","isSystem":false,"isOwn":false,"isTest":false,"isJavaContent":false},{"kind":"binary","path":"d:\\mavenrepo\\javax\\ws\\rs\\jsr311-api\\1.1.1\\jsr311-api-1.1.1.jar","sourceContainerUrl":"file:/d:/mavenrepo/javax/ws/rs/jsr311-api/1.1.1/jsr311-api-1.1.1-sources.jar","javadocContainerUrl":"file:/d:/mavenrepo/javax/ws/rs/jsr311-api/1.1.1/jsr311-api-1.1.1-javadoc.jar","isSystem":false,"isOwn":false,"isTest":false,"isJavaContent":false},{"kind":"binary","path":"d:\\mavenrepo\\com\\netflix\\servo\\servo-core\\0.12.21\\servo-core-0.12.21.jar","sourceContainerUrl":"file:/d:/mavenrepo/com/netflix/servo/servo-core/0.12.21/servo-core-0.12.21-sources.jar","javadocContainerUrl":"file:/d:/mavenrepo/com/netflix/servo/servo-core/0.12.21/servo-core-0.12.21-javadoc.jar","isSystem":false,"isOwn":false,"isTest":false,"isJavaContent":false},{"kind":"binary","path":"d:\\mavenrepo\\com\\sun\\jersey\\jersey-core\\1.19.1\\jersey-core-1.19.1.jar","sourceContainerUrl":"file:/d:/mavenrepo/com/sun/jersey/jersey-core/1.19.1/jersey-core-1.19.1-sources.jar","javadocContainerUrl":"file:/d:/mavenrepo/com/sun/jersey/jersey-core/1.19.1/jersey-core-1.19.1-javadoc.jar","isSystem":false,"isOwn":false,"isTest":false,"isJavaContent":false},{"kind":"binary","path":"d:\\mavenrepo\\com\\sun\\jersey\\jersey-client\\1.19.1\\jersey-client-1.19.1.jar","sourceContainerUrl":"file:/d:/mavenrepo/com/sun/jersey/jersey-client/1.19.1/jersey-client-1.19.1-sources.jar","javadocContainerUrl":"file:/d:/mavenrepo/com/sun/jersey/jersey-client/1.19.1/jersey-client-1.19.1-javadoc.jar","isSystem":false,"isOwn":false,"isTest":false,"isJavaContent":false},{"kind":"binary","path":"d:\\mavenrepo\\com\\sun\\jersey\\contribs\\jersey-apache-client4\\1.19.1\\jersey-apache-client4-1.19.1.jar","sourceContainerUrl":"file:/d:/mavenrepo/com/sun/jersey/contribs/jersey-apache-client4/1.19.1/jersey-apache-client4-1.19.1-sources.jar","javadocContainerUrl":"file:/d:/mavenrepo/com/sun/jersey/contribs/jersey-apache-client4/1.19.1/jersey-apache-client4-1.19.1-javadoc.jar","isSystem":false,"isOwn":false,"isTest":false,"isJavaContent":false},{"kind":"binary","path":"d:\\mavenrepo\\org\\apache\\httpcomponents\\httpclient\\4.5.10\\httpclient-4.5.10.jar","sourceContainerUrl":"file:/d:/mavenrepo/org/apache/httpcomponents/httpclient/4.5.10/httpclient-4.5.10-sources.jar","javadocContainerUrl":"file:/d:/mavenrepo/org/apache/httpcomponents/httpclient/4.5.10/httpclient-4.5.10-javadoc.jar","isSystem":false,"isOwn":false,"isTest":false,"isJavaContent":false},{"kind":"binary","path":"d:\\mavenrepo\\org\\apache\\httpcomponents\\httpcore\\4.4.13\\httpcore-4.4.13.jar","sourceContainerUrl":"file:/d:/mavenrepo/org/apache/httpcomponents/httpcore/4.4.13/httpcore-4.4.13-sources.jar","javadocContainerUrl":"file:/d:/mavenrepo/org/apache/httpcomponents/httpcore/4.4.13/httpcore-4.4.13-javadoc.jar","isSystem":false,"isOwn":false,"isTest":false,"isJavaContent":false},{"kind":"binary","path":"d:\\mavenrepo\\commons-codec\\commons-codec\\1.13\\commons-codec-1.13.jar","sourceContainerUrl":"file:/d:/mavenrepo/commons-codec/commons-codec/1.13/commons-codec-1.13-sources.jar","javadocContainerUrl":"file:/d:/mavenrepo/commons-codec/commons-codec/1.13/commons-codec-1.13-javadoc.jar","isSystem":false,"isOwn":false,"isTest":false,"isJavaContent":false},{"kind":"binary","path":"d:\\mavenrepo\\com\\google\\inject\\guice\\4.1.0\\guice-4.1.0.jar","sourceContainerUrl":"file:/d:/mavenrepo/com/google/inject/guice/4.1.0/guice-4.1.0-sources.jar","javadocContainerUrl":"file:/d:/mavenrepo/com/google/inject/guice/4.1.0/guice-4.1.0-javadoc.jar","isSystem":false,"isOwn":false,"isTest":false,"isJavaContent":false},{"kind":"binary","path":"d:\\mavenrepo\\javax\\inject\\javax.inject\\1\\javax.inject-1.jar","sourceContainerUrl":"file:/d:/mavenrepo/javax/inject/javax.inject/1/javax.inject-1-sources.jar","javadocContainerUrl":"file:/d:/mavenrepo/javax/inject/javax.inject/1/javax.inject-1-javadoc.jar","isSystem":false,"isOwn":false,"isTest":false,"isJavaContent":false},{"kind":"binary","path":"d:\\mavenrepo\\aopalliance\\aopalliance\\1.0\\aopalliance-1.0.jar","sourceContainerUrl":"file:/d:/mavenrepo/aopalliance/aopalliance/1.0/aopalliance-1.0-sources.jar","isSystem":false,"isOwn":false,"isTest":false,"isJavaContent":false},{"kind":"binary","path":"d:\\mavenrepo\\com\\fasterxml\\jackson\\core\\jackson-annotations\\2.10.2\\jackson-annotations-2.10.2.jar","sourceContainerUrl":"file:/d:/mavenrepo/com/fasterxml/jackson/core/jackson-annotations/2.10.2/jackson-annotations-2.10.2-sources.jar","javadocContainerUrl":"file:/d:/mavenrepo/com/fasterxml/jackson/core/jackson-annotations/2.10.2/jackson-annotations-2.10.2-javadoc.jar","isSystem":false,"isOwn":false,"isTest":false,"isJavaContent":false},{"kind":"binary","path":"d:\\mavenrepo\\com\\fasterxml\\jackson\\core\\jackson-core\\2.10.2\\jackson-core-2.10.2.jar","sourceContainerUrl":"file:/d:/mavenrepo/com/fasterxml/jackson/core/jackson-core/2.10.2/jackson-core-2.10.2-sources.jar","javadocContainerUrl":"file:/d:/mavenrepo/com/fasterxml/jackson/core/jackson-core/2.10.2/jackson-core-2.10.2-javadoc.jar","isSystem":false,"isOwn":false,"isTest":false,"isJavaContent":false},{"kind":"binary","path":"d:\\mavenrepo\\com\\netflix\\eureka\\eureka-core\\1.9.13\\eureka-core-1.9.13.jar","sourceContainerUrl":"file:/d:/mavenrepo/com/netflix/eureka/eureka-core/1.9.13/eureka-core-1.9.13-sources.jar","javadocContainerUrl":"file:/d:/mavenrepo/com/netflix/eureka/eureka-core/1.9.13/eureka-core-1.9.13-javadoc.jar","isSystem":false,"isOwn":false,"isTest":false,"isJavaContent":false},{"kind":"binary","path":"d:\\mavenrepo\\com\\fasterxml\\woodstox\\woodstox-core\\5.2.1\\woodstox-core-5.2.1.jar","sourceContainerUrl":"file:/d:/mavenrepo/com/fasterxml/woodstox/woodstox-core/5.2.1/woodstox-core-5.2.1-sources.jar","javadocContainerUrl":"file:/d:/mavenrepo/com/fasterxml/woodstox/woodstox-core/5.2.1/woodstox-core-5.2.1-javadoc.jar","isSystem":false,"isOwn":false,"isTest":false,"isJavaContent":false},{"kind":"binary","path":"d:\\mavenrepo\\org\\codehaus\\woodstox\\stax2-api\\4.2\\stax2-api-4.2.jar","sourceContainerUrl":"file:/d:/mavenrepo/org/codehaus/woodstox/stax2-api/4.2/stax2-api-4.2-sources.jar","javadocContainerUrl":"file:/d:/mavenrepo/org/codehaus/woodstox/stax2-api/4.2/stax2-api-4.2-javadoc.jar","isSystem":false,"isOwn":false,"isTest":false,"isJavaContent":false},{"kind":"binary","path":"d:\\mavenrepo\\org\\springframework\\cloud\\spring-cloud-starter-netflix-archaius\\2.2.0.RELEASE\\spring-cloud-starter-netflix-archaius-2.2.0.RELEASE.jar","isSystem":false,"isOwn":false,"isTest":false,"isJavaContent":false},{"kind":"binary","path":"d:\\mavenrepo\\org\\springframework\\cloud\\spring-cloud-netflix-ribbon\\2.2.0.RELEASE\\spring-cloud-netflix-ribbon-2.2.0.RELEASE.jar","sourceContainerUrl":"file:/d:/mavenrepo/org/springframework/cloud/spring-cloud-netflix-ribbon/2.2.0.RELEASE/spring-cloud-netflix-ribbon-2.2.0.RELEASE-sources.jar","javadocContainerUrl":"file:/d:/mavenrepo/org/springframework/cloud/spring-cloud-netflix-ribbon/2.2.0.RELEASE/spring-cloud-netflix-ribbon-2.2.0.RELEASE-javadoc.jar","isSystem":false,"isOwn":false,"isTest":false,"isJavaContent":false},{"kind":"binary","path":"d:\\mavenrepo\\org\\springframework\\cloud\\spring-cloud-netflix-archaius\\2.2.0.RELEASE\\spring-cloud-netflix-archaius-2.2.0.RELEASE.jar","sourceContainerUrl":"file:/d:/mavenrepo/org/springframework/cloud/spring-cloud-netflix-archaius/2.2.0.RELEASE/spring-cloud-netflix-archaius-2.2.0.RELEASE-sources.jar","javadocContainerUrl":"file:/d:/mavenrepo/org/springframework/cloud/spring-cloud-netflix-archaius/2.2.0.RELEASE/spring-cloud-netflix-archaius-2.2.0.RELEASE-javadoc.jar","isSystem":false,"isOwn":false,"isTest":false,"isJavaContent":false},{"kind":"binary","path":"d:\\mavenrepo\\commons-configuration\\commons-configuration\\1.8\\commons-configuration-1.8.jar","sourceContainerUrl":"file:/d:/mavenrepo/commons-configuration/commons-configuration/1.8/commons-configuration-1.8-sources.jar","javadocContainerUrl":"file:/d:/mavenrepo/commons-configuration/commons-configuration/1.8/commons-configuration-1.8-javadoc.jar","isSystem":false,"isOwn":false,"isTest":false,"isJavaContent":false},{"kind":"binary","path":"d:\\mavenrepo\\commons-lang\\commons-lang\\2.6\\commons-lang-2.6.jar","sourceContainerUrl":"file:/d:/mavenrepo/commons-lang/commons-lang/2.6/commons-lang-2.6-sources.jar","javadocContainerUrl":"file:/d:/mavenrepo/commons-lang/commons-lang/2.6/commons-lang-2.6-javadoc.jar","isSystem":false,"isOwn":false,"isTest":false,"isJavaContent":false},{"kind":"binary","path":"d:\\mavenrepo\\org\\springframework\\cloud\\spring-cloud-starter-netflix-ribbon\\2.2.0.RELEASE\\spring-cloud-starter-netflix-ribbon-2.2.0.RELEASE.jar","javadocContainerUrl":"file:/d:/mavenrepo/org/springframework/cloud/spring-cloud-starter-netflix-ribbon/2.2.0.RELEASE/spring-cloud-starter-netflix-ribbon-2.2.0.RELEASE-javadoc.jar","isSystem":false,"isOwn":false,"isTest":false,"isJavaContent":false},{"kind":"binary","path":"d:\\mavenrepo\\com\\netflix\\ribbon\\ribbon\\2.3.0\\ribbon-2.3.0.jar","sourceContainerUrl":"file:/d:/mavenrepo/com/netflix/ribbon/ribbon/2.3.0/ribbon-2.3.0-sources.jar","javadocContainerUrl":"file:/d:/mavenrepo/com/netflix/ribbon/ribbon/2.3.0/ribbon-2.3.0-javadoc.jar","isSystem":false,"isOwn":false,"isTest":false,"isJavaContent":false},{"kind":"binary","path":"d:\\mavenrepo\\com\\netflix\\ribbon\\ribbon-transport\\2.3.0\\ribbon-transport-2.3.0.jar","sourceContainerUrl":"file:/d:/mavenrepo/com/netflix/ribbon/ribbon-transport/2.3.0/ribbon-transport-2.3.0-sources.jar","javadocContainerUrl":"file:/d:/mavenrepo/com/netflix/ribbon/ribbon-transport/2.3.0/ribbon-transport-2.3.0-javadoc.jar","isSystem":false,"isOwn":false,"isTest":false,"isJavaContent":false},{"kind":"binary","path":"d:\\mavenrepo\\io\\reactivex\\rxnetty-contexts\\0.4.9\\rxnetty-contexts-0.4.9.jar","sourceContainerUrl":"file:/d:/mavenrepo/io/reactivex/rxnetty-contexts/0.4.9/rxnetty-contexts-0.4.9-sources.jar","javadocContainerUrl":"file:/d:/mavenrepo/io/reactivex/rxnetty-contexts/0.4.9/rxnetty-contexts-0.4.9-javadoc.jar","isSystem":false,"isOwn":false,"isTest":false,"isJavaContent":false},{"kind":"binary","path":"d:\\mavenrepo\\io\\reactivex\\rxnetty-servo\\0.4.9\\rxnetty-servo-0.4.9.jar","sourceContainerUrl":"file:/d:/mavenrepo/io/reactivex/rxnetty-servo/0.4.9/rxnetty-servo-0.4.9-sources.jar","javadocContainerUrl":"file:/d:/mavenrepo/io/reactivex/rxnetty-servo/0.4.9/rxnetty-servo-0.4.9-javadoc.jar","isSystem":false,"isOwn":false,"isTest":false,"isJavaContent":false},{"kind":"binary","path":"d:\\mavenrepo\\com\\netflix\\hystrix\\hystrix-core\\1.5.18\\hystrix-core-1.5.18.jar","sourceContainerUrl":"file:/d:/mavenrepo/com/netflix/hystrix/hystrix-core/1.5.18/hystrix-core-1.5.18-sources.jar","javadocContainerUrl":"file:/d:/mavenrepo/com/netflix/hystrix/hystrix-core/1.5.18/hystrix-core-1.5.18-javadoc.jar","isSystem":false,"isOwn":false,"isTest":false,"isJavaContent":false},{"kind":"binary","path":"d:\\mavenrepo\\io\\reactivex\\rxnetty\\0.4.9\\rxnetty-0.4.9.jar","sourceContainerUrl":"file:/d:/mavenrepo/io/reactivex/rxnetty/0.4.9/rxnetty-0.4.9-sources.jar","javadocContainerUrl":"file:/d:/mavenrepo/io/reactivex/rxnetty/0.4.9/rxnetty-0.4.9-javadoc.jar","isSystem":false,"isOwn":false,"isTest":false,"isJavaContent":false},{"kind":"binary","path":"d:\\mavenrepo\\com\\netflix\\ribbon\\ribbon-core\\2.3.0\\ribbon-core-2.3.0.jar","sourceContainerUrl":"file:/d:/mavenrepo/com/netflix/ribbon/ribbon-core/2.3.0/ribbon-core-2.3.0-sources.jar","javadocContainerUrl":"file:/d:/mavenrepo/com/netflix/ribbon/ribbon-core/2.3.0/ribbon-core-2.3.0-javadoc.jar","isSystem":false,"isOwn":false,"isTest":false,"isJavaContent":false},{"kind":"binary","path":"d:\\mavenrepo\\com\\netflix\\ribbon\\ribbon-httpclient\\2.3.0\\ribbon-httpclient-2.3.0.jar","sourceContainerUrl":"file:/d:/mavenrepo/com/netflix/ribbon/ribbon-httpclient/2.3.0/ribbon-httpclient-2.3.0-sources.jar","javadocContainerUrl":"file:/d:/mavenrepo/com/netflix/ribbon/ribbon-httpclient/2.3.0/ribbon-httpclient-2.3.0-javadoc.jar","isSystem":false,"isOwn":false,"isTest":false,"isJavaContent":false},{"kind":"binary","path":"d:\\mavenrepo\\commons-collections\\commons-collections\\3.2.2\\commons-collections-3.2.2.jar","sourceContainerUrl":"file:/d:/mavenrepo/commons-collections/commons-collections/3.2.2/commons-collections-3.2.2-sources.jar","javadocContainerUrl":"file:/d:/mavenrepo/commons-collections/commons-collections/3.2.2/commons-collections-3.2.2-javadoc.jar","isSystem":false,"isOwn":false,"isTest":false,"isJavaContent":false},{"kind":"binary","path":"d:\\mavenrepo\\com\\netflix\\netflix-commons\\netflix-commons-util\\0.3.0\\netflix-commons-util-0.3.0.jar","sourceContainerUrl":"file:/d:/mavenrepo/com/netflix/netflix-commons/netflix-commons-util/0.3.0/netflix-commons-util-0.3.0-sources.jar","javadocContainerUrl":"file:/d:/mavenrepo/com/netflix/netflix-commons/netflix-commons-util/0.3.0/netflix-commons-util-0.3.0-javadoc.jar","isSystem":false,"isOwn":false,"isTest":false,"isJavaContent":false},{"kind":"binary","path":"d:\\mavenrepo\\com\\netflix\\ribbon\\ribbon-loadbalancer\\2.3.0\\ribbon-loadbalancer-2.3.0.jar","sourceContainerUrl":"file:/d:/mavenrepo/com/netflix/ribbon/ribbon-loadbalancer/2.3.0/ribbon-loadbalancer-2.3.0-sources.jar","javadocContainerUrl":"file:/d:/mavenrepo/com/netflix/ribbon/ribbon-loadbalancer/2.3.0/ribbon-loadbalancer-2.3.0-javadoc.jar","isSystem":false,"isOwn":false,"isTest":false,"isJavaContent":false},{"kind":"binary","path":"d:\\mavenrepo\\com\\netflix\\netflix-commons\\netflix-statistics\\0.1.1\\netflix-statistics-0.1.1.jar","sourceContainerUrl":"file:/d:/mavenrepo/com/netflix/netflix-commons/netflix-statistics/0.1.1/netflix-statistics-0.1.1-sources.jar","javadocContainerUrl":"file:/d:/mavenrepo/com/netflix/netflix-commons/netflix-statistics/0.1.1/netflix-statistics-0.1.1-javadoc.jar","isSystem":false,"isOwn":false,"isTest":false,"isJavaContent":false},{"kind":"binary","path":"d:\\mavenrepo\\io\\reactivex\\rxjava\\1.3.8\\rxjava-1.3.8.jar","sourceContainerUrl":"file:/d:/mavenrepo/io/reactivex/rxjava/1.3.8/rxjava-1.3.8-sources.jar","javadocContainerUrl":"file:/d:/mavenrepo/io/reactivex/rxjava/1.3.8/rxjava-1.3.8-javadoc.jar","isSystem":false,"isOwn":false,"isTest":false,"isJavaContent":false},{"kind":"binary","path":"d:\\mavenrepo\\org\\springframework\\cloud\\spring-cloud-starter-loadbalancer\\2.2.0.RELEASE\\spring-cloud-starter-loadbalancer-2.2.0.RELEASE.jar","isSystem":false,"isOwn":false,"isTest":false,"isJavaContent":false},{"kind":"binary","path":"d:\\mavenrepo\\org\\springframework\\cloud\\spring-cloud-loadbalancer\\2.2.0.RELEASE\\spring-cloud-loadbalancer-2.2.0.RELEASE.jar","sourceContainerUrl":"file:/d:/mavenrepo/org/springframework/cloud/spring-cloud-loadbalancer/2.2.0.RELEASE/spring-cloud-loadbalancer-2.2.0.RELEASE-sources.jar","javadocContainerUrl":"file:/d:/mavenrepo/org/springframework/cloud/spring-cloud-loadbalancer/2.2.0.RELEASE/spring-cloud-loadbalancer-2.2.0.RELEASE-javadoc.jar","isSystem":false,"isOwn":false,"isTest":false,"isJavaContent":false},{"kind":"binary","path":"d:\\mavenrepo\\org\\springframework\\boot\\spring-boot-starter-cache\\2.2.4.RELEASE\\spring-boot-starter-cache-2.2.4.RELEASE.jar","sourceContainerUrl":"file:/d:/mavenrepo/org/springframework/boot/spring-boot-starter-cache/2.2.4.RELEASE/spring-boot-starter-cache-2.2.4.RELEASE-sources.jar","isSystem":false,"isOwn":false,"isTest":false,"isJavaContent":false},{"kind":"binary","path":"d:\\mavenrepo\\org\\springframework\\spring-context-support\\5.2.3.RELEASE\\spring-context-support-5.2.3.RELEASE.jar","sourceContainerUrl":"file:/d:/mavenrepo/org/springframework/spring-context-support/5.2.3.RELEASE/spring-context-support-5.2.3.RELEASE-sources.jar","javadocContainerUrl":"file:/d:/mavenrepo/org/springframework/spring-context-support/5.2.3.RELEASE/spring-context-support-5.2.3.RELEASE-javadoc.jar","isSystem":false,"isOwn":false,"isTest":false,"isJavaContent":false},{"kind":"binary","path":"d:\\mavenrepo\\com\\stoyanr\\evictor\\1.0.0\\evictor-1.0.0.jar","sourceContainerUrl":"file:/d:/mavenrepo/com/stoyanr/evictor/1.0.0/evictor-1.0.0-sources.jar","javadocContainerUrl":"file:/d:/mavenrepo/com/stoyanr/evictor/1.0.0/evictor-1.0.0-javadoc.jar","isSystem":false,"isOwn":false,"isTest":false,"isJavaContent":false},{"kind":"binary","path":"d:\\mavenrepo\\com\\netflix\\ribbon\\ribbon-eureka\\2.3.0\\ribbon-eureka-2.3.0.jar","sourceContainerUrl":"file:/d:/mavenrepo/com/netflix/ribbon/ribbon-eureka/2.3.0/ribbon-eureka-2.3.0-sources.jar","javadocContainerUrl":"file:/d:/mavenrepo/com/netflix/ribbon/ribbon-eureka/2.3.0/ribbon-eureka-2.3.0-javadoc.jar","isSystem":false,"isOwn":false,"isTest":false,"isJavaContent":false},{"kind":"binary","path":"d:\\mavenrepo\\com\\thoughtworks\\xstream\\xstream\\1.4.11.1\\xstream-1.4.11.1.jar","sourceContainerUrl":"file:/d:/mavenrepo/com/thoughtworks/xstream/xstream/1.4.11.1/xstream-1.4.11.1-sources.jar","javadocContainerUrl":"file:/d:/mavenrepo/com/thoughtworks/xstream/xstream/1.4.11.1/xstream-1.4.11.1-javadoc.jar","isSystem":false,"isOwn":false,"isTest":false,"isJavaContent":false},{"kind":"binary","path":"d:\\mavenrepo\\xmlpull\\xmlpull\\1.1.3.1\\xmlpull-1.1.3.1.jar","sourceContainerUrl":"file:/d:/mavenrepo/xmlpull/xmlpull/1.1.3.1/xmlpull-1.1.3.1-sources.jar","isSystem":false,"isOwn":false,"isTest":false,"isJavaContent":false},{"kind":"binary","path":"d:\\mavenrepo\\xpp3\\xpp3_min\\1.1.4c\\xpp3_min-1.1.4c.jar","sourceContainerUrl":"file:/d:/mavenrepo/xpp3/xpp3_min/1.1.4c/xpp3_min-1.1.4c-sources.jar","javadocContainerUrl":"file:/d:/mavenrepo/xpp3/xpp3_min/1.1.4c/xpp3_min-1.1.4c-javadoc.jar","isSystem":false,"isOwn":false,"isTest":false,"isJavaContent":false},{"kind":"binary","path":"d:\\mavenrepo\\org\\springframework\\cloud\\spring-cloud-starter-sleuth\\2.2.0.RELEASE\\spring-cloud-starter-sleuth-2.2.0.RELEASE.jar","isSystem":false,"isOwn":false,"isTest":false,"isJavaContent":false},{"kind":"binary","path":"d:\\mavenrepo\\org\\springframework\\boot\\spring-boot-starter-aop\\2.2.4.RELEASE\\spring-boot-starter-aop-2.2.4.RELEASE.jar","sourceContainerUrl":"file:/d:/mavenrepo/org/springframework/boot/spring-boot-starter-aop/2.2.4.RELEASE/spring-boot-starter-aop-2.2.4.RELEASE-sources.jar","isSystem":false,"isOwn":false,"isTest":false,"isJavaContent":false},{"kind":"binary","path":"d:\\mavenrepo\\org\\springframework\\spring-aop\\5.2.3.RELEASE\\spring-aop-5.2.3.RELEASE.jar","sourceContainerUrl":"file:/d:/mavenrepo/org/springframework/spring-aop/5.2.3.RELEASE/spring-aop-5.2.3.RELEASE-sources.jar","javadocContainerUrl":"file:/d:/mavenrepo/org/springframework/spring-aop/5.2.3.RELEASE/spring-aop-5.2.3.RELEASE-javadoc.jar","isSystem":false,"isOwn":false,"isTest":false,"isJavaContent":false},{"kind":"binary","path":"d:\\mavenrepo\\org\\aspectj\\aspectjweaver\\1.9.5\\aspectjweaver-1.9.5.jar","sourceContainerUrl":"file:/d:/mavenrepo/org/aspectj/aspectjweaver/1.9.5/aspectjweaver-1.9.5-sources.jar","javadocContainerUrl":"file:/d:/mavenrepo/org/aspectj/aspectjweaver/1.9.5/aspectjweaver-1.9.5-javadoc.jar","isSystem":false,"isOwn":false,"isTest":false,"isJavaContent":false},{"kind":"binary","path":"d:\\mavenrepo\\org\\springframework\\cloud\\spring-cloud-sleuth-core\\2.2.0.RELEASE\\spring-cloud-sleuth-core-2.2.0.RELEASE.jar","sourceContainerUrl":"file:/d:/mavenrepo/org/springframework/cloud/spring-cloud-sleuth-core/2.2.0.RELEASE/spring-cloud-sleuth-core-2.2.0.RELEASE-sources.jar","javadocContainerUrl":"file:/d:/mavenrepo/org/springframework/cloud/spring-cloud-sleuth-core/2.2.0.RELEASE/spring-cloud-sleuth-core-2.2.0.RELEASE-javadoc.jar","isSystem":false,"isOwn":false,"isTest":false,"isJavaContent":false},{"kind":"binary","path":"d:\\mavenrepo\\org\\springframework\\spring-context\\5.2.3.RELEASE\\spring-context-5.2.3.RELEASE.jar","sourceContainerUrl":"file:/d:/mavenrepo/org/springframework/spring-context/5.2.3.RELEASE/spring-context-5.2.3.RELEASE-sources.jar","javadocContainerUrl":"file:/d:/mavenrepo/org/springframework/spring-context/5.2.3.RELEASE/spring-context-5.2.3.RELEASE-javadoc.jar","isSystem":false,"isOwn":false,"isTest":false,"isJavaContent":false},{"kind":"binary","path":"d:\\mavenrepo\\org\\aspectj\\aspectjrt\\1.9.5\\aspectjrt-1.9.5.jar","sourceContainerUrl":"file:/d:/mavenrepo/org/aspectj/aspectjrt/1.9.5/aspectjrt-1.9.5-sources.jar","javadocContainerUrl":"file:/d:/mavenrepo/org/aspectj/aspectjrt/1.9.5/aspectjrt-1.9.5-javadoc.jar","isSystem":false,"isOwn":false,"isTest":false,"isJavaContent":false},{"kind":"binary","path":"d:\\mavenrepo\\io\\zipkin\\brave\\brave\\5.9.0\\brave-5.9.0.jar","sourceContainerUrl":"file:/d:/mavenrepo/io/zipkin/brave/brave/5.9.0/brave-5.9.0-sources.jar","javadocContainerUrl":"file:/d:/mavenrepo/io/zipkin/brave/brave/5.9.0/brave-5.9.0-javadoc.jar","isSystem":false,"isOwn":false,"isTest":false,"isJavaContent":false},{"kind":"binary","path":"d:\\mavenrepo\\io\\zipkin\\zipkin2\\zipkin\\2.19.0\\zipkin-2.19.0.jar","sourceContainerUrl":"file:/d:/mavenrepo/io/zipkin/zipkin2/zipkin/2.19.0/zipkin-2.19.0-sources.jar","javadocContainerUrl":"file:/d:/mavenrepo/io/zipkin/zipkin2/zipkin/2.19.0/zipkin-2.19.0-javadoc.jar","isSystem":false,"isOwn":false,"isTest":false,"isJavaContent":false},{"kind":"binary","path":"d:\\mavenrepo\\io\\zipkin\\reporter2\\zipkin-reporter\\2.11.0\\zipkin-reporter-2.11.0.jar","sourceContainerUrl":"file:/d:/mavenrepo/io/zipkin/reporter2/zipkin-reporter/2.11.0/zipkin-reporter-2.11.0-sources.jar","javadocContainerUrl":"file:/d:/mavenrepo/io/zipkin/reporter2/zipkin-reporter/2.11.0/zipkin-reporter-2.11.0-javadoc.jar","isSystem":false,"isOwn":false,"isTest":false,"isJavaContent":false},{"kind":"binary","path":"d:\\mavenrepo\\io\\zipkin\\brave\\brave-context-log4j2\\5.9.0\\brave-context-log4j2-5.9.0.jar","sourceContainerUrl":"file:/d:/mavenrepo/io/zipkin/brave/brave-context-log4j2/5.9.0/brave-context-log4j2-5.9.0-sources.jar","javadocContainerUrl":"file:/d:/mavenrepo/io/zipkin/brave/brave-context-log4j2/5.9.0/brave-context-log4j2-5.9.0-javadoc.jar","isSystem":false,"isOwn":false,"isTest":false,"isJavaContent":false},{"kind":"binary","path":"d:\\mavenrepo\\io\\zipkin\\brave\\brave-instrumentation-messaging\\5.9.0\\brave-instrumentation-messaging-5.9.0.jar","sourceContainerUrl":"file:/d:/mavenrepo/io/zipkin/brave/brave-instrumentation-messaging/5.9.0/brave-instrumentation-messaging-5.9.0-sources.jar","javadocContainerUrl":"file:/d:/mavenrepo/io/zipkin/brave/brave-instrumentation-messaging/5.9.0/brave-instrumentation-messaging-5.9.0-javadoc.jar","isSystem":false,"isOwn":false,"isTest":false,"isJavaContent":false},{"kind":"binary","path":"d:\\mavenrepo\\io\\zipkin\\brave\\brave-instrumentation-rpc\\5.9.0\\brave-instrumentation-rpc-5.9.0.jar","sourceContainerUrl":"file:/d:/mavenrepo/io/zipkin/brave/brave-instrumentation-rpc/5.9.0/brave-instrumentation-rpc-5.9.0-sources.jar","javadocContainerUrl":"file:/d:/mavenrepo/io/zipkin/brave/brave-instrumentation-rpc/5.9.0/brave-instrumentation-rpc-5.9.0-javadoc.jar","isSystem":false,"isOwn":false,"isTest":false,"isJavaContent":false},{"kind":"binary","path":"d:\\mavenrepo\\io\\zipkin\\brave\\brave-instrumentation-spring-web\\5.9.0\\brave-instrumentation-spring-web-5.9.0.jar","sourceContainerUrl":"file:/d:/mavenrepo/io/zipkin/brave/brave-instrumentation-spring-web/5.9.0/brave-instrumentation-spring-web-5.9.0-sources.jar","javadocContainerUrl":"file:/d:/mavenrepo/io/zipkin/brave/brave-instrumentation-spring-web/5.9.0/brave-instrumentation-spring-web-5.9.0-javadoc.jar","isSystem":false,"isOwn":false,"isTest":false,"isJavaContent":false},{"kind":"binary","path":"d:\\mavenrepo\\io\\zipkin\\brave\\brave-instrumentation-http\\5.9.0\\brave-instrumentation-http-5.9.0.jar","sourceContainerUrl":"file:/d:/mavenrepo/io/zipkin/brave/brave-instrumentation-http/5.9.0/brave-instrumentation-http-5.9.0-sources.jar","javadocContainerUrl":"file:/d:/mavenrepo/io/zipkin/brave/brave-instrumentation-http/5.9.0/brave-instrumentation-http-5.9.0-javadoc.jar","isSystem":false,"isOwn":false,"isTest":false,"isJavaContent":false},{"kind":"binary","path":"d:\\mavenrepo\\io\\zipkin\\brave\\brave-instrumentation-spring-rabbit\\5.9.0\\brave-instrumentation-spring-rabbit-5.9.0.jar","sourceContainerUrl":"file:/d:/mavenrepo/io/zipkin/brave/brave-instrumentation-spring-rabbit/5.9.0/brave-instrumentation-spring-rabbit-5.9.0-sources.jar","javadocContainerUrl":"file:/d:/mavenrepo/io/zipkin/brave/brave-instrumentation-spring-rabbit/5.9.0/brave-instrumentation-spring-rabbit-5.9.0-javadoc.jar","isSystem":false,"isOwn":false,"isTest":false,"isJavaContent":false},{"kind":"binary","path":"d:\\mavenrepo\\io\\zipkin\\brave\\brave-instrumentation-kafka-clients\\5.9.0\\brave-instrumentation-kafka-clients-5.9.0.jar","sourceContainerUrl":"file:/d:/mavenrepo/io/zipkin/brave/brave-instrumentation-kafka-clients/5.9.0/brave-instrumentation-kafka-clients-5.9.0-sources.jar","javadocContainerUrl":"file:/d:/mavenrepo/io/zipkin/brave/brave-instrumentation-kafka-clients/5.9.0/brave-instrumentation-kafka-clients-5.9.0-javadoc.jar","isSystem":false,"isOwn":false,"isTest":false,"isJavaContent":false},{"kind":"binary","path":"d:\\mavenrepo\\io\\zipkin\\brave\\brave-instrumentation-kafka-streams\\5.9.0\\brave-instrumentation-kafka-streams-5.9.0.jar","sourceContainerUrl":"file:/d:/mavenrepo/io/zipkin/brave/brave-instrumentation-kafka-streams/5.9.0/brave-instrumentation-kafka-streams-5.9.0-sources.jar","javadocContainerUrl":"file:/d:/mavenrepo/io/zipkin/brave/brave-instrumentation-kafka-streams/5.9.0/brave-instrumentation-kafka-streams-5.9.0-javadoc.jar","isSystem":false,"isOwn":false,"isTest":false,"isJavaContent":false},{"kind":"binary","path":"d:\\mavenrepo\\io\\zipkin\\brave\\brave-instrumentation-httpclient\\5.9.0\\brave-instrumentation-httpclient-5.9.0.jar","sourceContainerUrl":"file:/d:/mavenrepo/io/zipkin/brave/brave-instrumentation-httpclient/5.9.0/brave-instrumentation-httpclient-5.9.0-sources.jar","javadocContainerUrl":"file:/d:/mavenrepo/io/zipkin/brave/brave-instrumentation-httpclient/5.9.0/brave-instrumentation-httpclient-5.9.0-javadoc.jar","isSystem":false,"isOwn":false,"isTest":false,"isJavaContent":false},{"kind":"binary","path":"d:\\mavenrepo\\io\\zipkin\\brave\\brave-instrumentation-httpasyncclient\\5.9.0\\brave-instrumentation-httpasyncclient-5.9.0.jar","sourceContainerUrl":"file:/d:/mavenrepo/io/zipkin/brave/brave-instrumentation-httpasyncclient/5.9.0/brave-instrumentation-httpasyncclient-5.9.0-sources.jar","javadocContainerUrl":"file:/d:/mavenrepo/io/zipkin/brave/brave-instrumentation-httpasyncclient/5.9.0/brave-instrumentation-httpasyncclient-5.9.0-javadoc.jar","isSystem":false,"isOwn":false,"isTest":false,"isJavaContent":false},{"kind":"binary","path":"d:\\mavenrepo\\io\\zipkin\\brave\\brave-instrumentation-spring-webmvc\\5.9.0\\brave-instrumentation-spring-webmvc-5.9.0.jar","sourceContainerUrl":"file:/d:/mavenrepo/io/zipkin/brave/brave-instrumentation-spring-webmvc/5.9.0/brave-instrumentation-spring-webmvc-5.9.0-sources.jar","javadocContainerUrl":"file:/d:/mavenrepo/io/zipkin/brave/brave-instrumentation-spring-webmvc/5.9.0/brave-instrumentation-spring-webmvc-5.9.0-javadoc.jar","isSystem":false,"isOwn":false,"isTest":false,"isJavaContent":false},{"kind":"binary","path":"d:\\mavenrepo\\io\\zipkin\\brave\\brave-instrumentation-servlet\\5.9.0\\brave-instrumentation-servlet-5.9.0.jar","sourceContainerUrl":"file:/d:/mavenrepo/io/zipkin/brave/brave-instrumentation-servlet/5.9.0/brave-instrumentation-servlet-5.9.0-sources.jar","javadocContainerUrl":"file:/d:/mavenrepo/io/zipkin/brave/brave-instrumentation-servlet/5.9.0/brave-instrumentation-servlet-5.9.0-javadoc.jar","isSystem":false,"isOwn":false,"isTest":false,"isJavaContent":false},{"kind":"binary","path":"d:\\mavenrepo\\io\\zipkin\\brave\\brave-instrumentation-jms\\5.9.0\\brave-instrumentation-jms-5.9.0.jar","sourceContainerUrl":"file:/d:/mavenrepo/io/zipkin/brave/brave-instrumentation-jms/5.9.0/brave-instrumentation-jms-5.9.0-sources.jar","javadocContainerUrl":"file:/d:/mavenrepo/io/zipkin/brave/brave-instrumentation-jms/5.9.0/brave-instrumentation-jms-5.9.0-javadoc.jar","isSystem":false,"isOwn":false,"isTest":false,"isJavaContent":false},{"kind":"binary","path":"d:\\mavenrepo\\io\\zipkin\\reporter2\\zipkin-reporter-metrics-micrometer\\2.11.0\\zipkin-reporter-metrics-micrometer-2.11.0.jar","sourceContainerUrl":"file:/d:/mavenrepo/io/zipkin/reporter2/zipkin-reporter-metrics-micrometer/2.11.0/zipkin-reporter-metrics-micrometer-2.11.0-sources.jar","javadocContainerUrl":"file:/d:/mavenrepo/io/zipkin/reporter2/zipkin-reporter-metrics-micrometer/2.11.0/zipkin-reporter-metrics-micrometer-2.11.0-javadoc.jar","isSystem":false,"isOwn":false,"isTest":false,"isJavaContent":false},{"kind":"binary","path":"d:\\mavenrepo\\org\\springframework\\boot\\spring-boot-actuator\\2.2.4.RELEASE\\spring-boot-actuator-2.2.4.RELEASE.jar","sourceContainerUrl":"file:/d:/mavenrepo/org/springframework/boot/spring-boot-actuator/2.2.4.RELEASE/spring-boot-actuator-2.2.4.RELEASE-sources.jar","javadocContainerUrl":"file:/d:/mavenrepo/org/springframework/boot/spring-boot-actuator/2.2.4.RELEASE/spring-boot-actuator-2.2.4.RELEASE-javadoc.jar","isSystem":false,"isOwn":false,"isTest":false,"isJavaContent":false},{"kind":"binary","path":"d:\\mavenrepo\\org\\springframework\\boot\\spring-boot\\2.2.4.RELEASE\\spring-boot-2.2.4.RELEASE.jar","sourceContainerUrl":"file:/d:/mavenrepo/org/springframework/boot/spring-boot/2.2.4.RELEASE/spring-boot-2.2.4.RELEASE-sources.jar","javadocContainerUrl":"file:/d:/mavenrepo/org/springframework/boot/spring-boot/2.2.4.RELEASE/spring-boot-2.2.4.RELEASE-javadoc.jar","isSystem":false,"isOwn":false,"isTest":false,"isJavaContent":false},{"kind":"binary","path":"d:\\mavenrepo\\com\\fasterxml\\jackson\\datatype\\jackson-datatype-jsr310\\2.10.2\\jackson-datatype-jsr310-2.10.2.jar","sourceContainerUrl":"file:/d:/mavenrepo/com/fasterxml/jackson/datatype/jackson-datatype-jsr310/2.10.2/jackson-datatype-jsr310-2.10.2-sources.jar","javadocContainerUrl":"file:/d:/mavenrepo/com/fasterxml/jackson/datatype/jackson-datatype-jsr310/2.10.2/jackson-datatype-jsr310-2.10.2-javadoc.jar","isSystem":false,"isOwn":false,"isTest":false,"isJavaContent":false},{"kind":"binary","path":"d:\\mavenrepo\\org\\springframework\\cloud\\spring-cloud-starter-security\\2.2.0.RELEASE\\spring-cloud-starter-security-2.2.0.RELEASE.jar","isSystem":false,"isOwn":false,"isTest":false,"isJavaContent":false},{"kind":"binary","path":"d:\\mavenrepo\\org\\springframework\\boot\\spring-boot-starter-actuator\\2.2.4.RELEASE\\spring-boot-starter-actuator-2.2.4.RELEASE.jar","sourceContainerUrl":"file:/d:/mavenrepo/org/springframework/boot/spring-boot-starter-actuator/2.2.4.RELEASE/spring-boot-starter-actuator-2.2.4.RELEASE-sources.jar","isSystem":false,"isOwn":false,"isTest":false,"isJavaContent":false},{"kind":"binary","path":"d:\\mavenrepo\\org\\springframework\\boot\\spring-boot-actuator-autoconfigure\\2.2.4.RELEASE\\spring-boot-actuator-autoconfigure-2.2.4.RELEASE.jar","sourceContainerUrl":"file:/d:/mavenrepo/org/springframework/boot/spring-boot-actuator-autoconfigure/2.2.4.RELEASE/spring-boot-actuator-autoconfigure-2.2.4.RELEASE-sources.jar","javadocContainerUrl":"file:/d:/mavenrepo/org/springframework/boot/spring-boot-actuator-autoconfigure/2.2.4.RELEASE/spring-boot-actuator-autoconfigure-2.2.4.RELEASE-javadoc.jar","isSystem":false,"isOwn":false,"isTest":false,"isJavaContent":false},{"kind":"binary","path":"d:\\mavenrepo\\io\\micrometer\\micrometer-core\\1.3.2\\micrometer-core-1.3.2.jar","sourceContainerUrl":"file:/d:/mavenrepo/io/micrometer/micrometer-core/1.3.2/micrometer-core-1.3.2-sources.jar","javadocContainerUrl":"file:/d:/mavenrepo/io/micrometer/micrometer-core/1.3.2/micrometer-core-1.3.2-javadoc.jar","isSystem":false,"isOwn":false,"isTest":false,"isJavaContent":false},{"kind":"binary","path":"d:\\mavenrepo\\org\\hdrhistogram\\HdrHistogram\\2.1.11\\HdrHistogram-2.1.11.jar","sourceContainerUrl":"file:/d:/mavenrepo/org/hdrhistogram/HdrHistogram/2.1.11/HdrHistogram-2.1.11-sources.jar","javadocContainerUrl":"file:/d:/mavenrepo/org/hdrhistogram/HdrHistogram/2.1.11/HdrHistogram-2.1.11-javadoc.jar","isSystem":false,"isOwn":false,"isTest":false,"isJavaContent":false},{"kind":"binary","path":"d:\\mavenrepo\\org\\latencyutils\\LatencyUtils\\2.0.3\\LatencyUtils-2.0.3.jar","sourceContainerUrl":"file:/d:/mavenrepo/org/latencyutils/LatencyUtils/2.0.3/LatencyUtils-2.0.3-sources.jar","javadocContainerUrl":"file:/d:/mavenrepo/org/latencyutils/LatencyUtils/2.0.3/LatencyUtils-2.0.3-javadoc.jar","isSystem":false,"isOwn":false,"isTest":false,"isJavaContent":false},{"kind":"binary","path":"d:\\mavenrepo\\org\\springframework\\cloud\\spring-cloud-security\\2.2.0.RELEASE\\spring-cloud-security-2.2.0.RELEASE.jar","sourceContainerUrl":"file:/d:/mavenrepo/org/springframework/cloud/spring-cloud-security/2.2.0.RELEASE/spring-cloud-security-2.2.0.RELEASE-sources.jar","javadocContainerUrl":"file:/d:/mavenrepo/org/springframework/cloud/spring-cloud-security/2.2.0.RELEASE/spring-cloud-security-2.2.0.RELEASE-javadoc.jar","isSystem":false,"isOwn":false,"isTest":false,"isJavaContent":false},{"kind":"binary","path":"d:\\mavenrepo\\org\\springframework\\boot\\spring-boot-starter-security\\2.2.4.RELEASE\\spring-boot-starter-security-2.2.4.RELEASE.jar","sourceContainerUrl":"file:/d:/mavenrepo/org/springframework/boot/spring-boot-starter-security/2.2.4.RELEASE/spring-boot-starter-security-2.2.4.RELEASE-sources.jar","isSystem":false,"isOwn":false,"isTest":false,"isJavaContent":false},{"kind":"binary","path":"d:\\mavenrepo\\javax\\activation\\javax.activation-api\\1.2.0\\javax.activation-api-1.2.0.jar","sourceContainerUrl":"file:/d:/mavenrepo/javax/activation/javax.activation-api/1.2.0/javax.activation-api-1.2.0-sources.jar","javadocContainerUrl":"file:/d:/mavenrepo/javax/activation/javax.activation-api/1.2.0/javax.activation-api-1.2.0-javadoc.jar","isSystem":false,"isOwn":false,"isTest":false,"isJavaContent":false},{"kind":"binary","path":"d:\\mavenrepo\\javax\\xml\\bind\\jaxb-api\\2.3.1\\jaxb-api-2.3.1.jar","sourceContainerUrl":"file:/d:/mavenrepo/javax/xml/bind/jaxb-api/2.3.1/jaxb-api-2.3.1-sources.jar","javadocContainerUrl":"file:/d:/mavenrepo/javax/xml/bind/jaxb-api/2.3.1/jaxb-api-2.3.1-javadoc.jar","isSystem":false,"isOwn":false,"isTest":false,"isJavaContent":false},{"kind":"binary","path":"d:\\mavenrepo\\org\\springframework\\session\\spring-session-core\\2.2.0.RELEASE\\spring-session-core-2.2.0.RELEASE.jar","sourceContainerUrl":"file:/d:/mavenrepo/org/springframework/session/spring-session-core/2.2.0.RELEASE/spring-session-core-2.2.0.RELEASE-sources.jar","javadocContainerUrl":"file:/d:/mavenrepo/org/springframework/session/spring-session-core/2.2.0.RELEASE/spring-session-core-2.2.0.RELEASE-javadoc.jar","isSystem":false,"isOwn":false,"isTest":false,"isJavaContent":false},{"kind":"binary","path":"d:\\mavenrepo\\org\\springframework\\spring-jcl\\5.2.3.RELEASE\\spring-jcl-5.2.3.RELEASE.jar","sourceContainerUrl":"file:/d:/mavenrepo/org/springframework/spring-jcl/5.2.3.RELEASE/spring-jcl-5.2.3.RELEASE-sources.jar","javadocContainerUrl":"file:/d:/mavenrepo/org/springframework/spring-jcl/5.2.3.RELEASE/spring-jcl-5.2.3.RELEASE-javadoc.jar","isSystem":false,"isOwn":false,"isTest":false,"isJavaContent":false},{"kind":"binary","path":"d:\\mavenrepo\\javax\\servlet\\javax.servlet-api\\4.0.1\\javax.servlet-api-4.0.1.jar","sourceContainerUrl":"file:/d:/mavenrepo/javax/servlet/javax.servlet-api/4.0.1/javax.servlet-api-4.0.1-sources.jar","javadocContainerUrl":"file:/d:/mavenrepo/javax/servlet/javax.servlet-api/4.0.1/javax.servlet-api-4.0.1-javadoc.jar","isSystem":false,"isOwn":false,"isTest":false,"isJavaContent":false},{"kind":"binary","path":"d:\\mavenrepo\\org\\springframework\\boot\\spring-boot-starter-oauth2-client\\2.2.4.RELEASE\\spring-boot-starter-oauth2-client-2.2.4.RELEASE.jar","sourceContainerUrl":"file:/d:/mavenrepo/org/springframework/boot/spring-boot-starter-oauth2-client/2.2.4.RELEASE/spring-boot-starter-oauth2-client-2.2.4.RELEASE-sources.jar","isSystem":false,"isOwn":false,"isTest":false,"isJavaContent":false},{"kind":"binary","path":"d:\\mavenrepo\\org\\springframework\\boot\\spring-boot-starter\\2.2.4.RELEASE\\spring-boot-starter-2.2.4.RELEASE.jar","sourceContainerUrl":"file:/d:/mavenrepo/org/springframework/boot/spring-boot-starter/2.2.4.RELEASE/spring-boot-starter-2.2.4.RELEASE-sources.jar","isSystem":false,"isOwn":false,"isTest":false,"isJavaContent":false},{"kind":"binary","path":"d:\\mavenrepo\\org\\springframework\\boot\\spring-boot-starter-logging\\2.2.4.RELEASE\\spring-boot-starter-logging-2.2.4.RELEASE.jar","sourceContainerUrl":"file:/d:/mavenrepo/org/springframework/boot/spring-boot-starter-logging/2.2.4.RELEASE/spring-boot-starter-logging-2.2.4.RELEASE-sources.jar","isSystem":false,"isOwn":false,"isTest":false,"isJavaContent":false},{"kind":"binary","path":"d:\\mavenrepo\\ch\\qos\\logback\\logback-classic\\1.2.3\\logback-classic-1.2.3.jar","sourceContainerUrl":"file:/d:/mavenrepo/ch/qos/logback/logback-classic/1.2.3/logback-classic-1.2.3-sources.jar","javadocContainerUrl":"file:/d:/mavenrepo/ch/qos/logback/logback-classic/1.2.3/logback-classic-1.2.3-javadoc.jar","isSystem":false,"isOwn":false,"isTest":false,"isJavaContent":false},{"kind":"binary","path":"d:\\mavenrepo\\ch\\qos\\logback\\logback-core\\1.2.3\\logback-core-1.2.3.jar","sourceContainerUrl":"file:/d:/mavenrepo/ch/qos/logback/logback-core/1.2.3/logback-core-1.2.3-sources.jar","javadocContainerUrl":"file:/d:/mavenrepo/ch/qos/logback/logback-core/1.2.3/logback-core-1.2.3-javadoc.jar","isSystem":false,"isOwn":false,"isTest":false,"isJavaContent":false},{"kind":"binary","path":"d:\\mavenrepo\\org\\apache\\logging\\log4j\\log4j-to-slf4j\\2.12.1\\log4j-to-slf4j-2.12.1.jar","sourceContainerUrl":"file:/d:/mavenrepo/org/apache/logging/log4j/log4j-to-slf4j/2.12.1/log4j-to-slf4j-2.12.1-sources.jar","javadocContainerUrl":"file:/d:/mavenrepo/org/apache/logging/log4j/log4j-to-slf4j/2.12.1/log4j-to-slf4j-2.12.1-javadoc.jar","isSystem":false,"isOwn":false,"isTest":false,"isJavaContent":false},{"kind":"binary","path":"d:\\mavenrepo\\org\\apache\\logging\\log4j\\log4j-api\\2.12.1\\log4j-api-2.12.1.jar","sourceContainerUrl":"file:/d:/mavenrepo/org/apache/logging/log4j/log4j-api/2.12.1/log4j-api-2.12.1-sources.jar","javadocContainerUrl":"file:/d:/mavenrepo/org/apache/logging/log4j/log4j-api/2.12.1/log4j-api-2.12.1-javadoc.jar","isSystem":false,"isOwn":false,"isTest":false,"isJavaContent":false},{"kind":"binary","path":"d:\\mavenrepo\\org\\slf4j\\jul-to-slf4j\\1.7.30\\jul-to-slf4j-1.7.30.jar","sourceContainerUrl":"file:/d:/mavenrepo/org/slf4j/jul-to-slf4j/1.7.30/jul-to-slf4j-1.7.30-sources.jar","javadocContainerUrl":"file:/d:/mavenrepo/org/slf4j/jul-to-slf4j/1.7.30/jul-to-slf4j-1.7.30-javadoc.jar","isSystem":false,"isOwn":false,"isTest":false,"isJavaContent":false},{"kind":"binary","path":"d:\\mavenrepo\\jakarta\\annotation\\jakarta.annotation-api\\1.3.5\\jakarta.annotation-api-1.3.5.jar","sourceContainerUrl":"file:/d:/mavenrepo/jakarta/annotation/jakarta.annotation-api/1.3.5/jakarta.annotation-api-1.3.5-sources.jar","javadocContainerUrl":"file:/d:/mavenrepo/jakarta/annotation/jakarta.annotation-api/1.3.5/jakarta.annotation-api-1.3.5-javadoc.jar","isSystem":false,"isOwn":false,"isTest":false,"isJavaContent":false},{"kind":"binary","path":"d:\\mavenrepo\\org\\yaml\\snakeyaml\\1.25\\snakeyaml-1.25.jar","sourceContainerUrl":"file:/d:/mavenrepo/org/yaml/snakeyaml/1.25/snakeyaml-1.25-sources.jar","javadocContainerUrl":"file:/d:/mavenrepo/org/yaml/snakeyaml/1.25/snakeyaml-1.25-javadoc.jar","isSystem":false,"isOwn":false,"isTest":false,"isJavaContent":false},{"kind":"binary","path":"d:\\mavenrepo\\com\\sun\\mail\\jakarta.mail\\1.6.4\\jakarta.mail-1.6.4.jar","sourceContainerUrl":"file:/d:/mavenrepo/com/sun/mail/jakarta.mail/1.6.4/jakarta.mail-1.6.4-sources.jar","javadocContainerUrl":"file:/d:/mavenrepo/com/sun/mail/jakarta.mail/1.6.4/jakarta.mail-1.6.4-javadoc.jar","isSystem":false,"isOwn":false,"isTest":false,"isJavaContent":false},{"kind":"binary","path":"d:\\mavenrepo\\com\\sun\\activation\\jakarta.activation\\1.2.1\\jakarta.activation-1.2.1.jar","sourceContainerUrl":"file:/d:/mavenrepo/com/sun/activation/jakarta.activation/1.2.1/jakarta.activation-1.2.1-sources.jar","javadocContainerUrl":"file:/d:/mavenrepo/com/sun/activation/jakarta.activation/1.2.1/jakarta.activation-1.2.1-javadoc.jar","isSystem":false,"isOwn":false,"isTest":false,"isJavaContent":false},{"kind":"binary","path":"d:\\mavenrepo\\org\\springframework\\security\\spring-security-config\\5.2.1.RELEASE\\spring-security-config-5.2.1.RELEASE.jar","sourceContainerUrl":"file:/d:/mavenrepo/org/springframework/security/spring-security-config/5.2.1.RELEASE/spring-security-config-5.2.1.RELEASE-sources.jar","javadocContainerUrl":"file:/d:/mavenrepo/org/springframework/security/spring-security-config/5.2.1.RELEASE/spring-security-config-5.2.1.RELEASE-javadoc.jar","isSystem":false,"isOwn":false,"isTest":false,"isJavaContent":false},{"kind":"binary","path":"d:\\mavenrepo\\org\\springframework\\spring-beans\\5.2.3.RELEASE\\spring-beans-5.2.3.RELEASE.jar","sourceContainerUrl":"file:/d:/mavenrepo/org/springframework/spring-beans/5.2.3.RELEASE/spring-beans-5.2.3.RELEASE-sources.jar","javadocContainerUrl":"file:/d:/mavenrepo/org/springframework/spring-beans/5.2.3.RELEASE/spring-beans-5.2.3.RELEASE-javadoc.jar","isSystem":false,"isOwn":false,"isTest":false,"isJavaContent":false},{"kind":"binary","path":"d:\\mavenrepo\\org\\springframework\\security\\spring-security-core\\5.2.1.RELEASE\\spring-security-core-5.2.1.RELEASE.jar","sourceContainerUrl":"file:/d:/mavenrepo/org/springframework/security/spring-security-core/5.2.1.RELEASE/spring-security-core-5.2.1.RELEASE-sources.jar","javadocContainerUrl":"file:/d:/mavenrepo/org/springframework/security/spring-security-core/5.2.1.RELEASE/spring-security-core-5.2.1.RELEASE-javadoc.jar","isSystem":false,"isOwn":false,"isTest":false,"isJavaContent":false},{"kind":"binary","path":"d:\\mavenrepo\\org\\springframework\\spring-expression\\5.2.3.RELEASE\\spring-expression-5.2.3.RELEASE.jar","sourceContainerUrl":"file:/d:/mavenrepo/org/springframework/spring-expression/5.2.3.RELEASE/spring-expression-5.2.3.RELEASE-sources.jar","javadocContainerUrl":"file:/d:/mavenrepo/org/springframework/spring-expression/5.2.3.RELEASE/spring-expression-5.2.3.RELEASE-javadoc.jar","isSystem":false,"isOwn":false,"isTest":false,"isJavaContent":false},{"kind":"binary","path":"d:\\mavenrepo\\org\\springframework\\security\\spring-security-oauth2-client\\5.2.1.RELEASE\\spring-security-oauth2-client-5.2.1.RELEASE.jar","sourceContainerUrl":"file:/d:/mavenrepo/org/springframework/security/spring-security-oauth2-client/5.2.1.RELEASE/spring-security-oauth2-client-5.2.1.RELEASE-sources.jar","javadocContainerUrl":"file:/d:/mavenrepo/org/springframework/security/spring-security-oauth2-client/5.2.1.RELEASE/spring-security-oauth2-client-5.2.1.RELEASE-javadoc.jar","isSystem":false,"isOwn":false,"isTest":false,"isJavaContent":false},{"kind":"binary","path":"d:\\mavenrepo\\com\\nimbusds\\oauth2-oidc-sdk\\6.14\\oauth2-oidc-sdk-6.14.jar","sourceContainerUrl":"file:/d:/mavenrepo/com/nimbusds/oauth2-oidc-sdk/6.14/oauth2-oidc-sdk-6.14-sources.jar","javadocContainerUrl":"file:/d:/mavenrepo/com/nimbusds/oauth2-oidc-sdk/6.14/oauth2-oidc-sdk-6.14-javadoc.jar","isSystem":false,"isOwn":false,"isTest":false,"isJavaContent":false},{"kind":"binary","path":"d:\\mavenrepo\\com\\nimbusds\\lang-tag\\1.4.4\\lang-tag-1.4.4.jar","sourceContainerUrl":"file:/d:/mavenrepo/com/nimbusds/lang-tag/1.4.4/lang-tag-1.4.4-sources.jar","javadocContainerUrl":"file:/d:/mavenrepo/com/nimbusds/lang-tag/1.4.4/lang-tag-1.4.4-javadoc.jar","isSystem":false,"isOwn":false,"isTest":false,"isJavaContent":false},{"kind":"binary","path":"d:\\mavenrepo\\org\\springframework\\security\\spring-security-oauth2-core\\5.2.1.RELEASE\\spring-security-oauth2-core-5.2.1.RELEASE.jar","sourceContainerUrl":"file:/d:/mavenrepo/org/springframework/security/spring-security-oauth2-core/5.2.1.RELEASE/spring-security-oauth2-core-5.2.1.RELEASE-sources.jar","javadocContainerUrl":"file:/d:/mavenrepo/org/springframework/security/spring-security-oauth2-core/5.2.1.RELEASE/spring-security-oauth2-core-5.2.1.RELEASE-javadoc.jar","isSystem":false,"isOwn":false,"isTest":false,"isJavaContent":false},{"kind":"binary","path":"d:\\mavenrepo\\org\\springframework\\security\\spring-security-oauth2-jose\\5.2.1.RELEASE\\spring-security-oauth2-jose-5.2.1.RELEASE.jar","sourceContainerUrl":"file:/d:/mavenrepo/org/springframework/security/spring-security-oauth2-jose/5.2.1.RELEASE/spring-security-oauth2-jose-5.2.1.RELEASE-sources.jar","javadocContainerUrl":"file:/d:/mavenrepo/org/springframework/security/spring-security-oauth2-jose/5.2.1.RELEASE/spring-security-oauth2-jose-5.2.1.RELEASE-javadoc.jar","isSystem":false,"isOwn":false,"isTest":false,"isJavaContent":false},{"kind":"binary","path":"d:\\mavenrepo\\org\\springframework\\boot\\spring-boot-starter-oauth2-resource-server\\2.2.4.RELEASE\\spring-boot-starter-oauth2-resource-server-2.2.4.RELEASE.jar","sourceContainerUrl":"file:/d:/mavenrepo/org/springframework/boot/spring-boot-starter-oauth2-resource-server/2.2.4.RELEASE/spring-boot-starter-oauth2-resource-server-2.2.4.RELEASE-sources.jar","isSystem":false,"isOwn":false,"isTest":false,"isJavaContent":false},{"kind":"binary","path":"d:\\mavenrepo\\org\\springframework\\security\\spring-security-oauth2-resource-server\\5.2.1.RELEASE\\spring-security-oauth2-resource-server-5.2.1.RELEASE.jar","sourceContainerUrl":"file:/d:/mavenrepo/org/springframework/security/spring-security-oauth2-resource-server/5.2.1.RELEASE/spring-security-oauth2-resource-server-5.2.1.RELEASE-sources.jar","javadocContainerUrl":"file:/d:/mavenrepo/org/springframework/security/spring-security-oauth2-resource-server/5.2.1.RELEASE/spring-security-oauth2-resource-server-5.2.1.RELEASE-javadoc.jar","isSystem":false,"isOwn":false,"isTest":false,"isJavaContent":false},{"kind":"binary","path":"d:\\mavenrepo\\com\\nimbusds\\nimbus-jose-jwt\\8.4\\nimbus-jose-jwt-8.4.jar","sourceContainerUrl":"file:/d:/mavenrepo/com/nimbusds/nimbus-jose-jwt/8.4/nimbus-jose-jwt-8.4-sources.jar","javadocContainerUrl":"file:/d:/mavenrepo/com/nimbusds/nimbus-jose-jwt/8.4/nimbus-jose-jwt-8.4-javadoc.jar","isSystem":false,"isOwn":false,"isTest":false,"isJavaContent":false},{"kind":"binary","path":"d:\\mavenrepo\\com\\github\\stephenc\\jcip\\jcip-annotations\\1.0-1\\jcip-annotations-1.0-1.jar","sourceContainerUrl":"file:/d:/mavenrepo/com/github/stephenc/jcip/jcip-annotations/1.0-1/jcip-annotations-1.0-1-sources.jar","javadocContainerUrl":"file:/d:/mavenrepo/com/github/stephenc/jcip/jcip-annotations/1.0-1/jcip-annotations-1.0-1-javadoc.jar","isSystem":false,"isOwn":false,"isTest":false,"isJavaContent":false},{"kind":"binary","path":"d:\\mavenrepo\\net\\minidev\\json-smart\\2.3\\json-smart-2.3.jar","sourceContainerUrl":"file:/d:/mavenrepo/net/minidev/json-smart/2.3/json-smart-2.3-sources.jar","javadocContainerUrl":"file:/d:/mavenrepo/net/minidev/json-smart/2.3/json-smart-2.3-javadoc.jar","isSystem":false,"isOwn":false,"isTest":false,"isJavaContent":false},{"kind":"binary","path":"d:\\mavenrepo\\net\\minidev\\accessors-smart\\1.2\\accessors-smart-1.2.jar","sourceContainerUrl":"file:/d:/mavenrepo/net/minidev/accessors-smart/1.2/accessors-smart-1.2-sources.jar","javadocContainerUrl":"file:/d:/mavenrepo/net/minidev/accessors-smart/1.2/accessors-smart-1.2-javadoc.jar","isSystem":false,"isOwn":false,"isTest":false,"isJavaContent":false},{"kind":"binary","path":"d:\\mavenrepo\\org\\ow2\\asm\\asm\\5.0.4\\asm-5.0.4.jar","sourceContainerUrl":"file:/d:/mavenrepo/org/ow2/asm/asm/5.0.4/asm-5.0.4-sources.jar","javadocContainerUrl":"file:/d:/mavenrepo/org/ow2/asm/asm/5.0.4/asm-5.0.4-javadoc.jar","isSystem":false,"isOwn":false,"isTest":false,"isJavaContent":false},{"kind":"binary","path":"d:\\mavenrepo\\org\\webjars\\webjars-locator\\0.38\\webjars-locator-0.38.jar","sourceContainerUrl":"file:/d:/mavenrepo/org/webjars/webjars-locator/0.38/webjars-locator-0.38-sources.jar","javadocContainerUrl":"file:/d:/mavenrepo/org/webjars/webjars-locator/0.38/webjars-locator-0.38-javadoc.jar","isSystem":false,"isOwn":false,"isTest":false,"isJavaContent":false},{"kind":"binary","path":"d:\\mavenrepo\\org\\webjars\\webjars-locator-core\\0.41\\webjars-locator-core-0.41.jar","sourceContainerUrl":"file:/d:/mavenrepo/org/webjars/webjars-locator-core/0.41/webjars-locator-core-0.41-sources.jar","javadocContainerUrl":"file:/d:/mavenrepo/org/webjars/webjars-locator-core/0.41/webjars-locator-core-0.41-javadoc.jar","isSystem":false,"isOwn":false,"isTest":false,"isJavaContent":false},{"kind":"binary","path":"d:\\mavenrepo\\io\\github\\classgraph\\classgraph\\4.8.44\\classgraph-4.8.44.jar","sourceContainerUrl":"file:/d:/mavenrepo/io/github/classgraph/classgraph/4.8.44/classgraph-4.8.44-sources.jar","javadocContainerUrl":"file:/d:/mavenrepo/io/github/classgraph/classgraph/4.8.44/classgraph-4.8.44-javadoc.jar","isSystem":false,"isOwn":false,"isTest":false,"isJavaContent":false},{"kind":"binary","path":"d:\\mavenrepo\\org\\webjars\\npm\\angular__http\\2.4.10\\angular__http-2.4.10.jar","sourceContainerUrl":"file:/d:/mavenrepo/org/webjars/npm/angular__http/2.4.10/angular__http-2.4.10-sources.jar","javadocContainerUrl":"file:/d:/mavenrepo/org/webjars/npm/angular__http/2.4.10/angular__http-2.4.10-javadoc.jar","isSystem":false,"isOwn":false,"isTest":false,"isJavaContent":false},{"kind":"binary","path":"d:\\mavenrepo\\com\\fasterxml\\jackson\\core\\jackson-databind\\2.10.2\\jackson-databind-2.10.2.jar","sourceContainerUrl":"file:/d:/mavenrepo/com/fasterxml/jackson/core/jackson-databind/2.10.2/jackson-databind-2.10.2-sources.jar","javadocContainerUrl":"file:/d:/mavenrepo/com/fasterxml/jackson/core/jackson-databind/2.10.2/jackson-databind-2.10.2-javadoc.jar","isSystem":false,"isOwn":false,"isTest":false,"isJavaContent":false},{"kind":"binary","path":"d:\\mavenrepo\\org\\apache\\commons\\commons-lang3\\3.9\\commons-lang3-3.9.jar","sourceContainerUrl":"file:/d:/mavenrepo/org/apache/commons/commons-lang3/3.9/commons-lang3-3.9-sources.jar","javadocContainerUrl":"file:/d:/mavenrepo/org/apache/commons/commons-lang3/3.9/commons-lang3-3.9-javadoc.jar","isSystem":false,"isOwn":false,"isTest":false,"isJavaContent":false},{"kind":"binary","path":"d:\\mavenrepo\\org\\springframework\\boot\\spring-boot-starter-thymeleaf\\2.2.4.RELEASE\\spring-boot-starter-thymeleaf-2.2.4.RELEASE.jar","sourceContainerUrl":"file:/d:/mavenrepo/org/springframework/boot/spring-boot-starter-thymeleaf/2.2.4.RELEASE/spring-boot-starter-thymeleaf-2.2.4.RELEASE-sources.jar","isSystem":false,"isOwn":false,"isTest":false,"isJavaContent":false},{"kind":"binary","path":"d:\\mavenrepo\\org\\thymeleaf\\thymeleaf-spring5\\3.0.11.RELEASE\\thymeleaf-spring5-3.0.11.RELEASE.jar","sourceContainerUrl":"file:/d:/mavenrepo/org/thymeleaf/thymeleaf-spring5/3.0.11.RELEASE/thymeleaf-spring5-3.0.11.RELEASE-sources.jar","javadocContainerUrl":"file:/d:/mavenrepo/org/thymeleaf/thymeleaf-spring5/3.0.11.RELEASE/thymeleaf-spring5-3.0.11.RELEASE-javadoc.jar","isSystem":false,"isOwn":false,"isTest":false,"isJavaContent":false},{"kind":"binary","path":"d:\\mavenrepo\\org\\thymeleaf\\thymeleaf\\3.0.11.RELEASE\\thymeleaf-3.0.11.RELEASE.jar","sourceContainerUrl":"file:/d:/mavenrepo/org/thymeleaf/thymeleaf/3.0.11.RELEASE/thymeleaf-3.0.11.RELEASE-sources.jar","javadocContainerUrl":"file:/d:/mavenrepo/org/thymeleaf/thymeleaf/3.0.11.RELEASE/thymeleaf-3.0.11.RELEASE-javadoc.jar","isSystem":false,"isOwn":false,"isTest":false,"isJavaContent":false},{"kind":"binary","path":"d:\\mavenrepo\\org\\attoparser\\attoparser\\2.0.5.RELEASE\\attoparser-2.0.5.RELEASE.jar","sourceContainerUrl":"file:/d:/mavenrepo/org/attoparser/attoparser/2.0.5.RELEASE/attoparser-2.0.5.RELEASE-sources.jar","javadocContainerUrl":"file:/d:/mavenrepo/org/attoparser/attoparser/2.0.5.RELEASE/attoparser-2.0.5.RELEASE-javadoc.jar","isSystem":false,"isOwn":false,"isTest":false,"isJavaContent":false},{"kind":"binary","path":"d:\\mavenrepo\\org\\unbescape\\unbescape\\1.1.6.RELEASE\\unbescape-1.1.6.RELEASE.jar","sourceContainerUrl":"file:/d:/mavenrepo/org/unbescape/unbescape/1.1.6.RELEASE/unbescape-1.1.6.RELEASE-sources.jar","javadocContainerUrl":"file:/d:/mavenrepo/org/unbescape/unbescape/1.1.6.RELEASE/unbescape-1.1.6.RELEASE-javadoc.jar","isSystem":false,"isOwn":false,"isTest":false,"isJavaContent":false},{"kind":"binary","path":"d:\\mavenrepo\\org\\thymeleaf\\extras\\thymeleaf-extras-java8time\\3.0.4.RELEASE\\thymeleaf-extras-java8time-3.0.4.RELEASE.jar","sourceContainerUrl":"file:/d:/mavenrepo/org/thymeleaf/extras/thymeleaf-extras-java8time/3.0.4.RELEASE/thymeleaf-extras-java8time-3.0.4.RELEASE-sources.jar","javadocContainerUrl":"file:/d:/mavenrepo/org/thymeleaf/extras/thymeleaf-extras-java8time/3.0.4.RELEASE/thymeleaf-extras-java8time-3.0.4.RELEASE-javadoc.jar","isSystem":false,"isOwn":false,"isTest":false,"isJavaContent":false},{"kind":"binary","path":"d:\\mavenrepo\\org\\thymeleaf\\extras\\thymeleaf-extras-springsecurity5\\3.0.4.RELEASE\\thymeleaf-extras-springsecurity5-3.0.4.RELEASE.jar","sourceContainerUrl":"file:/d:/mavenrepo/org/thymeleaf/extras/thymeleaf-extras-springsecurity5/3.0.4.RELEASE/thymeleaf-extras-springsecurity5-3.0.4.RELEASE-sources.jar","javadocContainerUrl":"file:/d:/mavenrepo/org/thymeleaf/extras/thymeleaf-extras-springsecurity5/3.0.4.RELEASE/thymeleaf-extras-springsecurity5-3.0.4.RELEASE-javadoc.jar","isSystem":false,"isOwn":false,"isTest":false,"isJavaContent":false},{"kind":"binary","path":"d:\\mavenrepo\\org\\slf4j\\slf4j-api\\1.7.30\\slf4j-api-1.7.30.jar","sourceContainerUrl":"file:/d:/mavenrepo/org/slf4j/slf4j-api/1.7.30/slf4j-api-1.7.30-sources.jar","javadocContainerUrl":"file:/d:/mavenrepo/org/slf4j/slf4j-api/1.7.30/slf4j-api-1.7.30-javadoc.jar","isSystem":false,"isOwn":false,"isTest":false,"isJavaContent":false},{"kind":"binary","path":"d:\\mavenrepo\\org\\projectlombok\\lombok\\1.18.10\\lombok-1.18.10.jar","sourceContainerUrl":"file:/d:/mavenrepo/org/projectlombok/lombok/1.18.10/lombok-1.18.10-sources.jar","javadocContainerUrl":"file:/d:/mavenrepo/org/projectlombok/lombok/1.18.10/lombok-1.18.10-javadoc.jar","isSystem":false,"isOwn":false,"isTest":false,"isJavaContent":false},{"kind":"binary","path":"d:\\mavenrepo\\org\\springframework\\boot\\spring-boot-devtools\\2.2.4.RELEASE\\spring-boot-devtools-2.2.4.RELEASE.jar","sourceContainerUrl":"file:/d:/mavenrepo/org/springframework/boot/spring-boot-devtools/2.2.4.RELEASE/spring-boot-devtools-2.2.4.RELEASE-sources.jar","javadocContainerUrl":"file:/d:/mavenrepo/org/springframework/boot/spring-boot-devtools/2.2.4.RELEASE/spring-boot-devtools-2.2.4.RELEASE-javadoc.jar","isSystem":false,"isOwn":false,"isTest":false,"isJavaContent":false},{"kind":"binary","path":"d:\\mavenrepo\\org\\springframework\\boot\\spring-boot-autoconfigure\\2.2.4.RELEASE\\spring-boot-autoconfigure-2.2.4.RELEASE.jar","sourceContainerUrl":"file:/d:/mavenrepo/org/springframework/boot/spring-boot-autoconfigure/2.2.4.RELEASE/spring-boot-autoconfigure-2.2.4.RELEASE-sources.jar","javadocContainerUrl":"file:/d:/mavenrepo/org/springframework/boot/spring-boot-autoconfigure/2.2.4.RELEASE/spring-boot-autoconfigure-2.2.4.RELEASE-javadoc.jar","isSystem":false,"isOwn":false,"isTest":false,"isJavaContent":false},{"kind":"binary","path":"d:\\mavenrepo\\org\\springframework\\security\\spring-security-test\\5.2.1.RELEASE\\spring-security-test-5.2.1.RELEASE.jar","sourceContainerUrl":"file:/d:/mavenrepo/org/springframework/security/spring-security-test/5.2.1.RELEASE/spring-security-test-5.2.1.RELEASE-sources.jar","javadocContainerUrl":"file:/d:/mavenrepo/org/springframework/security/spring-security-test/5.2.1.RELEASE/spring-security-test-5.2.1.RELEASE-javadoc.jar","isSystem":false,"isOwn":false,"isTest":false,"isJavaContent":false},{"kind":"binary","path":"d:\\mavenrepo\\org\\springframework\\security\\spring-security-web\\5.2.1.RELEASE\\spring-security-web-5.2.1.RELEASE.jar","sourceContainerUrl":"file:/d:/mavenrepo/org/springframework/security/spring-security-web/5.2.1.RELEASE/spring-security-web-5.2.1.RELEASE-sources.jar","javadocContainerUrl":"file:/d:/mavenrepo/org/springframework/security/spring-security-web/5.2.1.RELEASE/spring-security-web-5.2.1.RELEASE-javadoc.jar","isSystem":false,"isOwn":false,"isTest":false,"isJavaContent":false},{"kind":"binary","path":"d:\\mavenrepo\\org\\springframework\\spring-core\\5.2.3.RELEASE\\spring-core-5.2.3.RELEASE.jar","sourceContainerUrl":"file:/d:/mavenrepo/org/springframework/spring-core/5.2.3.RELEASE/spring-core-5.2.3.RELEASE-sources.jar","javadocContainerUrl":"file:/d:/mavenrepo/org/springframework/spring-core/5.2.3.RELEASE/spring-core-5.2.3.RELEASE-javadoc.jar","isSystem":false,"isOwn":false,"isTest":false,"isJavaContent":false},{"kind":"binary","path":"d:\\mavenrepo\\org\\springframework\\spring-test\\5.2.3.RELEASE\\spring-test-5.2.3.RELEASE.jar","sourceContainerUrl":"file:/d:/mavenrepo/org/springframework/spring-test/5.2.3.RELEASE/spring-test-5.2.3.RELEASE-sources.jar","javadocContainerUrl":"file:/d:/mavenrepo/org/springframework/spring-test/5.2.3.RELEASE/spring-test-5.2.3.RELEASE-javadoc.jar","isSystem":false,"isOwn":false,"isTest":false,"isJavaContent":false},{"kind":"binary","path":"d:\\mavenrepo\\org\\springframework\\boot\\spring-boot-starter-test\\2.2.4.RELEASE\\spring-boot-starter-test-2.2.4.RELEASE.jar","sourceContainerUrl":"file:/d:/mavenrepo/org/springframework/boot/spring-boot-starter-test/2.2.4.RELEASE/spring-boot-starter-test-2.2.4.RELEASE-sources.jar","isSystem":false,"isOwn":false,"isTest":false,"isJavaContent":false},{"kind":"binary","path":"d:\\mavenrepo\\org\\springframework\\boot\\spring-boot-test\\2.2.4.RELEASE\\spring-boot-test-2.2.4.RELEASE.jar","sourceContainerUrl":"file:/d:/mavenrepo/org/springframework/boot/spring-boot-test/2.2.4.RELEASE/spring-boot-test-2.2.4.RELEASE-sources.jar","javadocContainerUrl":"file:/d:/mavenrepo/org/springframework/boot/spring-boot-test/2.2.4.RELEASE/spring-boot-test-2.2.4.RELEASE-javadoc.jar","isSystem":false,"isOwn":false,"isTest":false,"isJavaContent":false},{"kind":"binary","path":"d:\\mavenrepo\\org\\springframework\\boot\\spring-boot-test-autoconfigure\\2.2.4.RELEASE\\spring-boot-test-autoconfigure-2.2.4.RELEASE.jar","sourceContainerUrl":"file:/d:/mavenrepo/org/springframework/boot/spring-boot-test-autoconfigure/2.2.4.RELEASE/spring-boot-test-autoconfigure-2.2.4.RELEASE-sources.jar","javadocContainerUrl":"file:/d:/mavenrepo/org/springframework/boot/spring-boot-test-autoconfigure/2.2.4.RELEASE/spring-boot-test-autoconfigure-2.2.4.RELEASE-javadoc.jar","isSystem":false,"isOwn":false,"isTest":false,"isJavaContent":false},{"kind":"binary","path":"d:\\mavenrepo\\com\\jayway\\jsonpath\\json-path\\2.4.0\\json-path-2.4.0.jar","sourceContainerUrl":"file:/d:/mavenrepo/com/jayway/jsonpath/json-path/2.4.0/json-path-2.4.0-sources.jar","javadocContainerUrl":"file:/d:/mavenrepo/com/jayway/jsonpath/json-path/2.4.0/json-path-2.4.0-javadoc.jar","isSystem":false,"isOwn":false,"isTest":false,"isJavaContent":false},{"kind":"binary","path":"d:\\mavenrepo\\jakarta\\xml\\bind\\jakarta.xml.bind-api\\2.3.2\\jakarta.xml.bind-api-2.3.2.jar","sourceContainerUrl":"file:/d:/mavenrepo/jakarta/xml/bind/jakarta.xml.bind-api/2.3.2/jakarta.xml.bind-api-2.3.2-sources.jar","javadocContainerUrl":"file:/d:/mavenrepo/jakarta/xml/bind/jakarta.xml.bind-api/2.3.2/jakarta.xml.bind-api-2.3.2-javadoc.jar","isSystem":false,"isOwn":false,"isTest":false,"isJavaContent":false},{"kind":"binary","path":"d:\\mavenrepo\\jakarta\\activation\\jakarta.activation-api\\1.2.1\\jakarta.activation-api-1.2.1.jar","sourceContainerUrl":"file:/d:/mavenrepo/jakarta/activation/jakarta.activation-api/1.2.1/jakarta.activation-api-1.2.1-sources.jar","javadocContainerUrl":"file:/d:/mavenrepo/jakarta/activation/jakarta.activation-api/1.2.1/jakarta.activation-api-1.2.1-javadoc.jar","isSystem":false,"isOwn":false,"isTest":false,"isJavaContent":false},{"kind":"binary","path":"d:\\mavenrepo\\org\\junit\\jupiter\\junit-jupiter\\5.5.2\\junit-jupiter-5.5.2.jar","sourceContainerUrl":"file:/d:/mavenrepo/org/junit/jupiter/junit-jupiter/5.5.2/junit-jupiter-5.5.2-sources.jar","javadocContainerUrl":"file:/d:/mavenrepo/org/junit/jupiter/junit-jupiter/5.5.2/junit-jupiter-5.5.2-javadoc.jar","isSystem":false,"isOwn":false,"isTest":false,"isJavaContent":false},{"kind":"binary","path":"d:\\mavenrepo\\org\\junit\\jupiter\\junit-jupiter-api\\5.5.2\\junit-jupiter-api-5.5.2.jar","sourceContainerUrl":"file:/d:/mavenrepo/org/junit/jupiter/junit-jupiter-api/5.5.2/junit-jupiter-api-5.5.2-sources.jar","javadocContainerUrl":"file:/d:/mavenrepo/org/junit/jupiter/junit-jupiter-api/5.5.2/junit-jupiter-api-5.5.2-javadoc.jar","isSystem":false,"isOwn":false,"isTest":false,"isJavaContent":false},{"kind":"binary","path":"d:\\mavenrepo\\org\\apiguardian\\apiguardian-api\\1.1.0\\apiguardian-api-1.1.0.jar","sourceContainerUrl":"file:/d:/mavenrepo/org/apiguardian/apiguardian-api/1.1.0/apiguardian-api-1.1.0-sources.jar","javadocContainerUrl":"file:/d:/mavenrepo/org/apiguardian/apiguardian-api/1.1.0/apiguardian-api-1.1.0-javadoc.jar","isSystem":false,"isOwn":false,"isTest":false,"isJavaContent":false},{"kind":"binary","path":"d:\\mavenrepo\\org\\opentest4j\\opentest4j\\1.2.0\\opentest4j-1.2.0.jar","sourceContainerUrl":"file:/d:/mavenrepo/org/opentest4j/opentest4j/1.2.0/opentest4j-1.2.0-sources.jar","javadocContainerUrl":"file:/d:/mavenrepo/org/opentest4j/opentest4j/1.2.0/opentest4j-1.2.0-javadoc.jar","isSystem":false,"isOwn":false,"isTest":false,"isJavaContent":false},{"kind":"binary","path":"d:\\mavenrepo\\org\\junit\\platform\\junit-platform-commons\\1.5.2\\junit-platform-commons-1.5.2.jar","sourceContainerUrl":"file:/d:/mavenrepo/org/junit/platform/junit-platform-commons/1.5.2/junit-platform-commons-1.5.2-sources.jar","javadocContainerUrl":"file:/d:/mavenrepo/org/junit/platform/junit-platform-commons/1.5.2/junit-platform-commons-1.5.2-javadoc.jar","isSystem":false,"isOwn":false,"isTest":false,"isJavaContent":false},{"kind":"binary","path":"d:\\mavenrepo\\org\\junit\\jupiter\\junit-jupiter-params\\5.5.2\\junit-jupiter-params-5.5.2.jar","sourceContainerUrl":"file:/d:/mavenrepo/org/junit/jupiter/junit-jupiter-params/5.5.2/junit-jupiter-params-5.5.2-sources.jar","javadocContainerUrl":"file:/d:/mavenrepo/org/junit/jupiter/junit-jupiter-params/5.5.2/junit-jupiter-params-5.5.2-javadoc.jar","isSystem":false,"isOwn":false,"isTest":false,"isJavaContent":false},{"kind":"binary","path":"d:\\mavenrepo\\org\\junit\\jupiter\\junit-jupiter-engine\\5.5.2\\junit-jupiter-engine-5.5.2.jar","sourceContainerUrl":"file:/d:/mavenrepo/org/junit/jupiter/junit-jupiter-engine/5.5.2/junit-jupiter-engine-5.5.2-sources.jar","javadocContainerUrl":"file:/d:/mavenrepo/org/junit/jupiter/junit-jupiter-engine/5.5.2/junit-jupiter-engine-5.5.2-javadoc.jar","isSystem":false,"isOwn":false,"isTest":false,"isJavaContent":false},{"kind":"binary","path":"d:\\mavenrepo\\org\\junit\\platform\\junit-platform-engine\\1.5.2\\junit-platform-engine-1.5.2.jar","sourceContainerUrl":"file:/d:/mavenrepo/org/junit/platform/junit-platform-engine/1.5.2/junit-platform-engine-1.5.2-sources.jar","javadocContainerUrl":"file:/d:/mavenrepo/org/junit/platform/junit-platform-engine/1.5.2/junit-platform-engine-1.5.2-javadoc.jar","isSystem":false,"isOwn":false,"isTest":false,"isJavaContent":false},{"kind":"binary","path":"d:\\mavenrepo\\org\\mockito\\mockito-junit-jupiter\\3.1.0\\mockito-junit-jupiter-3.1.0.jar","sourceContainerUrl":"file:/d:/mavenrepo/org/mockito/mockito-junit-jupiter/3.1.0/mockito-junit-jupiter-3.1.0-sources.jar","javadocContainerUrl":"file:/d:/mavenrepo/org/mockito/mockito-junit-jupiter/3.1.0/mockito-junit-jupiter-3.1.0-javadoc.jar","isSystem":false,"isOwn":false,"isTest":false,"isJavaContent":false},{"kind":"binary","path":"d:\\mavenrepo\\org\\assertj\\assertj-core\\3.13.2\\assertj-core-3.13.2.jar","sourceContainerUrl":"file:/d:/mavenrepo/org/assertj/assertj-core/3.13.2/assertj-core-3.13.2-sources.jar","javadocContainerUrl":"file:/d:/mavenrepo/org/assertj/assertj-core/3.13.2/assertj-core-3.13.2-javadoc.jar","isSystem":false,"isOwn":false,"isTest":false,"isJavaContent":false},{"kind":"binary","path":"d:\\mavenrepo\\org\\hamcrest\\hamcrest\\2.1\\hamcrest-2.1.jar","sourceContainerUrl":"file:/d:/mavenrepo/org/hamcrest/hamcrest/2.1/hamcrest-2.1-sources.jar","javadocContainerUrl":"file:/d:/mavenrepo/org/hamcrest/hamcrest/2.1/hamcrest-2.1-javadoc.jar","isSystem":false,"isOwn":false,"isTest":false,"isJavaContent":false},{"kind":"binary","path":"d:\\mavenrepo\\org\\mockito\\mockito-core\\3.1.0\\mockito-core-3.1.0.jar","sourceContainerUrl":"file:/d:/mavenrepo/org/mockito/mockito-core/3.1.0/mockito-core-3.1.0-sources.jar","javadocContainerUrl":"file:/d:/mavenrepo/org/mockito/mockito-core/3.1.0/mockito-core-3.1.0-javadoc.jar","isSystem":false,"isOwn":false,"isTest":false,"isJavaContent":false},{"kind":"binary","path":"d:\\mavenrepo\\net\\bytebuddy\\byte-buddy\\1.10.6\\byte-buddy-1.10.6.jar","sourceContainerUrl":"file:/d:/mavenrepo/net/bytebuddy/byte-buddy/1.10.6/byte-buddy-1.10.6-sources.jar","javadocContainerUrl":"file:/d:/mavenrepo/net/bytebuddy/byte-buddy/1.10.6/byte-buddy-1.10.6-javadoc.jar","isSystem":false,"isOwn":false,"isTest":false,"isJavaContent":false},{"kind":"binary","path":"d:\\mavenrepo\\net\\bytebuddy\\byte-buddy-agent\\1.10.6\\byte-buddy-agent-1.10.6.jar","sourceContainerUrl":"file:/d:/mavenrepo/net/bytebuddy/byte-buddy-agent/1.10.6/byte-buddy-agent-1.10.6-sources.jar","javadocContainerUrl":"file:/d:/mavenrepo/net/bytebuddy/byte-buddy-agent/1.10.6/byte-buddy-agent-1.10.6-javadoc.jar","isSystem":false,"isOwn":false,"isTest":false,"isJavaContent":false},{"kind":"binary","path":"d:\\mavenrepo\\org\\objenesis\\objenesis\\2.6\\objenesis-2.6.jar","sourceContainerUrl":"file:/d:/mavenrepo/org/objenesis/objenesis/2.6/objenesis-2.6-sources.jar","javadocContainerUrl":"file:/d:/mavenrepo/org/objenesis/objenesis/2.6/objenesis-2.6-javadoc.jar","isSystem":false,"isOwn":false,"isTest":false,"isJavaContent":false},{"kind":"binary","path":"d:\\mavenrepo\\org\\skyscreamer\\jsonassert\\1.5.0\\jsonassert-1.5.0.jar","sourceContainerUrl":"file:/d:/mavenrepo/org/skyscreamer/jsonassert/1.5.0/jsonassert-1.5.0-sources.jar","javadocContainerUrl":"file:/d:/mavenrepo/org/skyscreamer/jsonassert/1.5.0/jsonassert-1.5.0-javadoc.jar","isSystem":false,"isOwn":false,"isTest":false,"isJavaContent":false},{"kind":"binary","path":"d:\\mavenrepo\\com\\vaadin\\external\\google\\android-json\\0.0.20131108.vaadin1\\android-json-0.0.20131108.vaadin1.jar","sourceContainerUrl":"file:/d:/mavenrepo/com/vaadin/external/google/android-json/0.0.20131108.vaadin1/android-json-0.0.20131108.vaadin1-sources.jar","javadocContainerUrl":"file:/d:/mavenrepo/com/vaadin/external/google/android-json/0.0.20131108.vaadin1/android-json-0.0.20131108.vaadin1-javadoc.jar","isSystem":false,"isOwn":false,"isTest":false,"isJavaContent":false},{"kind":"binary","path":"d:\\mavenrepo\\org\\xmlunit\\xmlunit-core\\2.6.3\\xmlunit-core-2.6.3.jar","sourceContainerUrl":"file:/d:/mavenrepo/org/xmlunit/xmlunit-core/2.6.3/xmlunit-core-2.6.3-sources.jar","javadocContainerUrl":"file:/d:/mavenrepo/org/xmlunit/xmlunit-core/2.6.3/xmlunit-core-2.6.3-javadoc.jar","isSystem":false,"isOwn":false,"isTest":false,"isJavaContent":false},{"kind":"source","path":"d:\\sigdev\\mworx\\gateway-service\\src\\main\\java","outputFolder":"d:\\sigdev\\mworx\\gateway-service\\target\\classes","javadocContainerUrl":"file:/d:/sigdev/mworx/gateway-service/target/site/apidocs","isSystem":false,"isOwn":true,"isTest":false,"isJavaContent":true},{"kind":"source","path":"d:\\sigdev\\mworx\\gateway-service\\src\\test\\java","outputFolder":"d:\\sigdev\\mworx\\gateway-service\\target\\test-classes","javadocContainerUrl":"file:/d:/sigdev/mworx/gateway-service/target/site/apidocs","isSystem":false,"isOwn":true,"isTest":true,"isJavaContent":true},{"kind":"source","path":"d:\\sigdev\\mworx\\gateway-service\\src\\main\\resources","outputFolder":"d:\\sigdev\\mworx\\gateway-service\\target\\classes","isSystem":false,"isOwn":true,"isTest":false,"isJavaContent":false},{"kind":"source","path":"d:\\sigdev\\mworx\\gateway-service\\src\\test\\resources","outputFolder":"d:\\sigdev\\mworx\\gateway-service\\target\\test-classes","isSystem":false,"isOwn":true,"isTest":true,"isJavaContent":false},{"kind":"source","path":"d:\\sigdev\\mworx\\gateway-service\\src\\test\\java","outputFolder":"d:\\sigdev\\mworx\\gateway-service\\target\\test-classes","javadocContainerUrl":"file:/d:/sigdev/mworx/gateway-service/target/site/apidocs","isSystem":false,"isOwn":true,"isTest":false,"isJavaContent":false}]}