<?xml version="1.0" encoding="UTF-8"?>
<!DOCTYPE hibernate-reverse-engineering
        SYSTEM "http://hibernate.sourceforge.net/hibernate-reverse-engineering-3.0.dtd" >
<hibernate-reverse-engineering>

   <!-- <schema-selection match-schema="auth" />-->
    <!-- exclude all database changelog tables from the schema -->
    <type-mapping>
        <sql-type jdbc-type="INTEGER" hibernate-type="Integer"/>
    </type-mapping>
    <table-filter match-name="databasechange.*" exclude="true" />
    <table name="role_lob_permit">
        <primary-key>
            <generator class="identity"/>
        </primary-key>
    </table>
    <table name="sec_company">
        <primary-key>
            <generator class="identity"/>
        </primary-key>
    </table>
    <table name="sec_department">
        <primary-key>
            <generator class="identity"/>
        </primary-key>
    </table>
    <table name="sec_permit">
        <primary-key>
            <generator class="identity"/>
        </primary-key>
    </table>
    <table name="sec_role">
        <primary-key>
            <generator class="identity"/>
        </primary-key>
    </table>
    <table name="user_basic">
        <primary-key>
            <generator class="identity"/>
        </primary-key>
    </table>
    <table name="user_login">
        <primary-key>
            <generator class="identity"/>
        </primary-key>
    </table>
    <table name="user_contact">
        <primary-key>
            <generator class="identity"/>
        </primary-key>
    </table>

</hibernate-reverse-engineering>