<cache2k xmlns:xsi='http://www.w3.org/2001/XMLSchema-instance'
	xmlns='https://cache2k.org/schema/v1.x'
	xsi:schemaLocation="https://cache2k.org/schema/v1.x https://cache2k.org/schema/cache2k-core-v1.x.xsd">
	<!-- The configuration example for the documentation -->
	<version>1.0</version>
	<skipCheckOnStartup>true</skipCheckOnStartup>
	<defaults>
		<cache>
			<entryCapacity>100_000</entryCapacity>
		</cache>
	</defaults>
	<templates>
		<cache>
			<name>regularExpiry</name>
			<expireAfterWrite>5h</expireAfterWrite>
		</cache>
	</templates>
</cache2k>