<?xml version="1.0" encoding="UTF-8"?>
<!-- To capture log statements before logging system is initialized -->
<Configuration status="info" package="com.dsths.common.container.log4j2" monitorInterval="60">
  <Appenders>
    <Console name="ServerConsole" target="SYSTEM_OUT">
      <PatternLayout pattern="[%-5level] %d{yyyy-MM-dd HH:mm:ss.SSS} [%t] %c{1} - %msg%n"/>
    </Console>
    <DeferredAppender name="DeferredAppender">
      <AppenderRef ref="ServerConsole"/>
    </DeferredAppender>
  </Appenders>
  <Loggers>
    <logger name="com.dsths.common.container.listeners.ContainerClasspathListener" level="trace" additivity="false">
      <AppenderRef ref="DeferredAppender"/>
    </logger>
    <logger name="com.dsths.common.container.property" level="trace" additivity="false">
      <AppenderRef ref="DeferredAppender"/>
    </logger>
    <logger name="com.dsths.common.container.multitenant.property" level="trace" additivity="false">
      <AppenderRef ref="DeferredAppender"/>
    </logger>
    <logger name="com.dsths.common.configuration" level="error" additivity="false">
      <AppenderRef ref="DeferredAppender"/>
    </logger>
    <Root level="error">
      <AppenderRef ref="DeferredAppender"/>
    </Root>
  </Loggers>
</Configuration>
    <!-- To capture log statements before logging system is initialized -->