<?xml version="1.0" encoding="UTF-8"?>
<Configuration status="WARN" package="com.dsths.common.container.log4j2" monitorInterval="60">
  <Appenders>
    <Console name="ServerConsole" target="SYSTEM_OUT">
      <PatternLayout pattern="[%-5level] %d{yyyy-MM-dd HH:mm:ss.SSS} [%t] %c{1} - %msg%n"/>
    </Console>
    <RollingFile name="ServerFile" fileName="${sys:LOG_PATH}/server.log"
                 filePattern="${sys:LOG_PATH}/server-%d{yyyy-MM-dd}.log.gz">
      <PatternLayout pattern="[%-5level] %d{yyyy-MM-dd HH:mm:ss.SSS} [%t] %c{1} - %msg%n"/>
      <Policies>
        <TimeBasedTriggeringPolicy interval="1" modulate="true"/>
      </Policies>
    </RollingFile>
    <DeferredAppender name="DeferredAppender">
      <AppenderRef ref="ServerConsole"/>
      <AppenderRef ref="ServerFile"/>
    </DeferredAppender>
  </Appenders>
  <Loggers>
    <logger name="org.springframework.boot.actuate.endpoint.jmx" level="warn" additivity="false">
      <AppenderRef ref="ServerConsole"/>
      <AppenderRef ref="ServerFile"/>
    </logger>
    <logger name="org.springframework.boot" level="info" additivity="false">
      <AppenderRef ref="ServerConsole"/>
      <AppenderRef ref="ServerFile"/>
    </logger>
    <logger name="org.springframework.web.servlet.resource" level="info" additivity="false">
      <AppenderRef ref="ServerConsole"/>
      <AppenderRef ref="ServerFile"/>
    </logger>
    <logger name="com.sun.jersey" level="info" additivity="false">
      <AppenderRef ref="ServerConsole"/>
      <AppenderRef ref="ServerFile"/>
    </logger>
    <logger name="org.apache.jasper.servlet.TldScanner" level="info" additivity="false">
      <AppenderRef ref="ServerConsole"/>
      <AppenderRef ref="ServerFile"/>
    </logger>
    <logger name="org.apache.tomcat" level="error" additivity="false">
      <AppenderRef ref="ServerConsole"/>
      <AppenderRef ref="ServerFile"/>
    </logger>
    <logger name="org.apache.catalina" level="error" additivity="false">
      <AppenderRef ref="ServerConsole"/>
      <AppenderRef ref="ServerFile"/>
    </logger>
    <logger name="org.apache.coyote" level="warn" additivity="false">
      <AppenderRef ref="ServerConsole"/>
      <AppenderRef ref="ServerFile"/>
    </logger>
    <logger name="com.dsths.common.container" level="info" additivity="false">
      <AppenderRef ref="ServerConsole"/>
      <AppenderRef ref="ServerFile"/>
    </logger>
    <logger name="com.dsths.common.dbchgmgt" level="warn" additivity="false">
      <AppenderRef ref="ServerConsole"/>
      <AppenderRef ref="ServerFile"/>
    </logger>
    <logger name="org.apache.sshd.common.util.SecurityUtils" level="warn" additivity="false">
      <AppenderRef ref="ServerConsole"/>
      <AppenderRef ref="ServerFile"/>
    </logger>
    <logger name="com.dsths.common.container.listeners.ContainerClasspathListener" level="debug" additivity="false">
      <AppenderRef ref="DeferredAppender"/>
    </logger>
    <logger name="com.dsths.common.container.property" level="info" additivity="false">
      <AppenderRef ref="DeferredAppender"/>
    </logger>
    <logger name="com.dsths.common.container.multitenant.property" level="info" additivity="false">
      <AppenderRef ref="DeferredAppender"/>
    </logger>
    <logger name="com.dsths.common.configuration" level="info" additivity="false">
      <AppenderRef ref="DeferredAppender"/>
    </logger>
    <Root level="error">
      <AppenderRef ref="ServerFile"/>
    </Root>
  </Loggers>
</Configuration>