<?xml version="1.0" encoding="UTF-8"?>
<Configuration monitorInterval="60">
  <Properties>
    <Property name="path">${sys:LOG_PATH:-${sys:java.io.tmpdir:-/tmp}}</Property>
    <Property name="LOG_PATTERN">
      %d{yyyy-MM-dd HH:mm:ss.SSS} %-5level %pid [$${lower:${spring:spring.application.name}},%X{traceId},%X{spanId}] --- [%t] %-40.40logger{39} : %msg%n
    </Property>
  </Properties>
  <Appenders>
    <Console name="CONSOLE" target="SYSTEM_OUT">
      <PatternLayout pattern="${LOG_PATTERN}"/>
    </Console>
    <RollingFile name="FILE">
      <FileName>${path}/app.log</FileName>
      <FilePattern>${path}/$${date:yyyy-MM}/app-%d{yyyy-MM-dd-HH}-%i.log.gz</FilePattern>
      <PatternLayout pattern="${LOG_PATTERN}"/>
      <Policies>
        <TimeBasedTriggeringPolicy interval="1" modulate="true" />
        <SizeBasedTriggeringPolicy size="250 MB" />
      </Policies>
      <DefaultRolloverStrategy max="100">
        <Delete basePath="${path}" maxDepth="2">
          <IfFileName glob="*/app-*.log.gz">
            <IfLastModified age="30d">
              <IfAny>
                <IfAccumulatedFileSize exceeds="50 GB" />
                <IfAccumulatedFileCount exceeds="10" />
              </IfAny>
            </IfLastModified>
          </IfFileName>
        </Delete>
      </DefaultRolloverStrategy>
    </RollingFile>
    <Rewrite name="rewrite">
    	<AppenderRef ref="CONSOLE"/>
		<AppenderRef ref="FILE"/>
		<MaskLogInterceptor>
			<MaskPattern>^\w+@[a-zA-Z_]+?\.[a-zA-Z]{2,3}$</MaskPattern>
			<MaskPattern>\"ssn\"\s*:\s*\"(.*)\"</MaskPattern>
			<MaskPattern>password=\s*([^&amp;]*)</MaskPattern>
			<MaskPattern>username=\s*([^&amp;]*)</MaskPattern>
		</MaskLogInterceptor>
	</Rewrite>
  </Appenders>
  <Loggers>
    <logger name="org.springframework.web" level="INFO" additivity="false">
      <AppenderRef ref="rewrite"/>
    </logger>
	<logger name="com.ssnc.health" level="INFO" additivity="false">
      <AppenderRef ref="rewrite"/>
	</logger>
    <Root level="ERROR">
      <AppenderRef ref="rewrite"/>
    </Root>
  </Loggers>
</Configuration>
