{
  "properties": [
    {
      "name": "container.data-sources",
      "type": "java.util.Map<String, DataSourceProperties>",
      "description": "To define data-sources grouped by key/unique value after container.data-sources. Example: container.data-sources.<%s>.name"
    },
    {
      "name": "container.jersey.enabled",
      "type": "java.lang.Boolean",
      "description": "Flag to enable Jersey REST services configuration.",
      "defaultValue": false
    },
    {
      "name": "spring.jersey.application-path",
      "type": "java.lang.String",
      "description": "Comma-separated list of Jersey REST, mapping. Default value /secured/rest/*",
      "defaultValue": "/secured/rest/*"
    },
    {
      "name": "container.soap.enabled",
      "type": "java.lang.Boolean",
      "description": "Flag to enable JAX-WS services configuration.",
      "defaultValue": false
    },
    {
      "name": "container.soap.application-path",
      "type": "java.lang.String",
      "description": "Comma-separated list of SOAP URL mapping. Default value /secured/soap/*",
      "defaultValue": "/secured/soap/*"
    },
    {
      "name": "container.static.content.enabled",
      "type": "java.lang.Boolean",
      "description": "To enable additional static resource locations.",
      "defaultValue": false
    },
    {
      "name": "container.spring.mvc.additional.static-path-patterns",
      "type": "java.lang.String",
      "description": "Use this property to override additional static path patterns. Comma-separated list static resource locations"
    },
    {
      "name": "container.ember.index.page",
      "type": "java.lang.String",
      "description": "Custom ember index page.",
      "defaultValue": "/app/index.html"
    },
    {
      "name": "container.tenant.config.location",
      "type": "java.lang.String",
      "description": "Use this property to override the locations to search for tenant property files."
    },
    {
      "name": "container.tenant.override.bean.scope.to.tenant.scope",
      "type": "java.lang.String",
      "description": "Use this property to make given bean names to tenant scope. Comma separate list of bean names. "
    },
    {
      "name": "container.tenant.clone.bean.per.tenant",
      "type": "java.lang.String",
      "description": "Use this property to copy given bean name definition per tenant. Comma separate list of bean names. Useful for cloning liquibase or some scheduled tasks that need to run per tenant"
    },
    {
      "name": "container.tenant.name",
      "type": "java.lang.String",
      "description": "Use this property to define tenant name. This will be used as tenant identifier in url."
    },
    {
      "name": "container.tenant.config.tenant.name.pattern",
      "type": "java.lang.String",
      "description": "Use this property to override tenant name pattern. Make sure the allowed characters are valid to include in URL. Default pattern is [a-zA-Z0-9_]*"
    },
    {
      "name": "container.tenant.primary",
      "type": "java.lang.String",
      "description": "Use this property to mark a tenant primary tenant."
    },
    {
      "name": "container.tenant.active",
      "type": "java.lang.String",
      "description": "'false' will disable loading of given tenant."
    },
    {
      "name": "container.import.config.classes",
      "type": "java.lang.String",
      "description": "Use this to load application starter Java configuration class."
    },
    {
      "name": "container.contextConfigLocation",
      "type": "java.lang.String",
      "description": "Use this to load application starter context xml."
    }
  ]
}