<?xml version="1.0" encoding="UTF-8"?>
<Configuration monitorInterval="60">
  <Properties>
    <Property name="path">${sys:LOG_PATH:-${sys:java.io.tmpdir:-/tmp}}</Property>
    <Property name="LOG_PATTERN">
      [%-5level] %d{yyyy-MM-dd HH:mm:ss.SSS} [%t] %c{1} ${spring:spring.profiles.active} - %msg%n
    </Property>
  </Properties>
  <Appenders>
    <Console name="CONSOLE" target="SYSTEM_OUT">
      <PatternLayout pattern="[%-5level] %d{yyyy-MM-dd HH:mm:ss.SSS} [%t] %c{1} ${spring:spring.profiles.active} - %msg%n"/>
    </Console>
    <RollingFile name="FILE">
      <FileName>${path}/app.log</FileName>
      <FilePattern>${path}/app-%d{yyyy-MM-dd}.log</FilePattern>
      <PatternLayout pattern="${LOG_PATTERN}"/>
      <Policies>
        <TimeBasedTriggeringPolicy interval="1" modulate="true" />
      </Policies>
    </RollingFile>
  </Appenders>
  <Loggers>
    <logger name="org.springframework.web" level="debug" additivity="false">
      <AppenderRef ref="FILE"/>
    </logger>
    <logger name="com.dsths" level="info" additivity="false">
      <AppenderRef ref="FILE"/>
    </logger>
    <logger name="com.dsths.common.container.listeners" level="debug" additivity="false">
      <AppenderRef ref="CONSOLE" />
    </logger>
    <Root level="info">
      <AppenderRef ref="CONSOLE"/>
      <AppenderRef ref="FILE"/>
    </Root>
  </Loggers>
</Configuration>
